{
"type": "FeatureCollection",
"name": "streams_basins_801_802",
"crs": { "type": "name", "properties": { "name": "urn:ogc:def:crs:EPSG::3035" } },
"features": [
{ "type": "Feature", "properties": { "OBJECT_ID": "RL35042552", "NEXTDOWNID": "RL35042541", "STRAHLER": 1, "Basin": "Danube", "REX": "CH", "DFDD": "BH140", "RN_I_ID": null, "HYP": 1, "LOC": 44, "FUN": 6, "NVS": 5, "LENGTH": 2171.3701171875, "TR": "Z000690923", "LONGPATH": 2794968.0000000005, "CUM_LEN": 2171.370361328125, "PENTE": 8.1178321838378924, "CGNELIN": 350408296, "BEGLIFEVER": "2015-03-22T00:00:00", "ENDLIFEVER": null, "UPDAT_BY": "1", "UPDAT_WHEN": "2015-07-20T00:00:00", "ERM_ID": "UNK", "MC": 1, "MONOT_Z": 0, "LENGTH_GEO": 2170.3076563581503, "INSPIRE_ID": "EEA_EUHydro:RL35042552:2015-03-22", "thematicId": null, "TNODE": "NO35042801", "nameText": null, "CatchID": 44 }, "geometry": { "type": "MultiLineString", "coordinates": [ [ [ 4317487.2677001953125, 2625899.210899829864502, 2361.574900000006892 ], [ 4317508.945000171661377, 2625890.195400238037109, 2358.062200000000303 ], [ 4317530.622399806976318, 2625881.179900169372559, 2357.103300000002491 ], [ 4317552.299699783325195, 2625872.164400100708008, 2356.718599999992875 ], [ 4317573.977099895477295, 2625863.148900032043457, 2354.62390000000596 ], [ 4317595.654399871826172, 2625854.133399963378906, 2354.155499999993481 ], [ 4317619.010700225830078, 2625849.656700134277344, 2353.492199999993318 ], [ 4317642.367099761962891, 2625845.179999828338623, 2353.013699999995879 ], [ 4317665.723400115966797, 2625840.703299999237061, 2352.18739999999525 ], [ 4317689.079699993133545, 2625836.226500034332275, 2349.908999999999651 ], [ 4317712.436100006103516, 2625831.749800205230713, 2348.236399999994319 ], [ 4317735.792399883270264, 2625827.273099899291992, 2345.792799999995623 ], [ 4317754.431700229644775, 2625820.066299915313721, 2346.014699999999721 ], [ 4317773.071000099182129, 2625812.859399795532227, 2344.749200000005658 ], [ 4317791.710299968719482, 2625805.652599811553955, 2344.179099999993923 ], [ 4317810.960400104522705, 2625798.652500152587891, 2343.815199999997276 ], [ 4317830.210400104522705, 2625791.652500152587891, 2343.77719999999681 ], [ 4317849.46049976348877, 2625784.652400016784668, 2342.729999999995925 ], [ 4317868.71049976348877, 2625777.652400016784668, 2342.577399999994668 ], [ 4317874.315278694964945, 2625774.149379467591643, 2342.433907909845402 ] ] ] } },
{ "type": "Feature", "properties": { "OBJECT_ID": "RL26004083", "NEXTDOWNID": "RL26004119", "STRAHLER": 1, "Basin": "Rhine", "REX": "CH", "DFDD": "BH140", "RN_I_ID": null, "HYP": 1, "LOC": 44, "FUN": 6, "NVS": 5, "LENGTH": 935.030029296875, "TR": "NA", "LONGPATH": 1316391.375, "CUM_LEN": 935.03460693359375, "PENTE": 31.363203048706055, "CGNELIN": 260502097, "BEGLIFEVER": "2015-03-22T00:00:00", "ENDLIFEVER": null, "UPDAT_BY": "1", "UPDAT_WHEN": "2015-06-24T00:00:00", "ERM_ID": "UNK", "MC": 1, "MONOT_Z": 0, "LENGTH_GEO": 935.11587692342596, "INSPIRE_ID": "EEA_EUHydro:RL26004083:2015-03-22", "thematicId": null, "TNODE": "NO26004136", "nameText": null, "CatchID": 76 }, "geometry": { "type": "MultiLineString", "coordinates": [ [ [ 4311539.883299827575684, 2619634.794099807739258, 2521.46140000000014 ], [ 4311557.011000156402588, 2619650.914400100708008, 2508.244900000005146 ], [ 4311574.138800144195557, 2619667.0346999168396, 2498.635099999999511 ], [ 4311591.266499996185303, 2619683.154799938201904, 2496.315199999997276 ], [ 4311608.394199848175049, 2619699.275100231170654, 2493.89089999999851 ], [ 4311628.54449987411499, 2619708.947199821472168, 2492.322400000004563 ], [ 4311648.694799900054932, 2619718.619400024414062, 2489.044800000003306 ], [ 4311668.84499979019165, 2619728.291500091552734, 2482.696899999995367 ], [ 4311688.995299816131592, 2619737.963699817657471, 2476.13640000000305 ], [ 4311709.145599842071533, 2619747.635799884796143, 2468.493300000001909 ], [ 4311729.295899868011475, 2619757.307899951934814, 2464.912200000006123 ], [ 4311749.446100234985352, 2619766.980000019073486, 2461.131200000003446 ], [ 4311769.596399784088135, 2619776.652200222015381, 2456.934699999997974 ], [ 4311789.746600151062012, 2619786.324299812316895, 2449.967300000003888 ], [ 4311809.896900177001953, 2619795.996399879455566, 2444.44210000000021 ], [ 4311828.703800201416016, 2619808.08650016784668, 2441.452799999999115 ], [ 4311847.510799884796143, 2619820.176599979400635, 2437.786800000001676 ], [ 4311866.317699909210205, 2619832.266799926757812, 2432.271500000002561 ], [ 4311883.781300067901611, 2619843.685299873352051, 2430.714999999996508 ], [ 4311901.244800090789795, 2619855.103899955749512, 2415.881500000003143 ], [ 4311918.708399772644043, 2619866.522299766540527, 2400.001600000003236 ], [ 4311936.171999931335449, 2619877.940700054168701, 2398.707800000003772 ], [ 4311953.635499954223633, 2619889.359300136566162, 2398.021399999997811 ], [ 4311971.099100112915039, 2619900.777699947357178, 2393.805800000001909 ], [ 4311988.562699794769287, 2619915.554699897766113, 2387.488899999996647 ], [ 4312006.026199817657471, 2619930.331399917602539, 2369.521699999997509 ], [ 4312023.489799976348877, 2619945.108399868011475, 2358.684699999997974 ], [ 4312034.236599922180176, 2619965.258699893951416, 2351.697899999999208 ], [ 4312044.983399868011475, 2619985.408899784088135, 2338.866299999994226 ], [ 4312055.730199813842773, 2620005.559100151062012, 2309.067500000004657 ], [ 4312063.790299892425537, 2620028.731800079345703, 2290.962499999994179 ], [ 4312071.850500106811523, 2620051.904799938201904, 2289.059800000002724 ], [ 4312079.910600185394287, 2620075.077700138092041, 2282.593599999992875 ], [ 4312087.970699787139893, 2620098.250500202178955, 2271.15230000000156 ], [ 4312087.970699787139893, 2620119.744100093841553, 2262.977499999993597 ], [ 4312087.970699787139893, 2620141.23769998550415, 2254.990999999994528 ], [ 4312087.970699787139893, 2620162.731299877166748, 2247.725200000000768 ], [ 4312091.895500183105469, 2620183.261899948120117, 2242.486900000003516 ], [ 4312095.820199966430664, 2620203.792500019073486, 2238.464500000001863 ], [ 4312099.744999885559082, 2620224.323100090026855, 2235.423399999999674 ], [ 4312103.669700145721436, 2620244.853499889373779, 2232.802200000005541 ], [ 4312107.594500064849854, 2620265.384099960327148, 2230.422999999995227 ], [ 4312111.519199848175049, 2620285.914700031280518, 2228.204599999997299 ] ] ] } },
{ "type": "Feature", "properties": { "OBJECT_ID": "RL26004084", "NEXTDOWNID": "RL26004119", "STRAHLER": 1, "Basin": "Rhine", "REX": "CH", "DFDD": "BH140", "RN_I_ID": null, "HYP": 1, "LOC": 44, "FUN": 6, "NVS": 5, "LENGTH": 1100.4200439453125, "TR": "NA", "LONGPATH": 1316556.75, "CUM_LEN": 1100.4219970703125, "PENTE": 28.78394889831543, "CGNELIN": 260403513, "BEGLIFEVER": "2015-03-22T00:00:00", "ENDLIFEVER": null, "UPDAT_BY": "1", "UPDAT_WHEN": "2015-06-24T00:00:00", "ERM_ID": "UNK", "MC": 1, "MONOT_Z": 0, "LENGTH_GEO": 1101.1062558751401, "INSPIRE_ID": "EEA_EUHydro:RL26004084:2015-03-22", "thematicId": null, "TNODE": "NO26004136", "nameText": null, "CatchID": 76 }, "geometry": { "type": "MultiLineString", "coordinates": [ [ [ 4312342.83430004119873, 2619290.150000095367432, 2544.949500000002445 ], [ 4312352.38700008392334, 2619310.44950008392334, 2534.963900000002468 ], [ 4312361.939700126647949, 2619330.749000072479248, 2505.343299999993178 ], [ 4312371.492400169372559, 2619351.048500061035156, 2496.281099999992875 ], [ 4312381.045199871063232, 2619371.348000049591064, 2492.404200000004494 ], [ 4312390.597899913787842, 2619391.647500038146973, 2490.36359999999695 ], [ 4312400.150599956512451, 2619411.947199821472168, 2486.392000000007101 ], [ 4312409.703299999237061, 2619432.246600151062012, 2477.530799999993178 ], [ 4312419.25600004196167, 2619452.54610013961792, 2470.033100000000559 ], [ 4312419.25600004196167, 2619473.56220006942749, 2462.5913 ], [ 4312419.25600004196167, 2619494.578100204467773, 2455.195300000006682 ], [ 4312419.25600004196167, 2619515.594200134277344, 2448.162400000001071 ], [ 4312419.25600004196167, 2619536.610099792480469, 2441.695999999996275 ], [ 4312419.25600004196167, 2619557.626100063323975, 2435.97269999999844 ], [ 4312414.479599952697754, 2619579.119699954986572, 2430.450500000006286 ], [ 4312409.703299999237061, 2619600.613399982452393, 2424.370299999995041 ], [ 4312404.927000045776367, 2619622.106800079345703, 2412.590599999995902 ], [ 4312400.150599956512451, 2619643.600599765777588, 2402.053799999994226 ], [ 4312388.209700107574463, 2619662.705999851226807, 2396.436100000006263 ], [ 4312376.268799781799316, 2619681.811399936676025, 2396.170400000002701 ], [ 4312364.327899932861328, 2619700.916900157928467, 2392.188699999998789 ], [ 4312352.38700008392334, 2619720.022299766540527, 2388.147200000006706 ], [ 4312352.38700008392334, 2619742.710000038146973, 2381.366299999994226 ], [ 4312352.38700008392334, 2619765.397799968719482, 2374.717499999998836 ], [ 4312352.38700008392334, 2619788.085400104522705, 2368.032000000006519 ], [ 4312352.38700008392334, 2619810.773200035095215, 2361.817999999999302 ], [ 4312352.38700008392334, 2619833.460899829864502, 2356.590200000006007 ], [ 4312352.38700008392334, 2619856.148600101470947, 2352.355299999995623 ], [ 4312352.38700008392334, 2619878.836400032043457, 2348.585000000006403 ], [ 4312352.38700008392334, 2619901.52400016784668, 2345.098299999997835 ], [ 4312340.104899883270264, 2619921.994200229644775, 2339.791200000006938 ], [ 4312327.82289981842041, 2619942.464200019836426, 2328.799499999993714 ], [ 4312315.540800094604492, 2619962.934299945831299, 2300.600000000005821 ], [ 4312303.258699893951416, 2619983.404500007629395, 2297.987800000002608 ], [ 4312290.976600170135498, 2620003.87470006942749, 2297.127699999997276 ], [ 4312278.694600105285645, 2620024.344699859619141, 2294.275699999998324 ], [ 4312266.412499904632568, 2620044.814799785614014, 2287.74989999999525 ], [ 4312250.491300106048584, 2620063.920400142669678, 2279.759000000005472 ], [ 4312234.570099830627441, 2620083.025800228118896, 2271.740000000005239 ], [ 4312218.648900032043457, 2620102.131199836730957, 2264.010099999999511 ], [ 4312202.727700233459473, 2620121.236700057983398, 2256.732300000003306 ], [ 4312186.80649995803833, 2620140.342100143432617, 2251.086800000004587 ], [ 4312170.885300159454346, 2620159.447500228881836, 2245.962299999999232 ], [ 4312161.332600116729736, 2620178.552899837493896, 2242.203699999998207 ], [ 4312151.779900074005127, 2620197.658500194549561, 2239.247399999992922 ], [ 4312142.227099895477295, 2620216.763899803161621, 2235.828899999993155 ], [ 4312132.674399852752686, 2620235.869400024414062, 2233.559500000003027 ], [ 4312123.121699810028076, 2620254.974699974060059, 2231.518599999995786 ], [ 4312117.320499897003174, 2620270.444799900054932, 2229.812699999994948 ], [ 4312111.519199848175049, 2620285.914700031280518, 2228.204599999997299 ] ] ] } },
{ "type": "Feature", "properties": { "OBJECT_ID": "RL26004118", "NEXTDOWNID": "RL26004161", "STRAHLER": 1, "Basin": "Rhine", "REX": "CH", "DFDD": "BH140", "RN_I_ID": null, "HYP": 1, "LOC": 44, "FUN": 6, "NVS": 5, "LENGTH": 1016.9400024414062, "TR": "NA", "LONGPATH": 1315408.0, "CUM_LEN": 1016.93603515625, "PENTE": 31.992424011230469, "CGNELIN": 260502158, "BEGLIFEVER": "2015-03-22T00:00:00", "ENDLIFEVER": null, "UPDAT_BY": "1", "UPDAT_WHEN": "2015-06-24T00:00:00", "ERM_ID": "UNK", "MC": 1, "MONOT_Z": 0, "LENGTH_GEO": 1017.1025981404516, "INSPIRE_ID": "EEA_EUHydro:RL26004118:2015-03-22", "thematicId": null, "TNODE": "NO26004171", "nameText": null, "CatchID": 76 }, "geometry": { "type": "MultiLineString", "coordinates": [ [ [ 4311003.886099815368652, 2620477.075600147247314, 2454.338600000002771 ], [ 4311021.013800144195557, 2620490.173200130462646, 2449.392699999996694 ], [ 4311038.141600131988525, 2620503.270899772644043, 2444.671000000002095 ], [ 4311055.269299983978271, 2620516.368500232696533, 2440.005999999993946 ], [ 4311072.396999835968018, 2620529.46619987487793, 2434.420299999997951 ], [ 4311085.83050012588501, 2620549.616499900817871, 2429.782500000001164 ], [ 4311099.263999938964844, 2620569.76669979095459, 2420.412599999996019 ], [ 4311112.697500228881836, 2620589.917099952697754, 2397.47259999999369 ], [ 4311127.474400043487549, 2620607.380599975585938, 2400.157500000001164 ], [ 4311142.251200199127197, 2620624.844200134277344, 2394.416400000001886 ], [ 4311157.02810001373291, 2620642.307799816131592, 2391.100300000005518 ], [ 4311167.103300094604492, 2620662.458099842071533, 2387.656300000002375 ], [ 4311177.178400039672852, 2620682.60830020904541, 2382.001499999998487 ], [ 4311195.313700199127197, 2620697.721000194549561, 2377.395900000003166 ], [ 4311213.44890022277832, 2620712.833700180053711, 2375.509900000004563 ], [ 4311231.584199905395508, 2620727.946400165557861, 2363.764699999999721 ], [ 4311249.719399929046631, 2620743.059100151062012, 2356.960699999995995 ], [ 4311264.22760009765625, 2620758.373300075531006, 2355.150099999998929 ], [ 4311278.735799789428711, 2620773.6875, 2349.002200000002631 ], [ 4311293.243899822235107, 2620789.001800060272217, 2341.013900000005378 ], [ 4311307.752099990844727, 2620804.315899848937988, 2314.583100000003469 ], [ 4311322.260300159454346, 2620819.630199909210205, 2305.064199999993434 ], [ 4311335.962500095367432, 2620835.75029993057251, 2298.631599999993341 ], [ 4311349.664700031280518, 2620851.870500087738037, 2300.5913 ], [ 4311363.366899967193604, 2620867.990900039672852, 2294.607699999993201 ], [ 4311377.069099903106689, 2620884.111000061035156, 2293.873500000001513 ], [ 4311390.771299839019775, 2620900.231299877166748, 2290.805099999997765 ], [ 4311403.667500019073486, 2620917.15749979019165, 2285.990099999995437 ], [ 4311416.563600063323975, 2620934.083600044250488, 2280.301500000001397 ], [ 4311429.459799766540527, 2620951.009900093078613, 2273.943100000004051 ], [ 4311442.355899810791016, 2620967.936200141906738, 2265.978799999997136 ], [ 4311455.252099990844727, 2620984.862299919128418, 2253.135200000004261 ], [ 4311461.968900203704834, 2621005.012599945068359, 2248.507199999992736 ], [ 4311468.685599803924561, 2621025.162700176239014, 2235.714099999997416 ], [ 4311475.402400016784668, 2621045.313199996948242, 2211.940000000002328 ], [ 4311491.522600173950195, 2621060.425899982452393, 2193.753299999996671 ], [ 4311507.642899990081787, 2621075.53849983215332, 2192.862599999993108 ], [ 4311523.763100147247314, 2621090.651199817657471, 2190.268400000000838 ], [ 4311539.883299827575684, 2621105.763999938964844, 2183.135500000003958 ], [ 4311555.135900020599365, 2621122.331999778747559, 2177.955199999996694 ], [ 4311570.388599872589111, 2621138.900000095367432, 2170.114900000000489 ], [ 4311585.641200065612793, 2621155.467999935150146, 2160.273199999995995 ], [ 4311600.893899917602539, 2621172.035999774932861, 2150.684399999998277 ], [ 4311616.146500110626221, 2621188.604000091552734, 2142.205700000005891 ], [ 4311631.399099826812744, 2621205.171999931335449, 2135.282600000005914 ], [ 4311646.651800155639648, 2621221.739999771118164, 2131.029399999999441 ], [ 4311661.904399871826172, 2621238.308000087738037, 2128.996100000003935 ] ] ] } },
{ "type": "Feature", "properties": { "OBJECT_ID": "RL26004119", "NEXTDOWNID": "RL26004161", "STRAHLER": 2, "Basin": "Rhine", "REX": "CH", "DFDD": "BH140", "RN_I_ID": null, "HYP": 1, "LOC": 44, "FUN": 6, "NVS": 5, "LENGTH": 1065.239990234375, "TR": "Z000374641", "LONGPATH": 1315456.375, "CUM_LEN": 3100.700927734375, "PENTE": 9.3132162094116229, "CGNELIN": 260403513, "BEGLIFEVER": "2015-03-22T00:00:00", "ENDLIFEVER": null, "UPDAT_BY": "1", "UPDAT_WHEN": "2015-06-24T00:00:00", "ERM_ID": "UNK", "MC": 1, "MONOT_Z": 0, "LENGTH_GEO": 1065.8467249686139, "INSPIRE_ID": "EEA_EUHydro:RL26004119:2015-03-22", "thematicId": null, "TNODE": "NO26004171", "nameText": null, "CatchID": 76 }, "geometry": { "type": "MultiLineString", "coordinates": [ [ [ 4312111.519199848175049, 2620285.914700031280518, 2228.204599999997299 ], [ 4312102.991399765014648, 2620308.655600070953369, 2226.940400000006775 ], [ 4312094.463500022888184, 2620331.396599769592285, 2225.720799999995506 ], [ 4312089.68720006942749, 2620355.27839994430542, 2224.155199999993783 ], [ 4312084.910799980163574, 2620379.160099983215332, 2222.574500000002445 ], [ 4312080.134500026702881, 2620403.041900157928467, 2220.981700000003912 ], [ 4312075.358099937438965, 2620426.923699855804443, 2219.013500000000931 ], [ 4312070.581799983978271, 2620450.805600166320801, 2216.454299999997602 ], [ 4312065.805399894714355, 2620474.687399864196777, 2213.550099999993108 ], [ 4312059.43690013885498, 2620490.608500003814697, 2211.159199999994598 ], [ 4312053.068399906158447, 2620506.529699802398682, 2207.087799999993877 ], [ 4312046.699900150299072, 2620522.450900077819824, 2202.655100000003586 ], [ 4312030.77869987487793, 2620541.556399822235107, 2200.00350000000617 ], [ 4312014.857500076293945, 2620560.661900043487549, 2199.475200000000768 ], [ 4311998.936299800872803, 2620579.767300128936768, 2199.386199999993551 ], [ 4311986.64709997177124, 2620599.071800231933594, 2198.354699999996228 ], [ 4311974.357900142669678, 2620618.376100063323975, 2197.786800000001676 ], [ 4311962.06879997253418, 2620637.680699825286865, 2196.740399999995134 ], [ 4311949.779600143432617, 2620656.985099792480469, 2195.943100000004051 ], [ 4311937.490399837493896, 2620676.28950023651123, 2194.314299999998184 ], [ 4311925.201200008392334, 2620695.594099998474121, 2192.660799999997835 ], [ 4311916.245500087738037, 2620718.878799915313721, 2189.521399999997811 ], [ 4311907.289899826049805, 2620742.16349983215332, 2186.636599999997998 ], [ 4311898.334199905395508, 2620765.448299884796143, 2183.690100000007078 ], [ 4311891.169700145721436, 2620788.732900142669678, 2180.87510000000475 ], [ 4311884.005099773406982, 2620812.0177001953125, 2178.512799999996787 ], [ 4311876.84060001373291, 2620835.302499771118164, 2176.483500000002095 ], [ 4311869.67609977722168, 2620858.587399959564209, 2173.93409999999858 ], [ 4311862.511499881744385, 2620881.872000217437744, 2170.450800000005984 ], [ 4311855.347000122070312, 2620905.156799793243408, 2167.080400000006193 ], [ 4311846.391300201416016, 2620924.859399795532227, 2163.302899999995134 ], [ 4311837.435599803924561, 2620944.56190013885498, 2158.879400000005262 ], [ 4311828.479899883270264, 2620964.264299869537354, 2156.370999999999185 ], [ 4311816.539000034332275, 2620985.757900238037109, 2152.085000000006403 ], [ 4311804.598100185394287, 2621007.251599788665771, 2149.288400000004913 ], [ 4311792.657199859619141, 2621028.745299816131592, 2146.932700000004843 ], [ 4311780.716300010681152, 2621050.238900184631348, 2145.367899999997462 ], [ 4311768.775400161743164, 2621071.732399940490723, 2144.416700000001583 ], [ 4311756.834499835968018, 2621093.22599983215332, 2144.107399999993504 ], [ 4311744.893599987030029, 2621114.719699859619141, 2143.775299999993877 ], [ 4311732.952700138092041, 2621136.213300228118896, 2142.845400000005611 ], [ 4311721.011799812316895, 2621157.706999778747559, 2141.116399999998976 ], [ 4311706.235000133514404, 2621177.8572998046875, 2139.127200000002631 ], [ 4311691.458099842071533, 2621198.007500171661377, 2136.027100000006612 ], [ 4311676.681300163269043, 2621218.157800197601318, 2133.497099999993225 ], [ 4311661.904399871826172, 2621238.308000087738037, 2128.996100000003935 ] ] ] } },
{ "type": "Feature", "properties": { "OBJECT_ID": "RL26004153", "NEXTDOWNID": "RL26004216", "STRAHLER": 1, "Basin": "Rhine", "REX": "CH", "DFDD": "BH140", "RN_I_ID": null, "HYP": 1, "LOC": 44, "FUN": 6, "NVS": 5, "LENGTH": 1602.1500244140625, "TR": "Z000374520", "LONGPATH": 1323879.375, "CUM_LEN": 1602.1539306640625, "PENTE": 25.848615646362305, "CGNELIN": 260403518, "BEGLIFEVER": "2015-03-22T00:00:00", "ENDLIFEVER": null, "UPDAT_BY": "1", "UPDAT_WHEN": "2015-06-24T00:00:00", "ERM_ID": "UNK", "MC": 1, "MONOT_Z": 0, "LENGTH_GEO": 1601.7027309194955, "INSPIRE_ID": "EEA_EUHydro:RL26004153:2015-03-22", "thematicId": null, "TNODE": "NO26004207", "nameText": null, "CatchID": 76 }, "geometry": { "type": "MultiLineString", "coordinates": [ [ [ 4314265.736999988555908, 2621561.700500011444092, 2590.62039999999979 ], [ 4314270.177299976348877, 2621539.498899936676025, 2588.988200000007055 ], [ 4314274.617599964141846, 2621517.297599792480469, 2583.484899999995832 ], [ 4314279.057899951934814, 2621495.096099853515625, 2584.412299999996321 ], [ 4314283.498199939727783, 2621472.894599914550781, 2578.993499999996857 ], [ 4314297.707099914550781, 2621462.237800121307373, 2570.837899999998626 ], [ 4314311.916100025177002, 2621451.581099987030029, 2569.0337 ], [ 4314326.125, 2621440.924399852752686, 2560.044999999998254 ], [ 4314347.438399791717529, 2621432.635900020599365, 2552.890299999999115 ], [ 4314368.751900196075439, 2621424.347400188446045, 2547.017500000001746 ], [ 4314390.065299987792969, 2621416.058800220489502, 2538.763999999995576 ], [ 4314407.826499938964844, 2621403.033899784088135, 2533.583499999993364 ], [ 4314425.587600231170654, 2621390.008999824523926, 2520.134399999995367 ], [ 4314443.348800182342529, 2621376.984000205993652, 2512.415800000002491 ], [ 4314450.453299999237061, 2621355.67080020904541, 2505.678700000004028 ], [ 4314457.557799816131592, 2621334.357399940490723, 2495.27730000000156 ], [ 4314464.662300109863281, 2621313.043900012969971, 2477.625899999999092 ], [ 4314478.871200084686279, 2621298.835000038146973, 2484.678799999994226 ], [ 4314493.0802001953125, 2621284.625999927520752, 2473.954100000002654 ], [ 4314507.289100170135498, 2621270.417099952697754, 2462.142000000007101 ], [ 4314525.938300132751465, 2621266.864999771118164, 2455.679000000003725 ], [ 4314544.587600231170654, 2621263.312600135803223, 2450.904699999999139 ], [ 4314563.236800193786621, 2621259.76039981842041, 2443.50810000000638 ], [ 4314581.886000156402588, 2621256.208199977874756, 2432.131299999993644 ], [ 4314601.778500080108643, 2621261.89169979095459, 2423.901700000002165 ], [ 4314621.671000003814697, 2621267.575399875640869, 2423.067999999999302 ], [ 4314641.563600063323975, 2621273.258800029754639, 2418.687300000005052 ], [ 4314661.456099987030029, 2621278.942399978637695, 2408.611399999994319 ], [ 4314681.348599910736084, 2621284.625999927520752, 2394.475000000005821 ], [ 4314703.550099849700928, 2621291.730500221252441, 2391.148600000000442 ], [ 4314725.751599788665771, 2621298.835000038146973, 2386.827000000004773 ], [ 4314747.953000068664551, 2621305.939499855041504, 2377.095300000000861 ], [ 4314770.154500007629395, 2621313.043900012969971, 2368.805500000002212 ], [ 4314794.132100105285645, 2621317.484300136566162, 2369.115900000004331 ], [ 4314818.109700202941895, 2621321.924499988555908, 2366.029500000004191 ], [ 4314842.087299823760986, 2621326.3649001121521, 2361.353400000007241 ], [ 4314866.064899921417236, 2621330.805099964141846, 2356.474100000006729 ], [ 4314883.826099872589111, 2621340.277699947357178, 2355.350300000005518 ], [ 4314901.587299823760986, 2621349.750500202178955, 2352.494999999995343 ], [ 4314919.348499774932861, 2621359.223000049591064, 2348.20690000000468 ], [ 4314932.669400215148926, 2621376.096199989318848, 2346.688500000003842 ], [ 4314945.990200042724609, 2621392.969200134277344, 2343.260899999993853 ], [ 4314959.311100006103516, 2621409.842299938201904, 2339.366200000004028 ], [ 4314972.631999969482422, 2621426.715499877929688, 2333.276199999992969 ], [ 4314985.656899929046631, 2621442.108500003814697, 2330.143800000005285 ], [ 4314998.681700229644775, 2621457.501599788665771, 2326.053199999994831 ], [ 4315011.706600189208984, 2621472.894599914550781, 2322.209400000007008 ], [ 4315031.243899822235107, 2621481.775100231170654, 2318.2271999999939 ], [ 4315050.781199932098389, 2621490.655700206756592, 2311.146900000007008 ], [ 4315070.910500049591064, 2621487.103499889373779, 2304.539099999994505 ], [ 4315091.039899826049805, 2621483.551300048828125, 2303.504000000000815 ], [ 4315111.16919994354248, 2621479.999000072479248, 2296.29330000000482 ], [ 4315133.370699882507324, 2621479.999000072479248, 2294.26600000000326 ], [ 4315155.572199821472168, 2621479.999000072479248, 2290.06710000000021 ], [ 4315177.773600101470947, 2621479.999000072479248, 2283.114199999996345 ], [ 4315199.975100040435791, 2621479.999000072479248, 2278.843500000002678 ], [ 4315222.472599983215332, 2621482.367199897766113, 2276.086100000000442 ], [ 4315244.970099925994873, 2621484.735400199890137, 2271.758199999996577 ], [ 4315267.467599868774414, 2621487.103499889373779, 2267.067800000004354 ], [ 4315281.676599979400635, 2621502.200500011444092, 2263.619999999995343 ], [ 4315295.885499954223633, 2621517.297599792480469, 2258.018599999995786 ], [ 4315310.094500064849854, 2621532.394599914550781, 2248.949399999997695 ], [ 4315324.303400039672852, 2621547.491499900817871, 2244.822799999994459 ], [ 4315339.696400165557861, 2621565.252699851989746, 2239.536200000002282 ], [ 4315355.089399814605713, 2621583.013899803161621, 2231.756899999993038 ], [ 4315370.482399940490723, 2621600.775100231170654, 2211.410799999997835 ], [ 4315387.059500217437744, 2621617.352099895477295, 2198.227599999998347 ], [ 4315403.636600017547607, 2621633.929200172424316, 2196.297999999995227 ], [ 4315420.213699817657471, 2621650.506400108337402, 2195.42269999999553 ], [ 4315433.23859977722168, 2621663.531300067901611, 2193.935200000007171 ], [ 4315446.263400077819824, 2621676.556000232696533, 2191.708599999998114 ], [ 4315459.288300037384033, 2621689.580999851226807, 2187.007700000001932 ], [ 4315470.522900104522705, 2621705.813899993896484, 2184.149000000004889 ], [ 4315481.757400035858154, 2621722.046999931335449, 2181.052999999999884 ], [ 4315492.992000102996826, 2621738.279799938201904, 2178.370299999995041 ], [ 4315504.226500034332275, 2621754.512899875640869, 2176.485799999994924 ] ] ] } },
{ "type": "Feature", "properties": { "OBJECT_ID": "RL26004154", "NEXTDOWNID": "RL26004216", "STRAHLER": 1, "Basin": "Rhine", "REX": "CH", "DFDD": "BH140", "RN_I_ID": null, "HYP": 1, "LOC": 44, "FUN": 6, "NVS": 5, "LENGTH": 1865.0899658203125, "TR": "NA", "LONGPATH": 1324142.375, "CUM_LEN": 1865.09033203125, "PENTE": 20.920654296875, "CGNELIN": 260302450, "BEGLIFEVER": "2015-03-22T00:00:00", "ENDLIFEVER": null, "UPDAT_BY": "1", "UPDAT_WHEN": "2015-06-24T00:00:00", "ERM_ID": "UNK", "MC": 1, "MONOT_Z": 0, "LENGTH_GEO": 1866.2697448050139, "INSPIRE_ID": "EEA_EUHydro:RL26004154:2015-03-22", "thematicId": null, "TNODE": "NO26004207", "nameText": null, "CatchID": 76 }, "geometry": { "type": "MultiLineString", "coordinates": [ [ [ 4314931.091700077056885, 2620093.814799785614014, 2566.674899999998161 ], [ 4314928.438300132751465, 2620115.042099952697754, 2561.814499999993131 ], [ 4314925.784900188446045, 2620136.269199848175049, 2557.262600000001839 ], [ 4314923.131499767303467, 2620157.496600151062012, 2553.725800000000163 ], [ 4314920.478099822998047, 2620178.723700046539307, 2550.085099999996601 ], [ 4314917.824699878692627, 2620199.950900077819824, 2546.898000000001048 ], [ 4314915.171299934387207, 2620221.178100109100342, 2544.117400000002817 ], [ 4314916.442699909210205, 2620244.782400131225586, 2540.687999999994645 ], [ 4314917.714099884033203, 2620268.386499881744385, 2536.640100000004168 ], [ 4314918.985599994659424, 2620291.990900039672852, 2532.121400000003632 ], [ 4314920.256999969482422, 2620315.595099925994873, 2527.457800000003772 ], [ 4314921.52839994430542, 2620339.199299812316895, 2522.300700000007055 ], [ 4314922.799799919128418, 2620362.803500175476074, 2516.987999999997555 ], [ 4314924.071300029754639, 2620386.407800197601318, 2512.278200000000652 ], [ 4314925.342700004577637, 2620410.01200008392334, 2508.219100000002072 ], [ 4314926.614099979400635, 2620433.616099834442139, 2502.198099999994156 ], [ 4314932.58430004119873, 2620453.765399932861328, 2499.107999999992899 ], [ 4314938.554399967193604, 2620473.914599895477295, 2497.956000000005588 ], [ 4314944.524600028991699, 2620494.063899993896484, 2497.0396999999939 ], [ 4314950.494699954986572, 2620514.213300228118896, 2494.019599999999627 ], [ 4314956.464900016784668, 2620534.362500190734863, 2486.183099999994738 ], [ 4314962.434999942779541, 2620554.511799812316895, 2476.286500000001979 ], [ 4314962.434999942779541, 2620574.661099910736084, 2465.446700000000419 ], [ 4314962.434999942779541, 2620594.810299873352051, 2453.909700000003795 ], [ 4314962.434999942779541, 2620614.959499835968018, 2438.022500000006403 ], [ 4314962.434999942779541, 2620635.108799934387207, 2391.616599999993923 ], [ 4314962.434999942779541, 2620655.258200168609619, 2386.077499999999418 ], [ 4314962.434999942779541, 2620675.40749979019165, 2384.62159999999858 ], [ 4314962.434999942779541, 2620695.556700229644775, 2381.475600000005215 ], [ 4314962.434999942779541, 2620715.705999851226807, 2377.297099999996135 ], [ 4314966.912600040435791, 2620739.213500022888184, 2373.507400000002235 ], [ 4314971.390299797058105, 2620762.721000194549561, 2363.859800000005635 ], [ 4314975.867899894714355, 2620786.228300094604492, 2355.42170000000624 ], [ 4314980.345499992370605, 2620809.735799789428711, 2349.815400000006775 ], [ 4314983.703700065612793, 2620828.765699863433838, 2346.484500000005937 ], [ 4314987.06190013885498, 2620847.795700073242188, 2343.91030000000319 ], [ 4314990.420100212097168, 2620866.825500011444092, 2342.199600000007194 ], [ 4314993.778299808502197, 2620885.855299949645996, 2340.882100000002538 ], [ 4315003.373199939727783, 2620905.684700012207031, 2339.37149999999383 ], [ 4315012.968100070953369, 2620925.514200210571289, 2338.746199999994133 ], [ 4315022.563000202178955, 2620945.343599796295166, 2340.035699999993085 ], [ 4315032.157899856567383, 2620965.173099994659424, 2340.569199999998091 ], [ 4315041.752799987792969, 2620985.002500057220459, 2340.52379999999539 ], [ 4315051.347700119018555, 2621004.832099914550781, 2341.43300000000454 ], [ 4315060.942599773406982, 2621024.661399841308594, 2340.530899999997928 ], [ 4315074.375400066375732, 2621045.130499839782715, 2341.64879999999539 ], [ 4315087.808300018310547, 2621065.599699974060059, 2340.19890000000305 ], [ 4315101.241099834442139, 2621086.06879997253418, 2340.177800000004936 ], [ 4315114.673999786376953, 2621106.537700176239014, 2340.152600000001257 ], [ 4315128.106800079345703, 2621127.006899833679199, 2340.7644 ], [ 4315141.539700031280518, 2621147.47599983215332, 2339.533299999995506 ], [ 4315154.972499847412109, 2621167.945099830627441, 2336.3174 ], [ 4315172.882999897003174, 2621181.378099918365479, 2333.941399999996065 ], [ 4315190.793499946594238, 2621194.810800075531006, 2330.796000000002095 ], [ 4315208.70389986038208, 2621208.24370002746582, 2327.016699999992852 ], [ 4315226.614399909973145, 2621221.676499843597412, 2321.749800000005052 ], [ 4315247.083499908447266, 2621231.271399974822998, 2317.906199999997625 ], [ 4315267.552599906921387, 2621240.866300106048584, 2311.296199999997043 ], [ 4315288.021699905395508, 2621250.461299896240234, 2297.700200000006589 ], [ 4315308.490799903869629, 2621260.056000232696533, 2297.285000000003492 ], [ 4315328.95989990234375, 2621269.651000022888184, 2296.076799999995274 ], [ 4315349.428999900817871, 2621279.245800018310547, 2295.553199999994831 ], [ 4315369.898099899291992, 2621288.840799808502197, 2293.623500000001513 ], [ 4315372.883200168609619, 2621308.24370002746582, 2291.157500000001164 ], [ 4315375.868199825286865, 2621327.64680004119873, 2287.345000000001164 ], [ 4315378.853300094604492, 2621347.049799919128418, 2283.375199999994948 ], [ 4315384.450300216674805, 2621366.079699993133545, 2279.582500000004075 ], [ 4315390.047399997711182, 2621385.109600067138672, 2275.627299999992829 ], [ 4315395.644400119781494, 2621404.139299869537354, 2271.604200000001583 ], [ 4315401.241399765014648, 2621423.169300079345703, 2267.321100000001024 ], [ 4315404.226500034332275, 2621442.572299957275391, 2262.383700000005774 ], [ 4315407.21150016784668, 2621461.975200176239014, 2256.99199999999837 ], [ 4315410.196599960327148, 2621481.378200054168701, 2251.630300000004354 ], [ 4315420.94290018081665, 2621500.184199810028076, 2245.795700000002398 ], [ 4315431.689199924468994, 2621518.990200042724609, 2239.834400000007008 ], [ 4315442.435400009155273, 2621537.79610013961792, 2233.815799999996671 ], [ 4315453.181700229644775, 2621556.602099895477295, 2226.445699999996577 ], [ 4315463.927999973297119, 2621575.408100128173828, 2208.897899999996298 ], [ 4315471.763800144195557, 2621597.796199798583984, 2198.655299999998533 ], [ 4315479.599699974060059, 2621620.184299945831299, 2195.115300000004936 ], [ 4315487.435500144958496, 2621642.572400093078613, 2191.983200000002398 ], [ 4315495.271299839019775, 2621664.96049976348877, 2189.138200000001234 ], [ 4315497.5100998878479, 2621687.348599910736084, 2184.548899999994319 ], [ 4315499.748899936676025, 2621709.736700057983398, 2180.96480000000156 ], [ 4315501.98769998550415, 2621732.124800205230713, 2178.513399999996182 ], [ 4315504.226500034332275, 2621754.512899875640869, 2176.485799999994924 ] ] ] } },
{ "type": "Feature", "properties": { "OBJECT_ID": "RL26004157", "NEXTDOWNID": "RL26004217", "STRAHLER": 1, "Basin": "Rhine", "REX": "CH", "DFDD": "BH140", "RN_I_ID": null, "HYP": 1, "LOC": 44, "FUN": 6, "NVS": 5, "LENGTH": 1475.27001953125, "TR": "NA", "LONGPATH": 1323831.375, "CUM_LEN": 1475.273193359375, "PENTE": 24.514368057250977, "CGNELIN": 260302461, "BEGLIFEVER": "2015-03-22T00:00:00", "ENDLIFEVER": null, "UPDAT_BY": "1", "UPDAT_WHEN": "2015-06-24T00:00:00", "ERM_ID": "UNK", "MC": 1, "MONOT_Z": 0, "LENGTH_GEO": 1475.1203153069193, "INSPIRE_ID": "EEA_EUHydro:RL26004157:2015-03-22", "thematicId": null, "TNODE": "NO26004212", "nameText": null, "CatchID": 76 }, "geometry": { "type": "MultiLineString", "coordinates": [ [ [ 4316924.252699851989746, 2620914.959799766540527, 2539.421400000006543 ], [ 4316910.260200023651123, 2620933.429999828338623, 2536.163199999995413 ], [ 4316896.267600059509277, 2620951.900100231170654, 2533.901100000002771 ], [ 4316882.275100231170654, 2620970.370399951934814, 2530.392300000006799 ], [ 4316868.28249979019165, 2620988.840499877929688, 2525.851899999994203 ], [ 4316854.289999961853027, 2621007.310599803924561, 2514.803599999999278 ], [ 4316840.297399997711182, 2621025.780799865722656, 2498.23859999999695 ], [ 4316824.849599838256836, 2621043.243500232696533, 2496.368400000006659 ], [ 4316809.401800155639648, 2621060.706200122833252, 2494.964600000006612 ], [ 4316793.954100131988525, 2621078.168900012969971, 2494.735300000000279 ], [ 4316778.50629997253418, 2621095.631599903106689, 2491.471099999995204 ], [ 4316763.058499813079834, 2621113.094299793243408, 2485.797800000000279 ], [ 4316742.909200191497803, 2621124.60830020904541, 2480.004199999995762 ], [ 4316722.760000228881836, 2621136.122000217437744, 2472.854200000001583 ], [ 4316702.610700130462646, 2621147.635900020599365, 2465.142200000002049 ], [ 4316682.461400032043457, 2621159.149899959564209, 2456.789900000003399 ], [ 4316662.312099933624268, 2621170.66379976272583, 2449.122099999993225 ], [ 4316642.162899971008301, 2621182.177499771118164, 2441.672099999996135 ], [ 4316622.013599872589111, 2621193.691500186920166, 2433.506399999998393 ], [ 4316606.062099933624268, 2621210.482500076293945, 2425.76140000000305 ], [ 4316590.110599994659424, 2621227.273600101470947, 2420.095600000000559 ], [ 4316574.15910005569458, 2621244.064599990844727, 2407.552299999995739 ], [ 4316558.207600116729736, 2621260.855700016021729, 2397.641099999993457 ], [ 4316539.737400054931641, 2621270.930300235748291, 2397.009600000004866 ], [ 4316521.267300128936768, 2621281.004899978637695, 2394.127900000006775 ], [ 4316502.797100067138672, 2621291.079699993133545, 2389.06359999999404 ], [ 4316484.326900005340576, 2621301.154300212860107, 2382.618199999997159 ], [ 4316467.535799980163574, 2621315.706399917602539, 2377.254700000004959 ], [ 4316450.744800090789795, 2621330.258699893951416, 2373.728600000002189 ], [ 4316433.953700065612793, 2621344.810999870300293, 2371.059500000003027 ], [ 4316418.282100200653076, 2621354.885600090026855, 2369.446899999995367 ], [ 4316402.610400199890137, 2621364.960299968719482, 2367.986600000003818 ], [ 4316386.938799858093262, 2621375.034900188446045, 2367.094599999996717 ], [ 4316362.591800212860107, 2621375.034900188446045, 2364.769100000004983 ], [ 4316338.244699954986572, 2621375.034900188446045, 2361.062300000005052 ], [ 4316313.89769983291626, 2621375.034900188446045, 2356.601299999994808 ], [ 4316289.550600051879883, 2621375.034900188446045, 2350.899499999999534 ], [ 4316268.058000087738037, 2621380.407899856567383, 2344.505099999994854 ], [ 4316246.565499782562256, 2621385.781099796295166, 2336.948499999998603 ], [ 4316225.07289981842041, 2621391.154300212860107, 2316.119300000005751 ], [ 4316203.580399990081787, 2621396.527400016784668, 2299.558600000003935 ], [ 4316182.087800025939941, 2621401.900499820709229, 2294.608800000001793 ], [ 4316167.815400123596191, 2621415.333399772644043, 2292.586599999995087 ], [ 4316153.543000221252441, 2621428.766300201416016, 2287.180800000001909 ], [ 4316139.270599842071533, 2621442.19920015335083, 2278.78979999999865 ], [ 4316124.998199939727783, 2621455.631899833679199, 2272.581300000005285 ], [ 4316112.908599853515625, 2621473.094600200653076, 2267.924100000003818 ], [ 4316100.819099903106689, 2621490.557300090789795, 2262.665900000007241 ], [ 4316088.729499816894531, 2621508.019999980926514, 2256.842300000003888 ], [ 4316076.639999866485596, 2621525.482699871063232, 2251.215599999995902 ], [ 4316064.550399780273438, 2621542.945400238037109, 2244.531099999992875 ], [ 4316048.878799915313721, 2621553.019999980926514, 2238.600200000000768 ], [ 4316033.207099914550781, 2621563.094699859619141, 2232.332500000004075 ], [ 4316017.535500049591064, 2621573.169300079345703, 2227.181800000005751 ], [ 4316004.774300098419189, 2621588.617199897766113, 2222.744099999996251 ], [ 4315992.013100147247314, 2621604.064899921417236, 2218.646099999998114 ], [ 4315979.251800060272217, 2621619.512599945068359, 2212.191800000000512 ], [ 4315966.490600109100342, 2621634.960400104522705, 2200.579800000006799 ], [ 4315953.729400157928467, 2621650.408199787139893, 2198.270799999998417 ], [ 4315948.356299877166748, 2621671.229100227355957, 2197.712899999998626 ], [ 4315942.983099937438965, 2621692.050099849700928, 2197.850600000005215 ], [ 4315937.610000133514404, 2621712.871099948883057, 2197.102700000003097 ], [ 4315932.236800193786621, 2621733.69189977645874, 2193.534299999999348 ], [ 4315926.863699913024902, 2621754.512899875640869, 2190.417300000000978 ], [ 4315915.445799827575684, 2621771.303899765014648, 2186.979699999996228 ], [ 4315904.027900218963623, 2621788.09499979019165, 2184.164900000003399 ], [ 4315892.609899997711182, 2621804.886000156402588, 2181.598599999997532 ], [ 4315881.191999912261963, 2621821.677000045776367, 2179.85460000000603 ], [ 4315869.774099826812744, 2621838.468100070953369, 2177.767500000001746 ] ] ] } },
{ "type": "Feature", "properties": { "OBJECT_ID": "RL26004161", "NEXTDOWNID": "RL26004187", "STRAHLER": 2, "Basin": "Rhine", "REX": "CH", "DFDD": "BH140", "RN_I_ID": null, "HYP": 1, "LOC": 44, "FUN": 6, "NVS": 5, "LENGTH": 1205.81005859375, "TR": "Z000374378", "LONGPATH": 1314391.125, "CUM_LEN": 5323.451171875, "PENTE": 8.1367416381835938, "CGNELIN": 260403513, "BEGLIFEVER": "2015-03-22T00:00:00", "ENDLIFEVER": null, "UPDAT_BY": "1", "UPDAT_WHEN": "2015-06-24T00:00:00", "ERM_ID": "UNK", "MC": 1, "MONOT_Z": 0, "LENGTH_GEO": 1205.5002312659888, "INSPIRE_ID": "EEA_EUHydro:RL26004161:2015-03-22", "thematicId": null, "TNODE": "NO26004217", "nameText": null, "CatchID": 76 }, "geometry": { "type": "MultiLineString", "coordinates": [ [ [ 4311661.904399871826172, 2621238.308000087738037, 2128.996100000003935 ], [ 4311651.157599925994873, 2621256.219299793243408, 2127.201600000000326 ], [ 4311640.410699844360352, 2621274.130599975585938, 2124.275200000003679 ], [ 4311629.663899898529053, 2621292.042099952697754, 2121.41710000000603 ], [ 4311613.543700218200684, 2621302.78879976272583, 2117.440600000001723 ], [ 4311597.423500061035156, 2621313.535500049591064, 2106.252399999997579 ], [ 4311581.303299903869629, 2621324.28249979019165, 2099.985499999995227 ], [ 4311565.18310022354126, 2621335.029300212860107, 2098.810899999996764 ], [ 4311547.527599811553955, 2621351.149400234222412, 2098.937999999994645 ], [ 4311529.872099876403809, 2621367.269700050354004, 2096.80449999999837 ], [ 4311512.216599941253662, 2621383.389999866485596, 2094.001000000003842 ], [ 4311494.561200141906738, 2621399.5100998878479, 2093.938899999993737 ], [ 4311476.905700206756592, 2621415.63040018081665, 2093.491699999998673 ], [ 4311459.250199794769287, 2621431.750699996948242, 2093.353700000006938 ], [ 4311441.594699859619141, 2621447.870800018310547, 2092.582800000003772 ], [ 4311427.265600204467773, 2621468.170400142669678, 2092.132199999992736 ], [ 4311412.936500072479248, 2621488.46999979019165, 2089.47259999999369 ], [ 4311398.607500076293945, 2621508.769499778747559, 2087.120899999994435 ], [ 4311384.27839994430542, 2621529.068999767303467, 2083.36019999999553 ], [ 4311369.949299812316895, 2621549.368500232696533, 2079.399499999999534 ], [ 4311355.620200157165527, 2621569.668000221252441, 2075.374700000000303 ], [ 4311341.291200160980225, 2621589.96750020980835, 2071.552500000005239 ], [ 4311326.962100028991699, 2621610.267199993133545, 2068.235300000000279 ], [ 4311312.632999897003174, 2621630.566699981689453, 2066.599400000006426 ], [ 4311293.826099872589111, 2621644.000100135803223, 2065.37159999999858 ], [ 4311275.019199848175049, 2621657.433599948883057, 2064.135399999999208 ], [ 4311256.212299823760986, 2621670.867199897766113, 2062.734500000005937 ], [ 4311237.405300140380859, 2621684.300600051879883, 2060.802899999995134 ], [ 4311218.598400115966797, 2621697.734000205993652, 2058.74890000000596 ], [ 4311199.791500091552734, 2621711.167699813842773, 2056.788899999999558 ], [ 4311180.686100006103516, 2621726.093800067901611, 2054.710399999996298 ], [ 4311161.580599784851074, 2621741.019899845123291, 2053.259799999999814 ], [ 4311142.475200176239014, 2621755.946100234985352, 2052.563200000004144 ], [ 4311123.369699954986572, 2621770.872200012207031, 2050.626999999993131 ], [ 4311104.264299869537354, 2621785.798299789428711, 2048.342699999993783 ], [ 4311085.15880012512207, 2621800.724500179290771, 2046.401100000002771 ], [ 4311066.053400039672852, 2621815.650499820709229, 2045.406000000002678 ], [ 4311046.94789981842041, 2621830.576700210571289, 2044.93409999999858 ], [ 4311027.84250020980835, 2621845.502900123596191, 2044.152000000001863 ], [ 4311006.348899841308594, 2621852.411600112915039, 2043.589300000006915 ], [ 4310984.855199813842773, 2621859.320099830627441, 2043.642000000007101 ], [ 4310963.361599922180176, 2621866.228899955749512, 2042.6591000000044 ], [ 4310941.868000030517578, 2621873.137400150299072, 2041.79330000000482 ], [ 4310920.37440013885498, 2621880.04610013961792, 2041.557100000005448 ], [ 4310898.88070011138916, 2621886.954800128936768, 2040.206999999994878 ], [ 4310877.387100219726562, 2621893.863399982452393, 2039.597200000003795 ], [ 4310855.893499851226807, 2621901.539700031280518, 2039.247799999997369 ], [ 4310834.399899959564209, 2621909.216000080108643, 2038.534299999999348 ], [ 4310812.906300067901611, 2621916.892399787902832, 2037.527000000001863 ], [ 4310791.412600040435791, 2621924.568699836730957, 2036.25 ], [ 4310769.919000148773193, 2621932.244999885559082, 2034.648000000001048 ], [ 4310748.425399780273438, 2621939.921199798583984, 2032.595600000000559 ], [ 4310726.93179988861084, 2621947.597499847412109, 2030.882100000002538 ] ] ] } },
{ "type": "Feature", "properties": { "OBJECT_ID": "RL26004176", "NEXTDOWNID": "RL26004217", "STRAHLER": 1, "Basin": "Rhine", "REX": "CH", "DFDD": "BH140", "RN_I_ID": null, "HYP": 1, "LOC": 44, "FUN": 6, "NVS": 5, "LENGTH": 1560.8599853515625, "TR": "NA", "LONGPATH": 1323917.0, "CUM_LEN": 1842.8665771484375, "PENTE": 21.172630310058594, "CGNELIN": 260200588, "BEGLIFEVER": "2015-03-22T00:00:00", "ENDLIFEVER": null, "UPDAT_BY": "1", "UPDAT_WHEN": "2015-06-24T00:00:00", "ERM_ID": "UNK", "MC": 1, "MONOT_Z": 0, "LENGTH_GEO": 1559.8637472228565, "INSPIRE_ID": "EEA_EUHydro:RL26004176:2015-03-22", "thematicId": null, "TNODE": "NO26004212", "nameText": null, "CatchID": 76 }, "geometry": { "type": "MultiLineString", "coordinates": [ [ [ 4317278.176700115203857, 2622265.009600162506104, 2508.243300000001909 ], [ 4317268.613699913024902, 2622245.687699794769287, 2505.553700000004028 ], [ 4317259.050700187683105, 2622226.365900039672852, 2501.240699999994831 ], [ 4317249.487599849700928, 2622207.044000148773193, 2498.962799999993877 ], [ 4317239.924600124359131, 2622187.7221999168396, 2494.972099999999045 ], [ 4317224.252900123596191, 2622169.811600208282471, 2495.7644 ], [ 4317208.581299781799316, 2622151.901199817657471, 2492.308600000003935 ], [ 4317192.909599781036377, 2622133.990799903869629, 2488.521599999992759 ], [ 4317172.760300159454346, 2622129.513100147247314, 2483.61699999999837 ], [ 4317152.611100196838379, 2622125.035500049591064, 2478.315499999996973 ], [ 4317132.461800098419189, 2622120.558000087738037, 2472.485799999994924 ], [ 4317110.633399963378906, 2622118.878799915313721, 2466.550700000007055 ], [ 4317088.805099964141846, 2622117.199699878692627, 2461.164499999998952 ], [ 4317066.976699829101562, 2622115.520699977874756, 2456.812099999995553 ], [ 4317045.148300170898438, 2622113.841599941253662, 2451.590299999996205 ], [ 4317020.521399974822998, 2622116.080299854278564, 2449.08980000000156 ], [ 4316995.894499778747559, 2622118.319099903106689, 2446.900399999998626 ], [ 4316971.267600059509277, 2622120.558000087738037, 2442.207399999999325 ], [ 4316948.879499912261963, 2622114.960899829864502, 2437.724799999996321 ], [ 4316926.491499900817871, 2622109.363900184631348, 2431.501799999998184 ], [ 4316904.103400230407715, 2622103.766799926757812, 2425.907699999996112 ], [ 4316886.472799777984619, 2622092.013100147247314, 2423.705400000006193 ], [ 4316868.842199802398682, 2622080.259300231933594, 2403.735100000005332 ], [ 4316851.21150016784668, 2622068.505599975585938, 2397.331999999994878 ], [ 4316833.580900192260742, 2622056.751900196075439, 2396.785900000002584 ], [ 4316819.02869987487793, 2622042.199600219726562, 2396.815300000002026 ], [ 4316804.476399898529053, 2622027.647299766540527, 2394.814499999993131 ], [ 4316789.924200057983398, 2622013.095200061798096, 2392.424599999998463 ], [ 4316765.297299861907959, 2622009.736899852752686, 2389.704899999996996 ], [ 4316740.670400142669678, 2622006.378799915313721, 2387.342799999998533 ], [ 4316716.043499946594238, 2622003.020599842071533, 2385.081399999995483 ], [ 4316697.013599872589111, 2622008.617499828338623, 2383.07060000000638 ], [ 4316677.983799934387207, 2622014.214600086212158, 2381.523000000001048 ], [ 4316658.95389986038208, 2622019.811500072479248, 2380.877099999997881 ], [ 4316635.446400165557861, 2622021.490600109100342, 2379.123500000001513 ], [ 4316611.939000129699707, 2622023.1697998046875, 2376.224199999996927 ], [ 4316588.43149995803833, 2622024.848800182342529, 2373.424199999994016 ], [ 4316564.923999786376953, 2622026.527999877929688, 2369.544899999993504 ], [ 4316544.774700164794922, 2622016.453400135040283, 2364.443400000003749 ], [ 4316524.625500202178955, 2622006.378600120544434, 2360.210800000000745 ], [ 4316504.476200103759766, 2621996.303999900817871, 2356.165699999997742 ], [ 4316482.088099956512451, 2621991.826499938964844, 2352.651899999997113 ], [ 4316459.699999809265137, 2621987.348800182342529, 2349.3606 ], [ 4316437.31190013885498, 2621982.871300220489502, 2345.813299999994342 ], [ 4316414.923799991607666, 2621975.035500049591064, 2341.242700000002515 ], [ 4316392.535799980163574, 2621967.19950008392334, 2335.454199999992852 ], [ 4316370.14769983291626, 2621959.363800048828125, 2306.440499999996973 ], [ 4316352.517099857330322, 2621947.610099792480469, 2303.279099999999744 ], [ 4316334.886499881744385, 2621935.856299877166748, 2292.934200000003329 ], [ 4316317.255899906158447, 2621924.102399826049805, 2295.268899999995483 ], [ 4316299.62529993057251, 2621912.348700046539307, 2287.054099999993923 ], [ 4316282.834199905395508, 2621902.274099826812744, 2283.58289999999397 ], [ 4316266.043200016021729, 2621892.19950008392334, 2279.929900000002817 ], [ 4316249.252099990844727, 2621882.124899864196777, 2271.89879999999539 ], [ 4316232.460999965667725, 2621872.050300121307373, 2263.088000000003376 ], [ 4316210.632599830627441, 2621868.691999912261963, 2254.967600000003586 ], [ 4316188.804299831390381, 2621865.333899974822998, 2247.317800000004354 ], [ 4316166.975900173187256, 2621861.975599765777588, 2240.501799999998184 ], [ 4316145.147500038146973, 2621858.617300033569336, 2234.316300000005867 ], [ 4316124.998199939727783, 2621855.259099960327148, 2228.791899999996531 ], [ 4316104.848899841308594, 2621851.901000022888184, 2223.64440000000468 ], [ 4316084.699699878692627, 2621848.542699813842773, 2218.92170000000624 ], [ 4316064.550399780273438, 2621845.184500217437744, 2213.654099999999744 ], [ 4316044.401100158691406, 2621841.826399803161621, 2202.821200000005774 ], [ 4316020.054100036621094, 2621840.986800193786621, 2197.668499999999767 ], [ 4315995.707099914550781, 2621840.147200107574463, 2196.534700000003795 ], [ 4315971.360000133514404, 2621839.307799816131592, 2193.973299999997835 ], [ 4315947.013000011444092, 2621838.468100070953369, 2190.344899999996414 ], [ 4315927.703299999237061, 2621838.468100070953369, 2187.268100000001141 ], [ 4315908.393599987030029, 2621838.468100070953369, 2184.136199999993551 ], [ 4315889.083799839019775, 2621838.468100070953369, 2181.201300000000629 ], [ 4315869.774099826812744, 2621838.468100070953369, 2177.767500000001746 ] ] ] } },
{ "type": "Feature", "properties": { "OBJECT_ID": "RL26004178", "NEXTDOWNID": "RL26004176", "STRAHLER": 1, "Basin": "Rhine", "REX": "CH", "DFDD": "BH140", "RN_I_ID": null, "HYP": 1, "LOC": 44, "FUN": 6, "NVS": 5, "LENGTH": 282.0, "TR": "NA", "LONGPATH": 1324199.0, "CUM_LEN": 282.00338745117188, "PENTE": 1.418529152870178, "CGNELIN": 260200588, "BEGLIFEVER": "2015-03-22T00:00:00", "ENDLIFEVER": null, "UPDAT_BY": "1", "UPDAT_WHEN": "2015-06-24T00:00:00", "ERM_ID": "UNK", "MC": 1, "MONOT_Z": 0, "LENGTH_GEO": 281.85407099396292, "INSPIRE_ID": "EEA_EUHydro:RL26004178:2015-03-22", "thematicId": null, "TNODE": "NO26004232", "nameText": null, "CatchID": 76 }, "geometry": { "type": "MultiLineString", "coordinates": [ [ [ 4317520.577199935913086, 2622200.403600215911865, 2511.907300000006217 ], [ 4317520.229300022125244, 2622209.146999835968018, 2511.837100000004284 ], [ 4317515.518499851226807, 2622216.724400043487549, 2511.179000000003725 ], [ 4317500.223599910736084, 2622227.164199829101562, 2509.453999999997905 ], [ 4317484.928599834442139, 2622237.603899955749512, 2507.907000000006519 ], [ 4317468.52869987487793, 2622254.832600116729736, 2507.907000000006519 ], [ 4317448.688300132751465, 2622266.412499904632568, 2507.907000000006519 ], [ 4317428.847899913787842, 2622277.992400169372559, 2507.907000000006519 ], [ 4317417.427499771118164, 2622282.835400104522705, 2507.907000000006519 ], [ 4317396.810699939727783, 2622284.135799884796143, 2507.907000000006519 ], [ 4317379.522500038146973, 2622281.747000217437744, 2507.907000000006519 ], [ 4317362.234300136566162, 2622279.35830020904541, 2507.907000000006519 ], [ 4317344.946100234985352, 2622276.969500064849854, 2507.907000000006519 ], [ 4317335.001699924468994, 2622277.871099948883057, 2507.907000000006519 ], [ 4317321.724500179290771, 2622281.96049976348877, 2507.907000000006519 ], [ 4317310.292600154876709, 2622282.079100131988525, 2507.907000000006519 ], [ 4317294.123099803924561, 2622276.769599914550781, 2507.907000000006519 ], [ 4317278.176700115203857, 2622265.009600162506104, 2508.243300000001909 ] ] ] } },
{ "type": "Feature", "properties": { "OBJECT_ID": "RL26004187", "NEXTDOWNID": "RL26004206", "STRAHLER": 2, "Basin": "Rhine", "REX": "CH", "DFDD": "BH140", "RN_I_ID": null, "HYP": 1, "LOC": 44, "FUN": 6, "NVS": 5, "LENGTH": 1117.3900146484375, "TR": "Z000374378", "LONGPATH": 1313185.25, "CUM_LEN": 7544.427734375, "PENTE": 13.140909194946291, "CGNELIN": 260403513, "BEGLIFEVER": "2015-03-22T00:00:00", "ENDLIFEVER": null, "UPDAT_BY": "1", "UPDAT_WHEN": "2015-06-24T00:00:00", "ERM_ID": "UNK", "MC": 1, "MONOT_Z": 0, "LENGTH_GEO": 1116.8805206894299, "INSPIRE_ID": "EEA_EUHydro:RL26004187:2015-03-22", "thematicId": null, "TNODE": "NO26004241", "nameText": null, "CatchID": 76 }, "geometry": { "type": "MultiLineString", "coordinates": [ [ [ 4310726.93179988861084, 2621947.597499847412109, 2030.882100000002538 ], [ 4310703.050000190734863, 2621954.76200008392334, 2028.855899999995017 ], [ 4310679.168200016021729, 2621961.926599979400635, 2026.254100000005565 ], [ 4310655.286399841308594, 2621969.091100215911865, 2024.168699999994715 ], [ 4310631.404600143432617, 2621976.25570011138916, 2022.021800000002258 ], [ 4310607.52269983291626, 2621983.420199871063232, 2019.216000000000349 ], [ 4310583.640900135040283, 2621990.584799766540527, 2016.427100000000792 ], [ 4310559.759099960327148, 2621997.74940013885498, 2014.041400000001886 ], [ 4310535.877299785614014, 2622004.91379976272583, 2010.297900000005029 ], [ 4310511.995500087738037, 2622012.078400135040283, 1997.673899999994319 ], [ 4310488.352499961853027, 2622014.22790002822876, 1997.926999999996042 ], [ 4310464.709499835968018, 2622016.377099990844727, 1996.589999999996508 ], [ 4310441.06659984588623, 2622018.526500225067139, 1995.160000000003492 ], [ 4310417.423600196838379, 2622020.675899982452393, 1993.321500000005472 ], [ 4310393.780600070953369, 2622022.825300216674805, 1989.321299999995972 ], [ 4310373.361700057983398, 2622023.900000095367432, 1985.077099999994971 ], [ 4310352.942699909210205, 2622024.974699974060059, 1980.947799999994459 ], [ 4310332.523799896240234, 2622026.049200057983398, 1977.151599999997416 ], [ 4310312.104800224304199, 2622027.123899936676025, 1973.684800000002724 ], [ 4310291.685900211334229, 2622028.198599815368652, 1970.827900000003865 ], [ 4310267.505599975585938, 2622031.780900001525879, 1967.592300000003888 ], [ 4310243.325300216674805, 2622035.363100051879883, 1964.418399999995017 ], [ 4310219.144999980926514, 2622038.945400238037109, 1961.345799999995506 ], [ 4310194.964600086212158, 2622042.527699947357178, 1958.800199999997858 ], [ 4310170.784299850463867, 2622046.109899997711182, 1956.37390000000596 ], [ 4310146.604000091552734, 2622049.692200183868408, 1954.260399999999208 ], [ 4310124.214799880981445, 2622060.439099788665771, 1952.720799999995506 ], [ 4310101.825600147247314, 2622071.185800075531006, 1950.647200000006706 ], [ 4310079.436399936676025, 2622081.932700157165527, 1947.957299999994575 ], [ 4310057.047200202941895, 2622092.679599761962891, 1944.365200000000186 ], [ 4310034.657999992370605, 2622103.426400184631348, 1939.57039999999688 ], [ 4310012.268799781799316, 2622114.173099994659424, 1934.445900000006077 ], [ 4309997.223299980163574, 2622132.442800045013428, 1929.571400000000722 ], [ 4309982.177700042724609, 2622150.712399959564209, 1924.227599999998347 ], [ 4309967.132199764251709, 2622168.981800079345703, 1918.499400000000605 ], [ 4309952.086599826812744, 2622187.251399993896484, 1907.927800000004936 ], [ 4309937.041100025177002, 2622205.520999908447266, 1897.754199999995762 ], [ 4309924.828800201416016, 2622225.549200057983398, 1899.135299999994459 ], [ 4309912.616499900817871, 2622245.577300071716309, 1897.033200000005309 ], [ 4309900.404300212860107, 2622265.605400085449219, 1896.670199999993201 ], [ 4309888.191999912261963, 2622285.633699893951416, 1896.080400000006193 ], [ 4309875.979700088500977, 2622305.661600112915039, 1893.565300000002026 ], [ 4309863.767399787902832, 2622325.689899921417236, 1890.970400000005611 ], [ 4309851.555099964141846, 2622345.718100070953369, 1889.483800000001793 ], [ 4309839.342800140380859, 2622365.746300220489502, 1887.678299999999581 ], [ 4309827.130599975585938, 2622385.774300098419189, 1886.896900000007008 ], [ 4309814.918300151824951, 2622405.802499771118164, 1885.571500000005472 ], [ 4309802.705999851226807, 2622425.830599784851074, 1884.047500000000582 ] ] ] } },
{ "type": "Feature", "properties": { "OBJECT_ID": "RL26004207", "NEXTDOWNID": "RL26004187", "STRAHLER": 1, "Basin": "Rhine", "REX": "CH", "DFDD": "BH140", "RN_I_ID": null, "HYP": 1, "LOC": 44, "FUN": 6, "NVS": 5, "LENGTH": 1103.5899658203125, "TR": "NA", "LONGPATH": 1314288.875, "CUM_LEN": 1103.59130859375, "PENTE": 39.958770751953125, "CGNELIN": 260502071, "BEGLIFEVER": "2015-03-22T00:00:00", "ENDLIFEVER": null, "UPDAT_BY": "1", "UPDAT_WHEN": "2015-06-24T00:00:00", "ERM_ID": "UNK", "MC": 1, "MONOT_Z": 0, "LENGTH_GEO": 1103.6444971902613, "INSPIRE_ID": "EEA_EUHydro:RL26004207:2015-03-22", "thematicId": null, "TNODE": "NO26004217", "nameText": null, "CatchID": 76 }, "geometry": { "type": "MultiLineString", "coordinates": [ [ [ 4311471.372399806976318, 2622717.785500049591064, 2471.86359999999695 ], [ 4311453.640200138092041, 2622704.083399772644043, 2464.088499999998021 ], [ 4311435.907899856567383, 2622690.38129997253418, 2456.071100000001024 ], [ 4311418.175700187683105, 2622676.679200172424316, 2448.868100000006962 ], [ 4311400.443399906158447, 2622662.976900100708008, 2441.697700000004261 ], [ 4311382.71120023727417, 2622649.274700164794922, 2431.7307 ], [ 4311364.576000213623047, 2622641.214700222015381, 2427.387600000001839 ], [ 4311346.440700054168701, 2622633.154500007629395, 2404.936499999996158 ], [ 4311333.007199764251709, 2622617.034299850463867, 2394.4231 ], [ 4311319.573599815368652, 2622600.914199829101562, 2394.040399999998044 ], [ 4311306.140100002288818, 2622584.793900012969971, 2391.916400000001886 ], [ 4311292.706600189208984, 2622572.703800201416016, 2388.792199999996228 ], [ 4311279.273099899291992, 2622560.613699913024902, 2381.901500000007218 ], [ 4311265.839600086212158, 2622548.523399829864502, 2371.115999999994528 ], [ 4311247.704400062561035, 2622534.418200016021729, 2362.33640000000014 ], [ 4311229.569099903106689, 2622520.313000202178955, 2354.002900000006775 ], [ 4311209.418799877166748, 2622508.222799777984619, 2348.580000000001746 ], [ 4311189.268599987030029, 2622496.132699966430664, 2340.149799999999232 ], [ 4311169.118299961090088, 2622484.042600154876709, 2303.87510000000475 ], [ 4311155.684800148010254, 2622469.265600204467773, 2293.808900000003632 ], [ 4311142.251200199127197, 2622454.488900184631348, 2291.842499999998836 ], [ 4311128.817699909210205, 2622439.711900234222412, 2289.536699999996927 ], [ 4311116.72760009765625, 2622424.935100078582764, 2288.458599999998114 ], [ 4311104.637400150299072, 2622410.158199787139893, 2286.453699999998207 ], [ 4311092.547299861907959, 2622395.381400108337402, 2280.739799999995739 ], [ 4311086.502200126647949, 2622373.216000080108643, 2268.439499999993131 ], [ 4311080.457099914550781, 2622351.050700187683105, 2263.070999999996275 ], [ 4311068.366899967193604, 2622330.900400161743164, 2258.75449999999546 ], [ 4311056.276800155639648, 2622310.750199794769287, 2247.2981 ], [ 4311044.186600208282471, 2622290.599899768829346, 2211.1826 ], [ 4311032.096399784088135, 2622277.166500091552734, 2198.103600000002189 ], [ 4311020.00629997253418, 2622263.732900142669678, 2190.98080000000482 ], [ 4311007.916100025177002, 2622250.299300193786621, 2186.365699999994831 ], [ 4311005.229400157928467, 2622232.835700035095215, 2183.189400000002934 ], [ 4311002.542699813842773, 2622215.372200012207031, 2180.391799999997602 ], [ 4310999.855999946594238, 2622197.908699989318848, 2167.053100000004633 ], [ 4310989.780900001525879, 2622175.743299961090088, 2144.408100000000559 ], [ 4310979.705699920654297, 2622153.578000068664551, 2138.929999999993015 ], [ 4310967.615600109100342, 2622138.4653000831604, 2135.961999999999534 ], [ 4310955.525400161743164, 2622123.352700233459473, 2110.991399999998976 ], [ 4310943.435299873352051, 2622108.239999771118164, 2094.560700000001816 ], [ 4310931.345099925994873, 2622093.127200126647949, 2093.861699999994016 ], [ 4310914.217400074005127, 2622079.021999835968018, 2087.528200000000652 ], [ 4310897.089700222015381, 2622064.916900157928467, 2075.441099999996368 ], [ 4310879.961900234222412, 2622050.811699867248535, 2066.800499999997555 ], [ 4310862.834199905395508, 2622036.706500053405762, 2047.914399999994203 ], [ 4310843.419600009918213, 2622023.976699829101562, 2050.827099999994971 ], [ 4310824.004899978637695, 2622011.246799945831299, 2045.817999999999302 ], [ 4310804.5903000831604, 2621998.517000198364258, 2042.260399999999208 ], [ 4310785.175700187683105, 2621985.787199974060059, 2038.951600000000326 ], [ 4310765.761099815368652, 2621973.057199954986572, 2035.217799999998533 ], [ 4310746.346399784088135, 2621960.327499866485596, 2032.361099999994622 ], [ 4310726.93179988861084, 2621947.597499847412109, 2030.882100000002538 ] ] ] } },
{ "type": "Feature", "properties": { "OBJECT_ID": "RL26004216", "NEXTDOWNID": "RL26004270", "STRAHLER": 2, "Basin": "Rhine", "REX": "CH", "DFDD": "BH140", "RN_I_ID": null, "HYP": 1, "LOC": 44, "FUN": 6, "NVS": 5, "LENGTH": 1182.9100341796875, "TR": "Z000374121", "LONGPATH": 1322277.25, "CUM_LEN": 4650.150390625, "PENTE": 13.215377807617188, "CGNELIN": 260302450, "BEGLIFEVER": "2015-03-22T00:00:00", "ENDLIFEVER": null, "UPDAT_BY": "1", "UPDAT_WHEN": "2015-06-24T00:00:00", "ERM_ID": "UNK", "MC": 1, "MONOT_Z": 0, "LENGTH_GEO": 1183.7154710086088, "INSPIRE_ID": "EEA_EUHydro:RL26004216:2015-03-22", "thematicId": null, "TNODE": "NO26004268", "nameText": null, "CatchID": 76 }, "geometry": { "type": "MultiLineString", "coordinates": [ [ [ 4315504.226500034332275, 2621754.512899875640869, 2176.485799999994924 ], [ 4315494.631599903106689, 2621773.702700138092041, 2174.065700000006473 ], [ 4315485.036699771881104, 2621792.892399787902832, 2171.015700000003562 ], [ 4315475.441800117492676, 2621812.082200050354004, 2168.162700000000768 ], [ 4315465.847000122070312, 2621831.271900177001953, 2165.074800000002142 ], [ 4315456.252099990844727, 2621850.461699962615967, 2162.016099999993457 ], [ 4315446.657199859619141, 2621869.651500225067139, 2158.716000000000349 ], [ 4315437.062300205230713, 2621888.841300010681152, 2155.076700000005076 ], [ 4315428.853300094604492, 2621908.244400024414062, 2151.367199999993318 ], [ 4315420.644400119781494, 2621927.647299766540527, 2146.837700000003679 ], [ 4315412.435400009155273, 2621947.050300121307373, 2141.575899999996182 ], [ 4315404.226399898529053, 2621966.453400135040283, 2136.383700000005774 ], [ 4315396.017499923706055, 2621985.856299877166748, 2130.570300000006682 ], [ 4315387.808499813079834, 2622005.259300231933594, 2124.206500000000233 ], [ 4315381.53980016708374, 2622027.647500038146973, 2117.823600000003353 ], [ 4315375.271200180053711, 2622050.035500049591064, 2109.145999999993364 ], [ 4315369.002500057220459, 2622072.423500061035156, 2100.775999999998021 ], [ 4315362.73390007019043, 2622094.811600208282471, 2099.352700000003097 ], [ 4315356.465199947357178, 2622117.199699878692627, 2100.526899999997113 ], [ 4315345.271200180053711, 2622132.871500015258789, 2100.23410000000149 ], [ 4315334.077199935913086, 2622148.543000221252441, 2099.601800000004005 ], [ 4315322.883100032806396, 2622164.214799880981445, 2098.606299999999464 ], [ 4315311.689099788665771, 2622179.886300086975098, 2098.037899999995716 ], [ 4315303.853300094604492, 2622197.796899795532227, 2098.396500000002561 ], [ 4315296.017399787902832, 2622215.707200050354004, 2096.086500000004889 ], [ 4315288.181600093841553, 2622233.617599964141846, 2095.432799999995041 ], [ 4315280.345799922943115, 2622251.528200149536133, 2095.644499999994878 ], [ 4315281.838300228118896, 2622270.931099891662598, 2093.221499999999651 ], [ 4315283.330900192260742, 2622290.334199905395508, 2091.919399999998859 ], [ 4315284.823400020599365, 2622309.737100124359131, 2088.440300000002026 ], [ 4315286.315899848937988, 2622329.140200138092041, 2087.440700000006473 ], [ 4315287.808499813079834, 2622348.543200016021729, 2084.866200000004028 ], [ 4315289.301000118255615, 2622367.946199893951416, 2081.935700000001816 ], [ 4315289.301000118255615, 2622392.573200225830078, 2081.176500000001397 ], [ 4315289.301000118255615, 2622417.200099945068359, 2078.298699999999371 ], [ 4315289.301000118255615, 2622441.826799869537354, 2075.535600000002887 ], [ 4315289.301000118255615, 2622466.453800201416016, 2071.884300000005169 ], [ 4315279.226399898529053, 2622487.722499847412109, 2069.419299999994109 ], [ 4315269.151700019836426, 2622508.991099834442139, 2066.122799999997369 ], [ 4315259.077099800109863, 2622530.259799957275391, 2062.827600000004168 ], [ 4315249.002399921417236, 2622551.52839994430542, 2060.176600000006147 ], [ 4315236.315800189971924, 2622570.931399822235107, 2057.576700000005076 ], [ 4315223.629300117492676, 2622590.334400177001953, 2055.510399999999208 ], [ 4315210.942699909210205, 2622609.737500190734863, 2053.295599999997648 ], [ 4315198.256100177764893, 2622629.140399932861328, 2050.44210000000021 ], [ 4315185.569600105285645, 2622648.543499946594238, 2046.28859999999986 ], [ 4315172.882999897003174, 2622667.946400165557861, 2040.510699999998906 ], [ 4315166.166600227355957, 2622685.856800079345703, 2035.056299999996554 ], [ 4315159.450200080871582, 2622703.767399787902832, 2031.074299999992945 ], [ 4315152.733699798583984, 2622721.677800178527832, 2028.012799999996787 ], [ 4315146.017300128936768, 2622739.588300228118896, 2025.226500000004307 ], [ 4315147.037199974060059, 2622761.528600215911865, 2023.711599999995087 ], [ 4315148.05709981918335, 2622783.468999862670898, 2022.610100000005332 ], [ 4315149.077000141143799, 2622805.409299850463867, 2021.339500000001863 ], [ 4315150.09689998626709, 2622827.349699974060059, 2020.737999999997555 ], [ 4315151.116799831390381, 2622849.289899826049805, 2020.16030000000319 ] ] ] } },
{ "type": "Feature", "properties": { "OBJECT_ID": "RL26004217", "NEXTDOWNID": "RL26004270", "STRAHLER": 2, "Basin": "Rhine", "REX": "CH", "DFDD": "BH140", "RN_I_ID": null, "HYP": 1, "LOC": 44, "FUN": 6, "NVS": 5, "LENGTH": 1261.68994140625, "TR": "Z000374121", "LONGPATH": 1322356.125, "CUM_LEN": 4579.8330078125, "PENTE": 12.491720199584959, "CGNELIN": 260200588, "BEGLIFEVER": "2015-03-22T00:00:00", "ENDLIFEVER": null, "UPDAT_BY": "1", "UPDAT_WHEN": "2015-06-24T00:00:00", "ERM_ID": "UNK", "MC": 1, "MONOT_Z": 0, "LENGTH_GEO": 1262.0446900191348, "INSPIRE_ID": "EEA_EUHydro:RL26004217:2015-03-22", "thematicId": null, "TNODE": "NO26004268", "nameText": null, "CatchID": 76 }, "geometry": { "type": "MultiLineString", "coordinates": [ [ [ 4315869.774099826812744, 2621838.468100070953369, 2177.767500000001746 ], [ 4315857.012899875640869, 2621858.617400169372559, 2176.483800000001793 ], [ 4315844.251699924468994, 2621878.766600131988525, 2175.03519999999844 ], [ 4315831.490499973297119, 2621898.915999889373779, 2173.890299999999115 ], [ 4315818.729300022125244, 2621919.065199851989746, 2172.026199999992969 ], [ 4315805.968100070953369, 2621939.214399814605713, 2169.734800000005635 ], [ 4315791.096000194549561, 2621955.046000003814697, 2166.751999999993131 ], [ 4315776.223899841308594, 2621970.877500057220459, 2164.125899999999092 ], [ 4315761.351799964904785, 2621986.709199905395508, 2160.137799999996787 ], [ 4315746.479800224304199, 2622002.54069995880127, 2156.92939999999362 ], [ 4315731.607699871063232, 2622018.372399806976318, 2152.897599999996601 ], [ 4315716.735599994659424, 2622034.203800201416016, 2148.766199999998207 ], [ 4315701.863500118255615, 2622050.035500049591064, 2144.853700000006938 ], [ 4315685.744100093841553, 2622062.125, 2140.555200000002515 ], [ 4315669.62470006942749, 2622074.214600086212158, 2136.718999999997322 ], [ 4315653.505199909210205, 2622086.304200172424316, 2132.367899999997462 ], [ 4315637.385799884796143, 2622098.393599987030029, 2127.889699999999721 ], [ 4315621.26639986038208, 2622110.48330020904541, 2122.820300000006682 ], [ 4315605.146999835968018, 2622127.274300098419189, 2117.375199999994948 ], [ 4315589.027599811553955, 2622144.065400123596191, 2111.865099999995437 ], [ 4315572.908199787139893, 2622160.856400012969971, 2103.509799999999814 ], [ 4315556.78879976272583, 2622177.647500038146973, 2097.783899999994901 ], [ 4315540.669400215148926, 2622194.438499927520752, 2097.342900000003283 ], [ 4315535.072400093078613, 2622214.587800025939941, 2096.93859999999404 ], [ 4315529.475299835205078, 2622234.737100124359131, 2096.584499999997206 ], [ 4315523.878300189971924, 2622254.886499881744385, 2096.577000000004773 ], [ 4315518.281300067901611, 2622275.035799980163574, 2095.526500000007218 ], [ 4315512.684199810028076, 2622295.184999942779541, 2093.902600000001257 ], [ 4315507.087200164794922, 2622315.33430004119873, 2091.952799999999115 ], [ 4315495.893199920654297, 2622335.483500003814697, 2088.498500000001513 ], [ 4315484.699100017547607, 2622355.632699966430664, 2085.860000000000582 ], [ 4315473.505099773406982, 2622375.782000064849854, 2083.723700000002282 ], [ 4315462.311100006103516, 2622395.931399822235107, 2081.505900000003749 ], [ 4315451.117000102996826, 2622416.080599784851074, 2079.361499999999069 ], [ 4315439.922999858856201, 2622436.229899883270264, 2077.299400000003516 ], [ 4315431.191699981689453, 2622455.707399845123291, 2075.560100000002421 ], [ 4315422.460299968719482, 2622475.185100078582764, 2073.727499999993597 ], [ 4315413.729000091552734, 2622494.662700176239014, 2071.724799999996321 ], [ 4315404.997600078582764, 2622514.140299797058105, 2069.681800000005751 ], [ 4315396.266300201416016, 2622533.618000030517578, 2067.397500000006403 ], [ 4315385.352099895477295, 2622552.088099956512451, 2064.874299999995856 ], [ 4315374.437900066375732, 2622570.558300018310547, 2062.252600000007078 ], [ 4315363.52370023727417, 2622589.02839994430542, 2058.891300000002957 ], [ 4315352.609499931335449, 2622607.498700141906738, 2056.3606 ], [ 4315339.176700115203857, 2622622.946400165557861, 2053.61710000000312 ], [ 4315325.743800163269043, 2622638.394199848175049, 2051.599600000001374 ], [ 4315312.310999870300293, 2622653.842000007629395, 2049.205400000006193 ], [ 4315298.878099918365479, 2622669.289700031280518, 2047.264999999999418 ], [ 4315285.445300102233887, 2622684.737599849700928, 2044.934500000003027 ], [ 4315269.997499942779541, 2622698.842000007629395, 2042.180300000007264 ], [ 4315254.549699783325195, 2622712.946499824523926, 2039.030400000003283 ], [ 4315239.10200023651123, 2622727.050899982452393, 2035.749700000000303 ], [ 4315223.654200077056885, 2622741.155499935150146, 2032.211599999995087 ], [ 4315208.206399917602539, 2622755.259900093078613, 2029.242700000002515 ], [ 4315196.78849983215332, 2622774.065899848937988, 2026.598199999993085 ], [ 4315185.37060022354126, 2622792.871900081634521, 2023.962400000003981 ], [ 4315173.952600002288818, 2622811.677899837493896, 2022.238500000006752 ], [ 4315162.5346999168396, 2622830.484000205993652, 2020.823600000003353 ], [ 4315151.116799831390381, 2622849.289899826049805, 2020.16030000000319 ] ] ] } },
{ "type": "Feature", "properties": { "OBJECT_ID": "RL26004270", "NEXTDOWNID": "RL26004372", "STRAHLER": 3, "Basin": "Rhine", "REX": "CH", "DFDD": "BH140", "RN_I_ID": null, "HYP": 1, "LOC": 44, "FUN": 6, "NVS": 5, "LENGTH": 1486.52001953125, "TR": "Z000374121", "LONGPATH": 1321094.375, "CUM_LEN": 10716.501953125, "PENTE": 4.1749515533447266, "CGNELIN": 260200588, "BEGLIFEVER": "2015-03-22T00:00:00", "ENDLIFEVER": null, "UPDAT_BY": "1", "UPDAT_WHEN": "2015-06-24T00:00:00", "ERM_ID": "UNK", "MC": 1, "MONOT_Z": 0, "LENGTH_GEO": 1486.9679009687368, "INSPIRE_ID": "EEA_EUHydro:RL26004270:2015-03-22", "thematicId": null, "TNODE": "NO26004320", "nameText": null, "CatchID": 76 }, "geometry": { "type": "MultiLineString", "coordinates": [ [ [ 4315151.116799831390381, 2622849.289899826049805, 2020.16030000000319 ], [ 4315148.430200099945068, 2622871.454100131988525, 2019.112599999993108 ], [ 4315145.743599891662598, 2622893.618299961090088, 2017.697599999999511 ], [ 4315143.05709981918335, 2622915.78249979019165, 2016.128200000006473 ], [ 4315140.370500087738037, 2622937.946599960327148, 2014.205900000000838 ], [ 4315137.683899879455566, 2622960.110799789428711, 2013.009399999995367 ], [ 4315123.131700038909912, 2622980.2600998878479, 2011.743400000006659 ], [ 4315108.579400062561035, 2623000.40939998626709, 2010.284799999993993 ], [ 4315094.027200222015381, 2623020.558800220489502, 2008.758199999996577 ], [ 4315079.251100063323975, 2623034.663300037384033, 2007.309200000003329 ], [ 4315064.474899768829346, 2623048.7677001953125, 2005.683600000003935 ], [ 4315049.698800086975098, 2623062.872200012207031, 2004.581399999995483 ], [ 4315034.922599792480469, 2623076.976699829101562, 2001.126300000003539 ], [ 4315020.146500110626221, 2623091.081099987030029, 1998.914000000004307 ], [ 4315006.713699817657471, 2623111.230400085449219, 1998.741099999999278 ], [ 4314993.280799865722656, 2623131.379700183868408, 1998.493900000001304 ], [ 4314971.638999938964844, 2623141.454299926757812, 1997.908599999995204 ], [ 4314949.997200012207031, 2623151.529099941253662, 1996.791500000006636 ], [ 4314928.355400085449219, 2623161.603499889373779, 1995.998500000001513 ], [ 4314906.713600158691406, 2623171.678299903869629, 1995.191200000001118 ], [ 4314885.071800231933594, 2623181.752999782562256, 1993.90559999999823 ], [ 4314863.429999828338623, 2623191.827600002288818, 1992.667799999995623 ], [ 4314854.474800109863281, 2623213.320099830627441, 1989.668600000004517 ], [ 4314845.519499778747559, 2623234.812600135803223, 1986.368799999996554 ], [ 4314836.564300060272217, 2623256.305099964141846, 1983.159599999999045 ], [ 4314827.609000205993652, 2623277.797800064086914, 1981.339500000001863 ], [ 4314818.653800010681152, 2623299.290299892425537, 1979.570800000001327 ], [ 4314806.340400218963623, 2623314.961900234222412, 1978.688699999998789 ], [ 4314794.026899814605713, 2623330.633699893951416, 1978.136599999997998 ], [ 4314781.713500022888184, 2623346.305300235748291, 1977.454800000006799 ], [ 4314769.400000095367432, 2623361.976900100708008, 1976.706999999994878 ], [ 4314751.48960018157959, 2623377.648600101470947, 1976.138699999995879 ], [ 4314733.579100131988525, 2623393.320199966430664, 1975.852400000003399 ], [ 4314715.668700218200684, 2623408.992000102996826, 1975.220799999995506 ], [ 4314697.758200168609619, 2623424.66349983215332, 1974.62050000000454 ], [ 4314687.683599948883057, 2623441.454699993133545, 1973.30909999999858 ], [ 4314677.60890007019043, 2623458.24560022354126, 1972.287400000001071 ], [ 4314667.534299850463867, 2623475.036600112915039, 1971.515400000003865 ], [ 4314657.45959997177124, 2623491.827799797058105, 1970.782099999996717 ], [ 4314647.385000228881836, 2623509.738200187683105, 1970.050600000002305 ], [ 4314637.310400009155273, 2623527.648799896240234, 1969.485899999999674 ], [ 4314627.235700130462646, 2623545.559100151062012, 1969.223199999993085 ], [ 4314617.161099910736084, 2623563.469600200653076, 1968.858900000006543 ], [ 4314601.041699886322021, 2623580.484600067138672, 1968.684999999997672 ], [ 4314584.922299861907959, 2623597.499599933624268, 1968.474499999996624 ], [ 4314568.802800178527832, 2623614.514400005340576, 1968.28179999999702 ], [ 4314552.68340015411377, 2623631.529500007629395, 1968.015700000003562 ], [ 4314536.564000129699707, 2623648.544300079345703, 1967.644599999999627 ], [ 4314530.593900203704834, 2623670.186200141906738, 1967.125199999994948 ], [ 4314524.623700141906738, 2623691.827899932861328, 1966.296799999996438 ], [ 4314518.653600215911865, 2623713.469699859619141, 1965.09309999999823 ], [ 4314512.68340015411377, 2623735.111599922180176, 1963.930500000002212 ], [ 4314506.713300228118896, 2623756.753300189971924, 1963.180699999997159 ], [ 4314500.743100166320801, 2623778.395100116729736, 1962.291299999997136 ], [ 4314482.832600116729736, 2623790.708600044250488, 1961.556500000006054 ], [ 4314464.922200202941895, 2623803.021999835968018, 1961.087199999994482 ], [ 4314447.01170015335083, 2623815.33549976348877, 1960.899999999994179 ], [ 4314429.101200103759766, 2623827.64900016784668, 1960.873500000001513 ], [ 4314421.638500213623047, 2623845.559400081634521, 1960.427200000005541 ], [ 4314414.17579984664917, 2623863.469900131225586, 1960.489400000005844 ], [ 4314406.713099956512451, 2623881.38040018081665, 1960.406099999992875 ], [ 4314412.310100078582764, 2623899.290800094604492, 1959.619099999996251 ], [ 4314417.907199859619141, 2623917.201399803161621, 1959.502099999997881 ], [ 4314423.504199981689453, 2623935.111700057983398, 1959.264599999994971 ], [ 4314429.101200103759766, 2623953.022200107574463, 1959.011499999993248 ], [ 4314433.578800201416016, 2623973.171500205993652, 1958.667700000005425 ], [ 4314438.05649995803833, 2623993.320899963378906, 1958.358099999997648 ], [ 4314442.53410005569458, 2624013.470099925994873, 1958.18300000000454 ], [ 4314447.01170015335083, 2624033.619400024414062, 1958.098899999997229 ] ] ] } },
{ "type": "Feature", "properties": { "OBJECT_ID": "RL26004271", "NEXTDOWNID": "RL26004372", "STRAHLER": 1, "Basin": "Rhine", "REX": "CH", "DFDD": "BH140", "RN_I_ID": null, "HYP": 1, "LOC": 44, "FUN": 6, "NVS": 5, "LENGTH": 1241.469970703125, "TR": "NA", "LONGPATH": 1320849.375, "CUM_LEN": 1241.46630859375, "PENTE": 31.988409042358398, "CGNELIN": 260302443, "BEGLIFEVER": "2015-03-22T00:00:00", "ENDLIFEVER": null, "UPDAT_BY": "1", "UPDAT_WHEN": "2015-06-24T00:00:00", "ERM_ID": "UNK", "MC": 1, "MONOT_Z": 0, "LENGTH_GEO": 1240.9721171025806, "INSPIRE_ID": "EEA_EUHydro:RL26004271:2015-03-22", "thematicId": null, "TNODE": "NO26004320", "nameText": null, "CatchID": 76 }, "geometry": { "type": "MultiLineString", "coordinates": [ [ [ 4315469.898200035095215, 2624020.186399936676025, 2355.224199999996927 ], [ 4315446.017600059509277, 2624017.201399803161621, 2341.252600000007078 ], [ 4315422.13700008392334, 2624014.216300010681152, 2310.913100000005215 ], [ 4315398.25629997253418, 2624011.231299877166748, 2292.847500000003492 ], [ 4315374.375699996948242, 2624008.246099948883057, 2290.110100000005332 ], [ 4315356.465199947357178, 2623998.693999767303467, 2287.385699999998906 ], [ 4315338.554800033569336, 2623989.141600131988525, 2285.476500000004307 ], [ 4315320.644299983978271, 2623979.589399814605713, 2274.355400000000373 ], [ 4315302.73390007019043, 2623970.037199974060059, 2245.458599999998114 ], [ 4315284.823400020599365, 2623960.484899997711182, 2198.40570000000298 ], [ 4315263.927899837493896, 2623947.052199840545654, 2192.838099999993574 ], [ 4315243.032299995422363, 2623933.61929988861084, 2190.186900000000605 ], [ 4315222.136799812316895, 2623920.186399936676025, 2191.962299999999232 ], [ 4315201.241199970245361, 2623906.753499984741211, 2184.574900000006892 ], [ 4315179.350599765777588, 2623894.813300132751465, 2173.269100000004983 ], [ 4315157.460100173950195, 2623882.872799873352051, 2155.977799999993294 ], [ 4315135.569499969482422, 2623870.932499885559082, 2112.644700000004377 ], [ 4315115.669000148773193, 2623857.002200126647949, 2093.807799999995041 ], [ 4315095.768499851226807, 2623843.071800231933594, 2089.195099999997183 ], [ 4315075.868000030517578, 2623829.141499996185303, 2087.205499999996391 ], [ 4315056.465000152587891, 2623826.156499862670898, 2084.853799999997136 ], [ 4315037.061999797821045, 2623823.171500205993652, 2081.328599999993457 ], [ 4315017.658999919891357, 2623820.186299800872803, 2070.252800000002026 ], [ 4314998.25600004196167, 2623817.201200008392334, 2058.883900000000722 ], [ 4314978.355500221252441, 2623809.241099834442139, 2046.919699999998556 ], [ 4314958.454899787902832, 2623801.280700206756592, 2033.322499999994761 ], [ 4314938.554399967193604, 2623793.320499897003174, 2004.53070000000298 ], [ 4314914.673799991607666, 2623787.350500106811523, 1997.538499999995111 ], [ 4314890.793200016021729, 2623781.380300045013428, 1997.616800000003423 ], [ 4314866.912499904632568, 2623775.410099983215332, 1996.058900000003632 ], [ 4314843.031899929046631, 2623769.439899921417236, 1993.536099999997532 ], [ 4314825.121500015258789, 2623761.977200031280518, 1990.678199999994831 ], [ 4314807.210999965667725, 2623754.514500141143799, 1987.43300000000454 ], [ 4314789.300600051879883, 2623747.051799774169922, 1984.353300000002491 ], [ 4314771.390100002288818, 2623739.589099884033203, 1982.075599999996484 ], [ 4314748.703499794006348, 2623739.589099884033203, 1979.343299999993178 ], [ 4314726.016900062561035, 2623739.589099884033203, 1976.829299999997602 ], [ 4314703.330299854278564, 2623739.589099884033203, 1974.662899999995716 ], [ 4314680.643700122833252, 2623739.589099884033203, 1972.634500000000116 ], [ 4314657.957099914550781, 2623739.589099884033203, 1970.440600000001723 ], [ 4314643.031700134277344, 2623754.514500141143799, 1969.446299999995972 ], [ 4314628.106400012969971, 2623769.439899921417236, 1968.634099999995669 ], [ 4314613.181000232696533, 2623784.365300178527832, 1967.887400000006892 ], [ 4314598.255599975585938, 2623799.29069995880127, 1966.848100000002887 ], [ 4314583.927199840545654, 2623817.201200008392334, 1965.911099999997532 ], [ 4314569.598800182342529, 2623835.111700057983398, 1964.562799999999697 ], [ 4314555.270500183105469, 2623853.02209997177124, 1963.543999999994412 ], [ 4314540.942100048065186, 2623870.932499885559082, 1962.370200000004843 ], [ 4314526.613699913024902, 2623888.843100070953369, 1961.34780000000319 ], [ 4314515.242000102996826, 2623909.525300025939941, 1960.521299999993062 ], [ 4314503.870299816131592, 2623930.207799911499023, 1960.026700000002165 ], [ 4314492.498600006103516, 2623950.890100002288818, 1959.398199999995995 ], [ 4314481.126800060272217, 2623971.572299957275391, 1958.981100000004517 ], [ 4314469.755099773406982, 2623992.254600048065186, 1958.657699999996112 ], [ 4314458.383399963378906, 2624012.937099933624268, 1958.361499999999069 ], [ 4314447.01170015335083, 2624033.619400024414062, 1958.098899999997229 ] ] ] } },
{ "type": "Feature", "properties": { "OBJECT_ID": "RL26004294", "NEXTDOWNID": "RL26004293", "STRAHLER": 1, "Basin": "Rhine", "REX": "CH", "DFDD": "BH140", "RN_I_ID": null, "HYP": 1, "LOC": 44, "FUN": 6, "NVS": 5, "LENGTH": 831.989990234375, "TR": "Z000373964", "LONGPATH": 1312379.5, "CUM_LEN": 831.99163818359375, "PENTE": 36.182693481445312, "CGNELIN": 260502042, "BEGLIFEVER": "2015-03-22T00:00:00", "ENDLIFEVER": null, "UPDAT_BY": "1", "UPDAT_WHEN": "2015-06-24T00:00:00", "ERM_ID": "UNK", "MC": 1, "MONOT_Z": 0, "LENGTH_GEO": 831.47098928586024, "INSPIRE_ID": "EEA_EUHydro:RL26004294:2015-03-22", "thematicId": null, "TNODE": "NO26004344", "nameText": null, "CatchID": 76 }, "geometry": { "type": "MultiLineString", "coordinates": [ [ [ 4310870.894299983978271, 2624011.43310022354126, 2374.565600000001723 ], [ 4310850.74399995803833, 2624020.644599914550781, 2366.490399999995134 ], [ 4310830.593800067901611, 2624029.856299877166748, 2358.683199999999488 ], [ 4310810.44350004196167, 2624039.067800045013428, 2350.386599999997998 ], [ 4310790.293200016021729, 2624048.279399871826172, 2342.595600000000559 ], [ 4310770.142899990081787, 2624057.490900039672852, 2334.430099999997765 ], [ 4310749.992700099945068, 2624066.702499866485596, 2323.790999999997439 ], [ 4310729.842400074005127, 2624075.91379976272583, 2306.753200000006473 ], [ 4310707.274099826812744, 2624083.168000221252441, 2299.243199999997159 ], [ 4310684.70580005645752, 2624090.422100067138672, 2297.121799999993527 ], [ 4310662.137499809265137, 2624097.676300048828125, 2294.039600000003702 ], [ 4310639.569200038909912, 2624104.930300235748291, 2286.017800000001444 ], [ 4310617.000899791717529, 2624112.184400081634521, 2277.163300000000163 ], [ 4310598.865699768066406, 2624124.274700164794922, 2267.951300000000629 ], [ 4310580.730400085449219, 2624136.364799976348877, 2257.775599999993574 ], [ 4310562.595200061798096, 2624148.454899787902832, 2247.709799999996903 ], [ 4310544.45989990234375, 2624160.545100212097168, 2237.17939999999362 ], [ 4310526.324699878692627, 2624172.635200023651123, 2214.315300000002026 ], [ 4310508.189400196075439, 2624184.725500106811523, 2194.186799999995856 ], [ 4310487.031599998474121, 2624194.80049991607666, 2195.223599999997532 ], [ 4310465.873799800872803, 2624204.875800132751465, 2192.915699999997742 ], [ 4310444.716000080108643, 2624214.950799942016602, 2183.354699999996228 ], [ 4310423.558199882507324, 2624225.026000022888184, 2173.910799999997835 ], [ 4310403.407899856567383, 2624235.101099967956543, 2163.947299999999814 ], [ 4310383.257699966430664, 2624245.176300048828125, 2154.632199999992736 ], [ 4310363.107500076293945, 2624255.251399993896484, 2145.844899999996414 ], [ 4310342.957200050354004, 2624265.326600074768066, 2137.367400000002817 ], [ 4310324.418900012969971, 2624274.998700141906738, 2129.37039999999979 ], [ 4310305.88070011138916, 2624284.67080020904541, 2117.451499999995576 ], [ 4310287.342400074005127, 2624294.342999935150146, 2096.732099999993807 ], [ 4310268.804200172424316, 2624304.015100002288818, 2096.670400000002701 ], [ 4310250.265900135040283, 2624313.68720006942749, 2094.290299999993294 ], [ 4310228.772299766540527, 2624322.418900012969971, 2092.279299999994691 ], [ 4310207.27869987487793, 2624331.150800228118896, 2087.105100000000675 ], [ 4310185.785099983215332, 2624339.882599830627441, 2081.621799999993527 ], [ 4310164.291399955749512, 2624348.614200115203857, 2077.255999999993946 ], [ 4310142.797800064086914, 2624357.346099853515625, 2074.687000000005355 ], [ 4310121.304200172424316, 2624366.077799797058105, 2073.528600000005099 ] ] ] } },
{ "type": "Feature", "properties": { "OBJECT_ID": "RL26004314", "NEXTDOWNID": "RL26004293", "STRAHLER": 1, "Basin": "Rhine", "REX": "CH", "DFDD": "BH140", "RN_I_ID": null, "HYP": 1, "LOC": 44, "FUN": 6, "NVS": 5, "LENGTH": 848.8699951171875, "TR": "NA", "LONGPATH": 1312396.375, "CUM_LEN": 848.86822509765614, "PENTE": 47.325191497802734, "CGNELIN": 260403498, "BEGLIFEVER": "2015-03-22T00:00:00", "ENDLIFEVER": null, "UPDAT_BY": "1", "UPDAT_WHEN": "2015-06-24T00:00:00", "ERM_ID": "UNK", "MC": 1, "MONOT_Z": 0, "LENGTH_GEO": 848.52073775249426, "INSPIRE_ID": "EEA_EUHydro:RL26004314:2015-03-22", "thematicId": null, "TNODE": "NO26004344", "nameText": null, "CatchID": 76 }, "geometry": { "type": "MultiLineString", "coordinates": [ [ [ 4310838.653800010681152, 2624769.083300113677979, 2475.257100000002538 ], [ 4310818.503499984741211, 2624762.635200023651123, 2464.296100000006845 ], [ 4310798.353300094604492, 2624756.18720006942749, 2453.09320000000298 ], [ 4310778.203000068664551, 2624749.738999843597412, 2432.17609999999695 ], [ 4310758.052800178527832, 2624743.290999889373779, 2401.092600000003586 ], [ 4310737.902500152587891, 2624736.842899799346924, 2389.032399999996414 ], [ 4310713.7221999168396, 2624734.156099796295166, 2386.216100000005099 ], [ 4310689.541800022125244, 2624731.469399929046631, 2381.847399999998743 ], [ 4310665.361499786376953, 2624728.782800197601318, 2372.376000000003842 ], [ 4310643.867899894714355, 2624724.752699851989746, 2354.340599999995902 ], [ 4310622.374199867248535, 2624720.722599983215332, 2322.804099999993923 ], [ 4310600.880599975585938, 2624716.692699909210205, 2298.932700000004843 ], [ 4310578.7153000831604, 2624710.647500038146973, 2294.548399999999674 ], [ 4310556.550000190734863, 2624704.602399826049805, 2293.032500000001164 ], [ 4310539.086400032043457, 2624695.198999881744385, 2288.244300000005751 ], [ 4310521.622900009155273, 2624685.795400142669678, 2280.189799999992829 ], [ 4310504.159299850463867, 2624676.392000198364258, 2271.791299999997136 ], [ 4310485.352399826049805, 2624664.301799774169922, 2260.991099999999278 ], [ 4310466.545499801635742, 2624652.211699962615967, 2251.365900000004331 ], [ 4310447.73859977722168, 2624640.121600151062012, 2219.457999999998719 ], [ 4310428.931700229644775, 2624626.688000202178955, 2206.781600000002072 ], [ 4310410.12470006942749, 2624613.254499912261963, 2195.87850000000617 ], [ 4310391.317800045013428, 2624599.821100234985352, 2194.931200000006356 ], [ 4310371.167500019073486, 2624587.730700016021729, 2192.693400000003749 ], [ 4310351.017300128936768, 2624575.640699863433838, 2189.430099999997765 ], [ 4310330.867000102996826, 2624563.55049991607666, 2182.202900000003865 ], [ 4310310.716800212860107, 2624555.490399837493896, 2174.203599999993457 ], [ 4310290.566500186920166, 2624547.430300235748291, 2164.424700000003213 ], [ 4310275.453800201416016, 2624534.332600116729736, 2155.740399999995134 ], [ 4310260.341000080108643, 2624521.235099792480469, 2146.549299999998766 ], [ 4310245.228300094604492, 2624508.13730001449585, 2132.367800000007264 ], [ 4310230.115600109100342, 2624495.039599895477295, 2105.697700000004261 ], [ 4310215.338699817657471, 2624477.576000213623047, 2095.967199999999139 ], [ 4310200.56190013885498, 2624460.112599849700928, 2094.354699999996228 ], [ 4310185.784999847412109, 2624442.64900016784668, 2090.1875 ], [ 4310172.888800144195557, 2624427.334700107574463, 2088.594500000006519 ], [ 4310159.992700099945068, 2624412.020599842071533, 2084.607300000003306 ], [ 4310147.096499919891357, 2624396.706200122833252, 2080.447100000004866 ], [ 4310134.200399875640869, 2624381.392000198364258, 2076.361999999993714 ], [ 4310121.304200172424316, 2624366.077799797058105, 2073.528600000005099 ] ] ] } },
{ "type": "Feature", "properties": { "OBJECT_ID": "RL26004371", "NEXTDOWNID": "RL26004377", "STRAHLER": 1, "Basin": "Rhine", "REX": "CH", "DFDD": "BH140", "RN_I_ID": null, "HYP": 1, "LOC": 44, "FUN": 6, "NVS": 5, "LENGTH": 2429.159912109375, "TR": "Z000373852", "LONGPATH": 1320259.125, "CUM_LEN": 2429.156005859375, "PENTE": 19.238344192504883, "CGNELIN": 260302429, "BEGLIFEVER": "2015-03-22T00:00:00", "ENDLIFEVER": null, "UPDAT_BY": "1", "UPDAT_WHEN": "2015-06-24T00:00:00", "ERM_ID": "UNK", "MC": 1, "MONOT_Z": 0, "LENGTH_GEO": 2429.3344271308515, "INSPIRE_ID": "EEA_EUHydro:RL26004371:2015-03-22", "thematicId": null, "TNODE": "NO26004424", "nameText": null, "CatchID": 76 }, "geometry": { "type": "MultiLineString", "coordinates": [ [ [ 4312289.69320011138916, 2623908.634099960327148, 2335.138999999995576 ], [ 4312288.408599853515625, 2623929.117800235748291, 2332.718699999997625 ], [ 4312287.123899936676025, 2623949.60129976272583, 2330.544200000003912 ], [ 4312296.861299991607666, 2623971.999899864196777, 2327.661999999996624 ], [ 4312306.598700046539307, 2623994.398300170898438, 2323.892300000006799 ], [ 4312316.336100101470947, 2624016.796899795532227, 2320.22280000000319 ], [ 4312326.073400020599365, 2624039.195400238037109, 2316.62850000000617 ], [ 4312335.810800075531006, 2624061.593999862670898, 2313.341400000004796 ], [ 4312345.548200130462646, 2624083.992400169372559, 2310.842499999998836 ], [ 4312355.285600185394287, 2624106.390900135040283, 2309.090100000001257 ], [ 4312358.05679988861084, 2624130.301199913024902, 2308.145600000003469 ], [ 4312360.828000068664551, 2624154.21150016784668, 2307.740600000004633 ], [ 4312363.599199771881104, 2624178.121600151062012, 2308.070099999997183 ], [ 4312366.370500087738037, 2624202.031799793243408, 2308.516199999998207 ], [ 4312369.14169979095459, 2624225.941999912261963, 2307.662100000001374 ], [ 4312371.912899971008301, 2624249.852399826049805, 2303.287899999995716 ], [ 4312374.684100151062012, 2624273.762599945068359, 2300.724400000006426 ], [ 4312383.551499843597412, 2624293.202099800109863, 2298.303100000004633 ], [ 4312392.418799877166748, 2624312.641600131988525, 2296.205100000006496 ], [ 4312401.286200046539307, 2624332.081200122833252, 2295.860400000005029 ], [ 4312410.153600215911865, 2624351.520699977874756, 2291.935899999996764 ], [ 4312419.020899772644043, 2624370.960400104522705, 2286.937799999999697 ], [ 4312427.888299942016602, 2624390.399899959564209, 2281.328699999998207 ], [ 4312430.792799949645996, 2624412.230199813842773, 2276.440000000002328 ], [ 4312433.697199821472168, 2624434.060400009155273, 2271.588799999997718 ], [ 4312436.601699829101562, 2624455.890699863433838, 2266.707500000004075 ], [ 4312439.506199836730957, 2624477.721099853515625, 2261.459199999997509 ], [ 4312442.410600185394287, 2624499.551400184631348, 2255.732399999993504 ], [ 4312445.315100193023682, 2624521.381599903106689, 2249.848400000002584 ], [ 4312453.124599933624268, 2624541.144499778747559, 2243.207500000004075 ], [ 4312460.934100151062012, 2624560.907100200653076, 2236.774999999994179 ], [ 4312468.743599891662598, 2624580.669899940490723, 2231.509200000000419 ], [ 4312480.899499893188477, 2624600.40369987487793, 2225.845600000000559 ], [ 4312493.055399894714355, 2624620.137599945068359, 2220.304999999993015 ], [ 4312505.211299896240234, 2624639.871399879455566, 2214.918000000005122 ], [ 4312517.367199897766113, 2624659.605199813842773, 2202.880300000004354 ], [ 4312529.523099899291992, 2624679.339000225067139, 2201.604699999996228 ], [ 4312541.678999900817871, 2624699.07289981842041, 2198.272400000001653 ], [ 4312553.83489990234375, 2624718.806700229644775, 2197.807700000004843 ], [ 4312570.990499973297119, 2624735.506599903106689, 2196.823099999994156 ], [ 4312588.146100044250488, 2624752.206699848175049, 2194.666700000001583 ], [ 4312605.301700115203857, 2624768.906700134277344, 2191.205400000006193 ], [ 4312622.457300186157227, 2624785.606800079345703, 2187.327600000004168 ], [ 4312639.612899780273438, 2624802.306900024414062, 2183.847099999999045 ], [ 4312656.768499851226807, 2624819.006800174713135, 2180.856799999994109 ], [ 4312673.924099922180176, 2624835.706900119781494, 2178.832299999994575 ], [ 4312691.079699993133545, 2624852.406899929046631, 2177.667799999995623 ], [ 4312708.235300064086914, 2624869.106800079345703, 2176.23859999999695 ], [ 4312725.390900135040283, 2624885.806900024414062, 2173.446500000005472 ], [ 4312742.546500205993652, 2624902.507100105285645, 2170.710399999996298 ], [ 4312759.702099800109863, 2624919.207099914550781, 2168.882199999992736 ], [ 4312776.857699871063232, 2624935.907000064849854, 2164.643500000005588 ], [ 4312794.013299942016602, 2624952.607200145721436, 2159.900099999998929 ], [ 4312811.168900012969971, 2624969.30709981918335, 2155.524900000003981 ], [ 4312833.367000102996826, 2624979.114099979400635, 2154.643899999995483 ], [ 4312855.565000057220459, 2624988.92110013961792, 2151.9807 ], [ 4312877.763100147247314, 2624998.728099822998047, 2148.532500000001164 ], [ 4312899.96120023727417, 2625008.535200119018555, 2143.339000000007218 ], [ 4312922.159200191497803, 2625018.342199802398682, 2140.269499999994878 ], [ 4312944.3572998046875, 2625028.149199962615967, 2136.612899999992806 ], [ 4312966.555300235748291, 2625037.956200122833252, 2132.891499999997905 ], [ 4312988.753399848937988, 2625047.763199806213379, 2127.740499999999884 ], [ 4313012.001900196075439, 2625053.60129976272583, 2126.240600000004633 ], [ 4313035.25029993057251, 2625059.439599990844727, 2123.032500000001164 ], [ 4313058.498799800872803, 2625065.2778000831604, 2120.127200000002631 ], [ 4313081.747300148010254, 2625071.116099834442139, 2116.258700000005774 ], [ 4313104.995699882507324, 2625076.95419979095459, 2107.165500000002794 ], [ 4313128.244200229644775, 2625082.792500019073486, 2100.200800000005984 ], [ 4313151.492700099945068, 2625088.630599975585938, 2097.242499999993015 ], [ 4313174.741099834442139, 2625094.468800067901611, 2095.316800000000512 ], [ 4313197.98960018157959, 2625100.307000160217285, 2092.837400000003981 ], [ 4313215.108500003814697, 2625108.769999980926514, 2091.465599999995902 ], [ 4313232.227499961853027, 2625117.232900142669678, 2088.200800000005984 ], [ 4313249.346399784088135, 2625125.696000099182129, 2081.888800000000629 ], [ 4313266.4653000831604, 2625134.158899784088135, 2073.810400000002119 ], [ 4313279.523099899291992, 2625155.030799865722656, 2073.616099999999278 ], [ 4313292.580900192260742, 2625175.902999877929688, 2069.865699999994831 ], [ 4313305.638599872589111, 2625196.775000095367432, 2064.082500000004075 ], [ 4313318.696400165557861, 2625217.646900177001953, 2057.399900000003981 ], [ 4313339.064400196075439, 2625231.448400020599365, 2053.216899999999441 ], [ 4313359.432300090789795, 2625245.249800205230713, 2045.979699999996228 ], [ 4313379.800300121307373, 2625259.051199913024902, 2037.248500000001513 ], [ 4313400.168200016021729, 2625272.852399826049805, 2028.202799999999115 ], [ 4313420.536200046539307, 2625286.653800010681152, 2014.025399999998626 ], [ 4313440.904099941253662, 2625300.4552001953125, 1998.517200000002049 ], [ 4313461.27209997177124, 2625314.256599903106689, 1997.391099999993457 ], [ 4313481.639999866485596, 2625328.058000087738037, 1991.069399999993038 ], [ 4313502.007999897003174, 2625341.859499931335449, 1979.934899999992922 ], [ 4313522.375899791717529, 2625355.660799980163574, 1970.021599999992759 ], [ 4313542.743899822235107, 2625369.462200164794922, 1958.643100000001141 ], [ 4313563.111800193786621, 2625383.263500213623047, 1938.551000000006752 ], [ 4313583.033500194549561, 2625392.196800231933594, 1936.078699999998207 ], [ 4313602.955100059509277, 2625401.130099773406982, 1929.809299999993527 ], [ 4313622.876800060272217, 2625410.063399791717529, 1917.865300000004936 ], [ 4313642.798500061035156, 2625418.996600151062012, 1908.645900000003166 ], [ 4313662.720099925994873, 2625427.929800033569336, 1896.056800000005751 ], [ 4313682.641799926757812, 2625436.863100051879883, 1893.434200000003329 ], [ 4313693.478899955749512, 2625455.184299945831299, 1892.155899999997928 ], [ 4313704.315899848937988, 2625473.505499839782715, 1888.992599999997765 ], [ 4313715.152999877929688, 2625491.826700210571289, 1884.873800000001211 ], [ 4313725.990099906921387, 2625510.147900104522705, 1881.42609999999695 ], [ 4313736.827099800109863, 2625528.469099998474121, 1877.801800000001094 ], [ 4313747.664199829101562, 2625546.790299892425537, 1874.494300000005751 ], [ 4313768.008800029754639, 2625553.743599891662598, 1871.422900000005029 ], [ 4313788.353300094604492, 2625560.697000026702881, 1869.184599999993225 ], [ 4313808.69789981842041, 2625567.650300025939941, 1867.809599999993225 ] ] ] } },
{ "type": "Feature", "properties": { "OBJECT_ID": "RL26004372", "NEXTDOWNID": "RL26004377", "STRAHLER": 3, "Basin": "Rhine", "REX": "CH", "DFDD": "BH140", "RN_I_ID": null, "HYP": 1, "LOC": 44, "FUN": 6, "NVS": 5, "LENGTH": 1777.8699951171875, "TR": "Z000373836", "LONGPATH": 1319607.875, "CUM_LEN": 13735.84375, "PENTE": 5.0784964561462402, "CGNELIN": 260200588, "BEGLIFEVER": "2015-03-22T00:00:00", "ENDLIFEVER": null, "UPDAT_BY": "1", "UPDAT_WHEN": "2015-06-24T00:00:00", "ERM_ID": "UNK", "MC": 1, "MONOT_Z": 0, "LENGTH_GEO": 1778.7268425273207, "INSPIRE_ID": "EEA_EUHydro:RL26004372:2015-03-22", "thematicId": null, "TNODE": "NO26004424", "nameText": null, "CatchID": 76 }, "geometry": { "type": "MultiLineString", "coordinates": [ [ [ 4314447.01170015335083, 2624033.619400024414062, 1958.098899999997229 ], [ 4314444.026599884033203, 2624054.514800071716309, 1957.99890000000596 ], [ 4314441.041600227355957, 2624075.410500049591064, 1957.958499999993364 ], [ 4314438.05649995803833, 2624096.305900096893311, 1958.003299999996671 ], [ 4314421.638599872589111, 2624108.246300220489502, 1957.901800000006915 ], [ 4314405.220600128173828, 2624120.186500072479248, 1957.558399999994435 ], [ 4314388.802700042724609, 2624132.126900196075439, 1957.0512000000017 ], [ 4314376.489299774169922, 2624153.395599842071533, 1956.762100000007194 ], [ 4314364.17579984664917, 2624174.664299964904785, 1956.355200000005425 ], [ 4314351.862400054931641, 2624195.932899951934814, 1955.732900000002701 ], [ 4314339.548900127410889, 2624217.201600074768066, 1954.656300000002375 ], [ 4314332.08620023727417, 2624235.111999988555908, 1953.445200000001932 ], [ 4314324.623499870300293, 2624253.022500038146973, 1952.247600000002421 ], [ 4314317.160799980163574, 2624270.933000087738037, 1951.020300000003772 ], [ 4314317.160799980163574, 2624295.559899806976318, 1949.081099999995786 ], [ 4314317.160799980163574, 2624320.186699867248535, 1947.272500000006403 ], [ 4314326.116000175476074, 2624339.589799880981445, 1946.226599999994505 ], [ 4314335.071300029754639, 2624358.992800235748291, 1945.525200000003679 ], [ 4314344.026500225067139, 2624378.395699977874756, 1945.051600000006147 ], [ 4314333.578700065612793, 2624400.783899784088135, 1944.020000000004075 ], [ 4314323.13100004196167, 2624423.171899795532227, 1942.84440000000177 ], [ 4314312.683199882507324, 2624445.559999942779541, 1941.760200000004261 ], [ 4314297.757800102233887, 2624463.470399856567383, 1941.064499999993131 ], [ 4314282.832499980926514, 2624481.380799770355225, 1940.764699999999721 ], [ 4314267.907100200653076, 2624499.291399955749512, 1940.946599999995669 ], [ 4314264.921999931335449, 2624518.694300174713135, 1940.907999999995809 ], [ 4314261.93690013885498, 2624538.097400188446045, 1940.836200000005192 ], [ 4314258.951799869537354, 2624557.50029993057251, 1940.625899999999092 ], [ 4314265.668200016021729, 2624578.769000053405762, 1940.346999999994296 ], [ 4314272.384699821472168, 2624600.037700176239014, 1939.845700000005309 ], [ 4314279.101099967956543, 2624621.306399822235107, 1938.922300000005635 ], [ 4314285.817500114440918, 2624642.575099945068359, 1937.738100000002305 ], [ 4314293.280200004577637, 2624658.993000030517578, 1936.435200000007171 ], [ 4314300.742899894714355, 2624675.410999774932861, 1935.035399999993388 ], [ 4314308.205599784851074, 2624691.828800201416016, 1933.430600000006962 ], [ 4314306.414599895477295, 2624715.112500190734863, 1931.264299999995274 ], [ 4314304.623499870300293, 2624738.395999908447266, 1929.487699999997858 ], [ 4314302.832499980926514, 2624761.679699897766113, 1927.693100000004051 ], [ 4314301.041399955749512, 2624784.963300228118896, 1925.472899999993388 ], [ 4314299.250400066375732, 2624808.246799945831299, 1923.437699999994948 ], [ 4314290.295199871063232, 2624829.142399787902832, 1921.276299999997718 ], [ 4314281.339900016784668, 2624850.038000106811523, 1920.294500000003609 ], [ 4314272.384699821472168, 2624870.93340015411377, 1920.284700000003795 ], [ 4314267.011600017547607, 2624892.42609977722168, 1919.998000000006869 ], [ 4314261.638400077819824, 2624913.918600082397461, 1919.229699999996228 ], [ 4314256.265299797058105, 2624935.411099910736084, 1919.582500000004075 ], [ 4314250.892099857330322, 2624956.903600215911865, 1919.860300000000279 ], [ 4314245.519000053405762, 2624978.396200180053711, 1920.245899999994435 ], [ 4314235.668200016021729, 2624997.202300071716309, 1919.805099999997765 ], [ 4314225.817500114440918, 2625016.008200168609619, 1919.880099999994854 ], [ 4314215.966700077056885, 2625034.814099788665771, 1919.997499999997672 ], [ 4314206.116000175476074, 2625053.620200157165527, 1919.713099999993574 ], [ 4314196.265200138092041, 2625072.426199913024902, 1920.161399999997229 ], [ 4314182.832399845123291, 2625088.097799777984619, 1919.714500000001863 ], [ 4314169.399499893188477, 2625103.769499778747559, 1920.2163 ], [ 4314151.489099979400635, 2625118.321800231933594, 1919.530400000003283 ], [ 4314133.57859992980957, 2625132.873899936676025, 1918.660499999998137 ], [ 4314115.668200016021729, 2625147.426300048828125, 1917.583599999998114 ], [ 4314097.757699966430664, 2625161.978499889373779, 1916.024999999994179 ], [ 4314080.966599941253662, 2625176.530700206756592, 1914.062999999994645 ], [ 4314064.175600051879883, 2625191.083099842071533, 1911.916599999996834 ], [ 4314047.384500026702881, 2625205.635200023651123, 1910.043499999999767 ], [ 4314030.593400001525879, 2625220.1875, 1908.085800000000745 ], [ 4314015.668000221252441, 2625239.590499877929688, 1905.759900000004563 ], [ 4314000.742700099945068, 2625258.993500232696533, 1900.081600000004983 ], [ 4313985.817299842834473, 2625278.396599769592285, 1899.024900000003981 ], [ 4313976.537600040435791, 2625296.459400177001953, 1898.991200000004028 ], [ 4313967.257900238037109, 2625314.522500038146973, 1897.99189999999362 ], [ 4313957.978099822998047, 2625332.585400104522705, 1895.998699999996461 ], [ 4313948.698400020599365, 2625350.648200035095215, 1893.528099999995902 ], [ 4313934.698299884796143, 2625369.315000057220459, 1890.163499999995111 ], [ 4313920.698299884796143, 2625387.981800079345703, 1886.763999999995576 ], [ 4313906.698200225830078, 2625406.648799896240234, 1883.804099999993923 ], [ 4313894.448200225830078, 2625426.77400016784668, 1881.582699999999022 ], [ 4313882.198100090026855, 2625446.899099826812744, 1879.316200000001118 ], [ 4313869.948100090026855, 2625467.024300098419189, 1877.535000000003492 ], [ 4313857.698100090026855, 2625487.149499893188477, 1875.664399999994203 ], [ 4313845.447999954223633, 2625507.274700164794922, 1873.849199999996927 ], [ 4313833.197999954223633, 2625527.400000095367432, 1871.621700000003329 ], [ 4313820.94789981842041, 2625547.525100231170654, 1869.715400000000955 ], [ 4313808.69789981842041, 2625567.650300025939941, 1867.809599999993225 ] ] ] } },
{ "type": "Feature", "properties": { "OBJECT_ID": "RL26004377", "NEXTDOWNID": "RL26004474", "STRAHLER": 3, "Basin": "Rhine", "REX": "CH", "DFDD": "BH140", "RN_I_ID": null, "HYP": 1, "LOC": 44, "FUN": 6, "NVS": 5, "LENGTH": 285.1099853515625, "TR": "Z000373604", "LONGPATH": 1317830.0, "CUM_LEN": 16450.107421875, "PENTE": 7.7819437980651864, "CGNELIN": 260200588, "BEGLIFEVER": "2015-03-22T00:00:00", "ENDLIFEVER": null, "UPDAT_BY": "1", "UPDAT_WHEN": "2015-06-24T00:00:00", "ERM_ID": "UNK", "MC": 1, "MONOT_Z": 0, "LENGTH_GEO": 285.32577556054639, "INSPIRE_ID": "EEA_EUHydro:RL26004377:2015-03-22", "thematicId": null, "TNODE": "NO26004428", "nameText": null, "CatchID": 76 }, "geometry": { "type": "MultiLineString", "coordinates": [ [ [ 4313808.69789981842041, 2625567.650300025939941, 1867.809599999993225 ], [ 4313815.79580020904541, 2625587.731299877166748, 1865.782000000006519 ], [ 4313822.893599987030029, 2625607.81220006942749, 1864.35109999999986 ], [ 4313829.991499900817871, 2625627.893099784851074, 1862.91370000000461 ], [ 4313825.814300060272217, 2625651.51039981842041, 1861.200599999996484 ], [ 4313821.63700008392334, 2625675.127900123596191, 1859.935400000002119 ], [ 4313817.459799766540527, 2625698.745299816131592, 1858.580700000005891 ], [ 4313813.282599925994873, 2625722.36269998550415, 1856.693499999993946 ], [ 4313809.105400085449219, 2625745.980100154876709, 1855.011199999993551 ], [ 4313804.928100109100342, 2625769.597499847412109, 1853.228300000002491 ], [ 4313800.750899791717529, 2625793.214799880981445, 1851.043499999999767 ], [ 4313791.34689998626709, 2625808.298200130462646, 1849.12960000000021 ], [ 4313781.942800045013428, 2625823.381499767303467, 1847.36699999999837 ], [ 4313772.53879976272583, 2625838.464900016784668, 1845.622700000007171 ] ] ] } },
{ "type": "Feature", "properties": { "OBJECT_ID": "RL26004404", "NEXTDOWNID": "RL26004474", "STRAHLER": 1, "Basin": "Rhine", "REX": "CH", "DFDD": "BH140", "RN_I_ID": null, "HYP": 1, "LOC": 44, "FUN": 6, "NVS": 5, "LENGTH": 1482.72998046875, "TR": "NA", "LONGPATH": 1319027.625, "CUM_LEN": 1482.7298583984373, "PENTE": 45.222091674804688, "CGNELIN": 260302425, "BEGLIFEVER": "2015-03-22T00:00:00", "ENDLIFEVER": null, "UPDAT_BY": "1", "UPDAT_WHEN": "2015-06-24T00:00:00", "ERM_ID": "UNK", "MC": 1, "MONOT_Z": 0, "LENGTH_GEO": 1481.6542247521431, "INSPIRE_ID": "EEA_EUHydro:RL26004404:2015-03-22", "thematicId": null, "TNODE": "NO26004428", "nameText": null, "CatchID": 76 }, "geometry": { "type": "MultiLineString", "coordinates": [ [ [ 4315165.420300006866455, 2626264.964600086212158, 2515.69090000000142 ], [ 4315144.856400012969971, 2626255.014200210571289, 2498.867299999998068 ], [ 4315124.292600154876709, 2626245.064099788665771, 2490.912299999996321 ], [ 4315103.728700160980225, 2626235.113800048828125, 2488.32050000000163 ], [ 4315083.16480016708374, 2626225.16349983215332, 2485.884000000005472 ], [ 4315062.60099983215332, 2626215.213300228118896, 2483.89440000000468 ], [ 4315042.037099838256836, 2626205.263100147247314, 2480.040800000002491 ], [ 4315021.473199844360352, 2626195.312699794769287, 2475.933199999999488 ], [ 4315000.90939998626709, 2626185.362599849700928, 2470.424199999994016 ], [ 4314980.345499992370605, 2626175.412199974060059, 2463.329299999997602 ], [ 4314957.791600227355957, 2626171.43209981918335, 2455.125700000004144 ], [ 4314935.23769998550415, 2626167.452000141143799, 2447.529299999994691 ], [ 4314912.683700084686279, 2626163.47189998626709, 2440.032200000001467 ], [ 4314890.129799842834473, 2626159.491899967193604, 2431.400899999993271 ], [ 4314867.575900077819824, 2626155.51170015335083, 2403.970300000000861 ], [ 4314845.021999835968018, 2626151.531599998474121, 2392.476699999999255 ], [ 4314822.467999935150146, 2626147.551400184631348, 2387.531499999997322 ], [ 4314799.914100170135498, 2626143.571300029754639, 2382.741500000003725 ], [ 4314777.360199928283691, 2626139.59119987487793, 2374.329400000002352 ], [ 4314752.484600067138672, 2626137.60129976272583, 2362.400599999993574 ], [ 4314727.60890007019043, 2626135.611199855804443, 2351.243199999997159 ], [ 4314702.73330020904541, 2626133.621099948883057, 2340.115300000004936 ], [ 4314677.857699871063232, 2626131.63100004196167, 2320.763699999995879 ], [ 4314652.98199987411499, 2626129.64109992980957, 2301.157999999995809 ], [ 4314628.106400012969971, 2626127.651000022888184, 2297.347500000003492 ], [ 4314606.78439998626709, 2626124.239500045776367, 2294.44210000000021 ], [ 4314585.462399959564209, 2626120.827899932861328, 2289.978199999997742 ], [ 4314564.140399932861328, 2626117.416500091552734, 2281.67160000000149 ], [ 4314542.81850004196167, 2626114.004899978637695, 2271.751999999993131 ], [ 4314521.496500015258789, 2626110.593299865722656, 2258.708899999997811 ], [ 4314500.174499988555908, 2626107.181900024414062, 2222.605400000000373 ], [ 4314478.852499961853027, 2626103.770299911499023, 2193.142600000006496 ], [ 4314456.165900230407715, 2626100.188300132751465, 2186.70350000000326 ], [ 4314433.479300022125244, 2626096.606200218200684, 2186.092399999994086 ], [ 4314410.792799949645996, 2626093.024099826812744, 2179.018700000000536 ], [ 4314388.106200218200684, 2626089.441999912261963, 2163.915900000007241 ], [ 4314365.419600009918213, 2626085.859899997711182, 2102.504400000005262 ], [ 4314346.016600131988525, 2626079.889800071716309, 2093.421100000006845 ], [ 4314326.61359977722168, 2626073.919700145721436, 2082.979800000000978 ], [ 4314307.210599899291992, 2626067.94950008392334, 2061.805399999997462 ], [ 4314287.807600021362305, 2626061.979199886322021, 2021.987800000002608 ], [ 4314265.120999813079834, 2626054.815000057220459, 2010.601699999999255 ], [ 4314242.434400081634521, 2626047.650800228118896, 2010.403200000000652 ], [ 4314219.747799873352051, 2626040.486700057983398, 1999.523700000005192 ], [ 4314197.061200141906738, 2626033.322500228881836, 1996.712899999998626 ], [ 4314174.374599933624268, 2626026.158299922943115, 1993.34429999999702 ], [ 4314151.688000202178955, 2626020.188199996948242, 1984.268500000005588 ], [ 4314129.001399993896484, 2626014.218100070953369, 1972.071500000005472 ], [ 4314106.314899921417236, 2626008.247799873352051, 1959.919599999993807 ], [ 4314083.628300189971924, 2626002.277699947357178, 1942.108600000006845 ], [ 4314060.941699981689453, 2625996.307499885559082, 1906.849799999996321 ], [ 4314039.05109977722168, 2625992.327499866485596, 1899.400500000003376 ], [ 4314017.160600185394287, 2625988.347400188446045, 1895.814199999993434 ], [ 4313995.269999980926514, 2625984.367199897766113, 1894.817899999994552 ], [ 4313972.881899833679199, 2625976.904500007629395, 1891.740399999995134 ], [ 4313950.493899822235107, 2625969.44189977645874, 1884.408500000005006 ], [ 4313928.105800151824951, 2625961.979199886322021, 1874.861399999994319 ], [ 4313905.717700004577637, 2625954.516499996185303, 1866.854999999995925 ], [ 4313889.299799919128418, 2625939.591100215911865, 1861.334000000002561 ], [ 4313872.881899833679199, 2625924.66569995880127, 1856.42949999999837 ], [ 4313856.463900089263916, 2625909.740300178527832, 1851.958299999998417 ], [ 4313840.046000003814697, 2625894.814899921417236, 1848.635699999998906 ], [ 4313823.16919994354248, 2625880.727399826049805, 1846.240000000005239 ], [ 4313806.292399883270264, 2625866.639999866485596, 1845.246400000003632 ], [ 4313789.415599822998047, 2625852.552499771118164, 1845.169399999998859 ], [ 4313772.53879976272583, 2625838.464900016784668, 1845.622700000007171 ] ] ] } },
{ "type": "Feature", "properties": { "OBJECT_ID": "RL26004412", "NEXTDOWNID": "RL26004525", "STRAHLER": 1, "Basin": "Rhine", "REX": "CH", "DFDD": "BH140", "RN_I_ID": null, "HYP": 1, "LOC": 44, "FUN": 6, "NVS": 5, "LENGTH": 711.8900146484375, "TR": "NA", "LONGPATH": 1322764.375, "CUM_LEN": 711.88922119140625, "PENTE": 0.71988731622695901, "CGNELIN": 260302382, "BEGLIFEVER": "2015-03-22T00:00:00", "ENDLIFEVER": null, "UPDAT_BY": "1", "UPDAT_WHEN": "2015-06-24T00:00:00", "ERM_ID": "UNK", "MC": 1, "MONOT_Z": 0, "LENGTH_GEO": 711.89775669576318, "INSPIRE_ID": "EEA_EUHydro:RL26004412:2015-03-22", "thematicId": null, "TNODE": "NO26004461", "nameText": null, "CatchID": 76 }, "geometry": { "type": "MultiLineString", "coordinates": [ [ [ 4317199.293900012969971, 2626054.361400127410889, 2381.121700000003329 ], [ 4317195.997399806976318, 2626054.602700233459473, 2381.365799999999581 ], [ 4317194.553599834442139, 2626061.511499881744385, 2380.245999999999185 ], [ 4317191.304900169372559, 2626063.743000030517578, 2380.426500000001397 ], [ 4317189.417399883270264, 2626070.19789981842041, 2380.251900000002934 ], [ 4317180.056399822235107, 2626080.755799770355225, 2379.174799999993411 ], [ 4317174.078400135040283, 2626094.015699863433838, 2377.868900000001304 ], [ 4317168.100299835205078, 2626107.275599956512451, 2377.263399999996182 ], [ 4317154.989999771118164, 2626124.152699947357178, 2376.240999999994528 ], [ 4317154.632699966430664, 2626124.61269998550415, 2376.240999999994528 ], [ 4317140.537499904632568, 2626137.628399848937988, 2376.246899999998277 ], [ 4317126.442399978637695, 2626150.644199848175049, 2376.240999999994528 ], [ 4317112.3471999168396, 2626163.660099983215332, 2376.240999999994528 ], [ 4317098.251999855041504, 2626176.675899982452393, 2376.240999999994528 ], [ 4317085.474999904632568, 2626185.406099796295166, 2376.240999999994528 ], [ 4317072.69789981842041, 2626194.136199951171875, 2376.240999999994528 ], [ 4317067.130499839782715, 2626195.626299858093262, 2376.240999999994528 ], [ 4317062.091400146484375, 2626194.660500049591064, 2376.240999999994528 ], [ 4317045.942599773406982, 2626184.582099914550781, 2376.240999999994528 ], [ 4317030.772799968719482, 2626179.901199817657471, 2376.240999999994528 ], [ 4317015.603000164031982, 2626175.220200061798096, 2376.240999999994528 ], [ 4316998.894700050354004, 2626165.830999851226807, 2376.240999999994528 ], [ 4316982.186500072479248, 2626156.441699981689453, 2376.240999999994528 ], [ 4316967.31659984588623, 2626151.306399822235107, 2376.240999999994528 ], [ 4316952.656000137329102, 2626151.36959981918335, 2376.240999999994528 ], [ 4316938.007599830627441, 2626155.57889986038208, 2376.240999999994528 ], [ 4316923.359099864959717, 2626159.788300037384033, 2376.240999999994528 ], [ 4316911.153800010681152, 2626166.4721999168396, 2376.240999999994528 ], [ 4316897.851099967956543, 2626182.43720006942749, 2376.240999999994528 ], [ 4316884.548500061035156, 2626198.402299880981445, 2376.240999999994528 ], [ 4316871.245800018310547, 2626214.367199897766113, 2376.240999999994528 ], [ 4316859.762800216674805, 2626231.353499889373779, 2376.240999999994528 ], [ 4316848.279699802398682, 2626248.340099811553955, 2376.240999999994528 ], [ 4316836.796700000762939, 2626265.326600074768066, 2376.240999999994528 ], [ 4316825.313600063323975, 2626282.313000202178955, 2376.240999999994528 ], [ 4316813.830599784851074, 2626299.299399852752686, 2376.240999999994528 ], [ 4316802.829699993133545, 2626314.327499866485596, 2376.240999999994528 ], [ 4316791.828700065612793, 2626329.355400085449219, 2376.240999999994528 ], [ 4316782.144899845123291, 2626340.785999774932861, 2376.240999999994528 ], [ 4316772.460999965667725, 2626352.216300010681152, 2376.240999999994528 ], [ 4316760.452700138092041, 2626363.230700016021729, 2376.240999999994528 ], [ 4316748.444300174713135, 2626374.245399951934814, 2376.240999999994528 ], [ 4316739.617700099945068, 2626384.835400104522705, 2376.240999999994528 ], [ 4316733.384399890899658, 2626398.270299911499023, 2376.240999999994528 ], [ 4316729.679699897766113, 2626413.565599918365479, 2376.240999999994528 ], [ 4316728.696599960327148, 2626429.985099792480469, 2376.240999999994528 ], [ 4316730.385900020599365, 2626447.671500205993652, 2376.415999999997439 ] ] ] } },
{ "type": "Feature", "properties": { "OBJECT_ID": "RL26004473", "NEXTDOWNID": "RL26004726", "STRAHLER": 1, "Basin": "Rhine", "REX": "CH", "DFDD": "BH140", "RN_I_ID": null, "HYP": 1, "LOC": 44, "FUN": 6, "NVS": 5, "LENGTH": 2606.6201171875, "TR": "Z000373160", "LONGPATH": 1317757.375, "CUM_LEN": 2606.6220703125, "PENTE": 24.628835678100582, "CGNELIN": 260302415, "BEGLIFEVER": "2015-03-22T00:00:00", "ENDLIFEVER": null, "UPDAT_BY": "1", "UPDAT_WHEN": "2015-06-24T00:00:00", "ERM_ID": "UNK", "MC": 1, "MONOT_Z": 0, "LENGTH_GEO": 2607.2024947247787, "INSPIRE_ID": "EEA_EUHydro:RL26004473:2015-03-22", "thematicId": null, "TNODE": "NO26004527", "nameText": null, "CatchID": 76 }, "geometry": { "type": "MultiLineString", "coordinates": [ [ [ 4311603.691100120544434, 2625882.65339994430542, 2362.325800000005984 ], [ 4311587.826000213623047, 2625894.208000183105469, 2360.807300000000396 ], [ 4311571.960899829864502, 2625905.762599945068359, 2359.774399999994785 ], [ 4311556.095799922943115, 2625917.316999912261963, 2357.732099999993807 ], [ 4311540.230700016021729, 2625928.871600151062012, 2354.913499999995111 ], [ 4311530.48829984664917, 2625948.553800106048584, 2350.60460000000603 ], [ 4311520.745999813079834, 2625968.236199855804443, 2345.946299999995972 ], [ 4311511.003600120544434, 2625987.918200016021729, 2341.723299999997835 ], [ 4311501.261199951171875, 2626007.600699901580811, 2338.641699999992852 ], [ 4311484.517099857330322, 2626019.452799797058105, 2335.89770000000135 ], [ 4311467.772900104522705, 2626031.304800033569336, 2333.506599999993341 ], [ 4311451.028800010681152, 2626043.156799793243408, 2332.086200000005192 ], [ 4311434.284599781036377, 2626055.008900165557861, 2331.160699999993085 ], [ 4311417.540500164031982, 2626066.861000061035156, 2331.229900000005728 ], [ 4311410.171500205993652, 2626087.517300128936768, 2329.685299999997369 ], [ 4311402.802499771118164, 2626108.173299789428711, 2328.912599999996019 ], [ 4311395.433499813079834, 2626128.829500198364258, 2327.100699999995413 ], [ 4311388.064400196075439, 2626149.485700130462646, 2324.225699999995413 ], [ 4311380.695400238037109, 2626170.141799926757812, 2321.324200000002747 ], [ 4311373.326399803161621, 2626190.798099994659424, 2318.534899999998743 ], [ 4311362.436600208282471, 2626209.774099826812744, 2316.03519999999844 ], [ 4311351.546800136566162, 2626228.750100135803223, 2315.746799999993527 ], [ 4311340.657000064849854, 2626247.72629976272583, 2314.383199999996577 ], [ 4311329.767199993133545, 2626266.702300071716309, 2313.807199999995646 ], [ 4311331.44920015335083, 2626289.367800235748291, 2311.478799999997136 ], [ 4311333.131100177764893, 2626312.033500194549561, 2309.609299999996438 ], [ 4311334.81309986114502, 2626334.698999881744385, 2307.287599999996019 ], [ 4311336.495100021362305, 2626357.364500045776367, 2305.74199999999837 ], [ 4311338.177000045776367, 2626380.03000020980835, 2301.467399999994086 ], [ 4311339.859000205993652, 2626402.695499897003174, 2299.736900000003516 ], [ 4311337.494100093841553, 2626425.293799877166748, 2299.393599999995786 ], [ 4311335.129199981689453, 2626447.892300128936768, 2299.698000000003958 ], [ 4311332.764299869537354, 2626470.490600109100342, 2299.889599999994971 ], [ 4311330.399400234222412, 2626493.088799953460693, 2299.923999999999069 ], [ 4311335.872000217437744, 2626514.668900012969971, 2298.619200000001001 ], [ 4311341.344600200653076, 2626536.249000072479248, 2296.721300000004703 ], [ 4311346.817299842834473, 2626557.82919979095459, 2294.92149999999674 ], [ 4311352.289899826049805, 2626579.409299850463867, 2291.96020000000135 ], [ 4311357.762499809265137, 2626600.989500045776367, 2287.916200000006938 ], [ 4311367.991199970245361, 2626622.508999824523926, 2282.901899999997113 ], [ 4311378.219799995422363, 2626644.028600215911865, 2277.485400000005029 ], [ 4311388.448500156402588, 2626665.548299789428711, 2271.305699999997159 ], [ 4311398.677199840545654, 2626687.06790018081665, 2265.618700000006356 ], [ 4311408.905799865722656, 2626708.587600231170654, 2260.391499999997905 ], [ 4311419.134500026702881, 2626730.107200145721436, 2255.994699999995646 ], [ 4311434.55649995803833, 2626745.613900184631348, 2252.248699999996461 ], [ 4311449.978400230407715, 2626761.12060022354126, 2249.035499999998137 ], [ 4311465.400400161743164, 2626776.627299785614014, 2246.560400000002119 ], [ 4311480.822299957275391, 2626792.134099960327148, 2244.551399999996647 ], [ 4311494.474400043487549, 2626810.081999778747559, 2242.739300000001094 ], [ 4311508.126500129699707, 2626828.029600143432617, 2241.27390000000014 ], [ 4311521.778600215911865, 2626845.977399826049805, 2238.702000000004773 ], [ 4311535.430699825286865, 2626863.92519998550415, 2234.684800000002724 ], [ 4311549.082699775695801, 2626881.872900009155273, 2230.789399999994203 ], [ 4311562.734799861907959, 2626899.820700168609619, 2226.227700000003097 ], [ 4311576.386899948120117, 2626917.768499851226807, 2221.794800000003306 ], [ 4311590.039000034332275, 2626935.716100215911865, 2217.275899999993271 ], [ 4311603.691100120544434, 2626953.66379976272583, 2206.392699999996694 ], [ 4311618.760499954223633, 2626970.282400131225586, 2199.6646999999939 ], [ 4311633.829899787902832, 2626986.900800228118896, 2197.634099999995669 ], [ 4311648.899400234222412, 2627003.519199848175049, 2197.747600000002421 ], [ 4311663.968800067901611, 2627020.137599945068359, 2194.323999999993248 ], [ 4311679.038199901580811, 2627036.75600004196167, 2192.417799999995623 ], [ 4311694.107600212097168, 2627053.37440013885498, 2189.952999999994063 ], [ 4311713.92710018157959, 2627066.537300109863281, 2185.418000000005122 ], [ 4311733.746699810028076, 2627079.700399875640869, 2180.14440000000468 ], [ 4311753.566199779510498, 2627092.863200187683105, 2174.730500000005122 ], [ 4311773.385799884796143, 2627106.026199817657471, 2168.395199999999022 ], [ 4311793.205299854278564, 2627119.189099788665771, 2162.1587 ], [ 4311800.53849983215332, 2627142.955399990081787, 2157.475399999995716 ], [ 4311807.871600151062012, 2627166.721700191497803, 2152.850099999996019 ], [ 4311815.204800128936768, 2627190.487899780273438, 2148.076499999995576 ], [ 4311822.537899971008301, 2627214.254300117492676, 2141.245800000004238 ], [ 4311829.871099948883057, 2627238.020599842071533, 2129.723899999997229 ], [ 4311837.20419979095459, 2627261.786900043487549, 2093.088099999993574 ], [ 4311844.537300109863281, 2627285.553100109100342, 2093.656099999992875 ], [ 4311851.870500087738037, 2627309.319300174713135, 2093.548299999994924 ], [ 4311859.203700065612793, 2627333.085599899291992, 2085.230999999999767 ], [ 4311866.536799907684326, 2627356.851900100708008, 2075.181200000006356 ], [ 4311873.869999885559082, 2627380.618199825286865, 2066.2788 ], [ 4311881.203100204467773, 2627404.384500026702881, 2057.89089999999851 ], [ 4311897.03249979019165, 2627417.269800186157227, 2051.3943 ], [ 4311912.861899852752686, 2627430.155200004577637, 2044.733500000002095 ], [ 4311928.691299915313721, 2627443.040500164031982, 2038.438899999993737 ], [ 4311944.520699977874756, 2627455.925899982452393, 2024.789300000004005 ], [ 4311960.350100040435791, 2627468.811299800872803, 1997.841100000005099 ], [ 4311972.507100105285645, 2627484.688600063323975, 1995.611300000004121 ], [ 4311984.664100170135498, 2627500.565999984741211, 1989.642099999997299 ], [ 4311996.821100234985352, 2627516.443299770355225, 1983.555699999997159 ], [ 4312008.978099822998047, 2627532.320700168609619, 1975.378899999996065 ], [ 4312032.940299987792969, 2627535.347400188446045, 1970.832800000003772 ], [ 4312056.902500152587891, 2627538.374100208282471, 1961.469100000002072 ], [ 4312080.864699840545654, 2627541.401000022888184, 1952.234899999995832 ], [ 4312104.826900005340576, 2627544.427599906921387, 1942.620999999999185 ], [ 4312128.789100170135498, 2627547.454500198364258, 1916.151700000002165 ], [ 4312152.751299858093262, 2627550.481200218200684, 1903.414600000003702 ], [ 4312173.12440013885498, 2627556.506700038909912, 1896.055099999997765 ], [ 4312193.497399806976318, 2627562.53249979019165, 1888.013800000000629 ], [ 4312213.870500087738037, 2627568.558000087738037, 1875.112999999997555 ], [ 4312234.243599891662598, 2627574.583600044250488, 1875.577000000004773 ], [ 4312254.616600036621094, 2627580.609399795532227, 1865.098499999992782 ], [ 4312274.989699840545654, 2627586.634900093078613, 1856.937300000005052 ], [ 4312288.464600086212158, 2627600.726099967956543, 1849.804300000003423 ], [ 4312301.939400196075439, 2627614.817200183868408, 1816.881999999997788 ], [ 4312315.414299964904785, 2627628.908500194549561, 1795.670899999997346 ], [ 4312328.889100074768066, 2627642.999599933624268, 1792.451400000005378 ], [ 4312342.69890022277832, 2627662.441999912261963, 1788.2932 ], [ 4312356.508699893951416, 2627681.884500026702881, 1787.399900000003981 ], [ 4312370.31850004196167, 2627701.326900005340576, 1778.314199999993434 ], [ 4312384.128300189971924, 2627720.769400119781494, 1765.839300000006915 ], [ 4312397.93809986114502, 2627740.211800098419189, 1754.053899999998976 ], [ 4312411.747900009155273, 2627759.654300212860107, 1738.612999999997555 ], [ 4312431.815499782562256, 2627772.488200187683105, 1736.842199999999139 ], [ 4312451.883100032806396, 2627785.322299957275391, 1731.655299999998533 ], [ 4312471.950799942016602, 2627798.156099796295166, 1726.051999999996042 ], [ 4312492.018400192260742, 2627810.990099906921387, 1721.415500000002794 ], [ 4312512.085999965667725, 2627823.82420015335083, 1720.345100000005914 ] ] ] } },
{ "type": "Feature", "properties": { "OBJECT_ID": "RL26004474", "NEXTDOWNID": "RL26004726", "STRAHLER": 3, "Basin": "Rhine", "REX": "CH", "DFDD": "BH140", "RN_I_ID": null, "HYP": 1, "LOC": 44, "FUN": 6, "NVS": 5, "LENGTH": 2394.090087890625, "TR": "Z000373161", "LONGPATH": 1317544.875, "CUM_LEN": 20326.9296875, "PENTE": 5.2327799797058123, "CGNELIN": 260200588, "BEGLIFEVER": "2015-03-22T00:00:00", "ENDLIFEVER": null, "UPDAT_BY": "1", "UPDAT_WHEN": "2015-06-24T00:00:00", "ERM_ID": "UNK", "MC": 1, "MONOT_Z": 0, "LENGTH_GEO": 2394.9333081681548, "INSPIRE_ID": "EEA_EUHydro:RL26004474:2015-03-22", "thematicId": null, "TNODE": "NO26004527", "nameText": null, "CatchID": 76 }, "geometry": { "type": "MultiLineString", "coordinates": [ [ [ 4313772.53879976272583, 2625838.464900016784668, 1845.622700000007171 ], [ 4313760.238800048828125, 2625858.19320011138916, 1843.842799999998533 ], [ 4313747.938799858093262, 2625877.921500205993652, 1842.693799999993644 ], [ 4313735.638899803161621, 2625897.649700164794922, 1841.774900000003981 ], [ 4313723.338900089263916, 2625917.377999782562256, 1841.663799999994808 ], [ 4313711.038899898529053, 2625937.106299877166748, 1841.963499999998021 ], [ 4313698.738900184631348, 2625956.834400177001953, 1841.606299999999464 ], [ 4313697.23199987411499, 2625979.47130012512207, 1841.137799999996787 ], [ 4313695.725100040435791, 2626002.108200073242188, 1840.497000000003027 ], [ 4313694.218200206756592, 2626024.744999885559082, 1839.497300000002724 ], [ 4313692.711400032043457, 2626047.381700038909912, 1838.395000000004075 ], [ 4313691.204500198364258, 2626070.018599987030029, 1837.373699999996461 ], [ 4313689.6975998878479, 2626092.655499935150146, 1836.25 ], [ 4313676.540500164031982, 2626110.110700130462646, 1835.044999999998254 ], [ 4313663.383500099182129, 2626127.565999984741211, 1833.654899999994086 ], [ 4313650.226500034332275, 2626145.021200180053711, 1832.455799999996088 ], [ 4313637.069399833679199, 2626162.476600170135498, 1830.940600000001723 ], [ 4313621.456900119781494, 2626177.163199901580811, 1830.612099999998463 ], [ 4313605.844500064849854, 2626191.849699974060059, 1830.112699999997858 ], [ 4313590.23199987411499, 2626206.536300182342529, 1830.458599999998114 ], [ 4313574.619500160217285, 2626221.223000049591064, 1829.581399999995483 ], [ 4313559.007100105285645, 2626235.909599781036377, 1828.741299999994226 ], [ 4313543.394599914550781, 2626250.596199989318848, 1828.602499999993597 ], [ 4313531.495399951934814, 2626267.949900150299072, 1828.493799999996554 ], [ 4313519.596199989318848, 2626285.303699970245361, 1828.274099999995087 ], [ 4313507.697000026702881, 2626302.657599925994873, 1827.336999999999534 ], [ 4313494.338300228118896, 2626323.508600234985352, 1826.05439999999362 ], [ 4313480.979499816894531, 2626344.359499931335449, 1824.977799999993294 ], [ 4313467.620800018310547, 2626365.210400104522705, 1823.733399999997346 ], [ 4313454.26200008392334, 2626386.061299800872803, 1822.786399999997229 ], [ 4313440.903299808502197, 2626406.912300109863281, 1821.740499999999884 ], [ 4313427.54449987411499, 2626427.763199806213379, 1820.098499999992782 ], [ 4313414.185800075531006, 2626448.614200115203857, 1818.231700000003912 ], [ 4313400.827000141143799, 2626469.465099811553955, 1817.744300000005751 ], [ 4313387.468200206756592, 2626490.316100120544434, 1818.48750000000291 ], [ 4313374.109499931335449, 2626511.167099952697754, 1818.03190000000177 ], [ 4313360.750800132751465, 2626532.018099784851074, 1817.299499999993714 ], [ 4313347.392000198364258, 2626552.868899822235107, 1816.376600000003236 ], [ 4313334.033299922943115, 2626573.71999979019165, 1815.881699999998091 ], [ 4313320.674499988555908, 2626594.570899963378906, 1815.346799999999348 ], [ 4313304.335800170898438, 2626605.135600090026855, 1814.567699999999604 ], [ 4313287.997099876403809, 2626615.700300216674805, 1813.618300000001909 ], [ 4313271.658299922943115, 2626626.264800071716309, 1812.818899999998393 ], [ 4313255.319600105285645, 2626636.829500198364258, 1811.678100000004633 ], [ 4313240.986400127410889, 2626656.930600166320801, 1811.289399999994203 ], [ 4313226.65310001373291, 2626677.031700134277344, 1811.780199999993783 ], [ 4313212.319900035858154, 2626697.132599830627441, 1811.447100000004866 ], [ 4313197.986700057983398, 2626717.233699798583984, 1811.175099999993108 ], [ 4313183.653500080108643, 2626737.334700107574463, 1811.279099999999744 ], [ 4313169.320199966430664, 2626757.435800075531006, 1810.716100000005099 ], [ 4313154.986999988555908, 2626777.536900043487549, 1809.604200000001583 ], [ 4313142.114099979400635, 2626789.250500202178955, 1808.718299999993178 ], [ 4313129.241099834442139, 2626800.963900089263916, 1804.075200000006589 ], [ 4313116.368199825286865, 2626812.677499771118164, 1799.255099999994854 ], [ 4313110.633699893951416, 2626832.474699974060059, 1799.174400000003516 ], [ 4313104.899199962615967, 2626852.271900177001953, 1798.904200000004494 ], [ 4313099.164700031280518, 2626872.069099903106689, 1797.556100000001607 ], [ 4313093.430200099945068, 2626891.866300106048584, 1796.164000000004307 ], [ 4313087.695700168609619, 2626911.66349983215332, 1792.794899999993504 ], [ 4313077.51639986038208, 2626930.344200134277344, 1790.555999999996857 ], [ 4313067.336999893188477, 2626949.025000095367432, 1787.867400000002817 ], [ 4313057.157700061798096, 2626967.705599784851074, 1784.6731 ], [ 4313046.978300094604492, 2626986.386300086975098, 1781.2612999999983 ], [ 4313034.939000129699707, 2627007.052700042724609, 1777.373099999997066 ], [ 4313022.899600028991699, 2627027.719200134277344, 1774.138200000001234 ], [ 4313010.860300064086914, 2627048.385700225830078, 1769.921199999997043 ], [ 4312998.821000099182129, 2627069.052000045776367, 1767.177800000004936 ], [ 4312986.781599998474121, 2627089.718400001525879, 1763.818400000003749 ], [ 4312974.742300033569336, 2627110.384799957275391, 1762.047099999996135 ], [ 4312962.703000068664551, 2627131.051300048828125, 1761.038100000005215 ], [ 4312950.663599967956543, 2627151.717700004577637, 1760.284400000004098 ], [ 4312938.624300003051758, 2627172.384099960327148, 1758.1875 ], [ 4312926.585000038146973, 2627193.05049991607666, 1757.082800000003772 ], [ 4312914.545599937438965, 2627213.717000007629395, 1755.1826 ], [ 4312902.50629997253418, 2627234.383399963378906, 1755.308099999994738 ], [ 4312890.466899871826172, 2627255.049799919128418, 1755.469200000006822 ], [ 4312878.427599906921387, 2627275.71619987487793, 1755.127299999992829 ], [ 4312866.388299942016602, 2627296.382599830627441, 1754.811799999995856 ], [ 4312854.348899841308594, 2627317.049099922180176, 1755.38289999999688 ], [ 4312842.309599876403809, 2627337.715499877929688, 1755.059699999997974 ], [ 4312830.270299911499023, 2627358.381899833679199, 1754.685299999997369 ], [ 4312818.230899810791016, 2627379.048299789428711, 1753.067699999999604 ], [ 4312806.19159984588623, 2627399.714799880981445, 1750.733500000002095 ], [ 4312790.100399971008301, 2627416.626100063323975, 1747.650200000003679 ], [ 4312774.009200096130371, 2627433.537499904632568, 1745.660999999992782 ], [ 4312757.918000221252441, 2627450.448999881744385, 1744.189199999993434 ], [ 4312741.826799869537354, 2627467.360400199890137, 1742.914600000003702 ], [ 4312725.735599994659424, 2627484.27180004119873, 1741.889899999994668 ], [ 4312709.644400119781494, 2627501.183199882507324, 1741.346900000004098 ], [ 4312693.553199768066406, 2627518.094600200653076, 1740.713499999998021 ], [ 4312677.461999893188477, 2627535.00600004196167, 1740.001600000003236 ], [ 4312661.370800018310547, 2627551.917500019073486, 1738.61250000000291 ], [ 4312645.279600143432617, 2627568.828800201416016, 1737.564199999993434 ], [ 4312629.188399791717529, 2627585.740200042724609, 1736.435599999997066 ], [ 4312613.0971999168396, 2627602.651599884033203, 1735.109500000005937 ], [ 4312602.996099948883057, 2627624.768799781799316, 1733.585699999995995 ], [ 4312592.894999980926514, 2627646.886099815368652, 1731.606899999998859 ], [ 4312582.793799877166748, 2627669.003399848937988, 1729.778200000000652 ], [ 4312572.692699909210205, 2627691.12060022354126, 1726.580900000000838 ], [ 4312562.591599941253662, 2627713.237800121307373, 1723.623300000006566 ], [ 4312552.490499973297119, 2627735.355199813842773, 1722.908100000000559 ], [ 4312542.389400005340576, 2627757.472499847412109, 1721.839300000006915 ], [ 4312532.288199901580811, 2627779.589700222015381, 1721.696200000005774 ], [ 4312522.187099933624268, 2627801.706999778747559, 1721.190799999996671 ], [ 4312512.085999965667725, 2627823.82420015335083, 1720.345100000005914 ] ] ] } },
{ "type": "Feature", "properties": { "OBJECT_ID": "RL26004525", "NEXTDOWNID": "RL26004551", "STRAHLER": 1, "Basin": "Rhine", "REX": "CH", "DFDD": "BH140", "RN_I_ID": null, "HYP": 1, "LOC": 44, "FUN": 6, "NVS": 5, "LENGTH": 2382.300048828125, "TR": "Z000373184", "LONGPATH": 1322052.5, "CUM_LEN": 3094.18896484375, "PENTE": 9.9300851821899414, "CGNELIN": 260302382, "BEGLIFEVER": "2015-03-22T00:00:00", "ENDLIFEVER": null, "UPDAT_BY": "1", "UPDAT_WHEN": "2015-06-24T00:00:00", "ERM_ID": "UNK", "MC": 1, "MONOT_Z": 0, "LENGTH_GEO": 2383.9951806629415, "INSPIRE_ID": "EEA_EUHydro:RL26004525:2015-03-22", "thematicId": null, "TNODE": "NO26004578", "nameText": null, "CatchID": 76 }, "geometry": { "type": "MultiLineString", "coordinates": [ [ [ 4316730.385900020599365, 2626447.671500205993652, 2376.415999999997439 ], [ 4316727.631199836730957, 2626471.693299770355225, 2376.4887000000017 ], [ 4316724.876500129699707, 2626495.714900016784668, 2376.200599999996484 ], [ 4316722.121799945831299, 2626519.736700057983398, 2375.572100000004866 ], [ 4316719.367099761962891, 2626543.758399963378906, 2373.686199999996461 ], [ 4316716.612400054931641, 2626567.779900074005127, 2371.623500000001513 ], [ 4316713.857699871063232, 2626591.801599979400635, 2369.446200000005774 ], [ 4316711.103000164031982, 2626615.823400020599365, 2366.942500000004657 ], [ 4316708.348299980163574, 2626639.84499979019165, 2364.025699999998324 ], [ 4316705.593599796295166, 2626663.866700172424316, 2360.363200000007055 ], [ 4316702.839000225067139, 2626687.888299942016602, 2355.574299999992945 ], [ 4316700.08430004119873, 2626711.909999847412109, 2350.252699999997276 ], [ 4316697.329599857330322, 2626735.931700229644775, 2344.854300000006333 ], [ 4316694.574900150299072, 2626759.953400135040283, 2338.963000000003376 ], [ 4316691.820199966430664, 2626783.974999904632568, 2332.78519999999844 ], [ 4316689.065499782562256, 2626807.996600151062012, 2326.497000000003027 ], [ 4316686.310800075531006, 2626832.018400192260742, 2320.010500000003958 ], [ 4316683.556099891662598, 2626856.039899826049805, 2304.157900000005611 ], [ 4316680.801400184631348, 2626880.061600208282471, 2298.622399999992922 ], [ 4316678.046700000762939, 2626904.083300113677979, 2296.595000000001164 ], [ 4316678.240900039672852, 2626928.852399826049805, 2294.057000000000698 ], [ 4316678.434999942779541, 2626953.621500015258789, 2290.25800000000163 ], [ 4316678.629199981689453, 2626978.390500068664551, 2285.997700000007171 ], [ 4316678.823299884796143, 2627003.1596999168396, 2282.05789999999979 ], [ 4316679.017499923706055, 2627027.928599834442139, 2278.100300000005518 ], [ 4316679.211599826812744, 2627052.697700023651123, 2274.18399999999383 ], [ 4316679.405799865722656, 2627077.466800212860107, 2270.377200000002631 ], [ 4316679.599899768829346, 2627102.235799789428711, 2266.534599999999045 ], [ 4316679.794099807739258, 2627127.004899978637695, 2262.634500000000116 ], [ 4316679.988200187683105, 2627151.77400016784668, 2259.24989999999525 ], [ 4316680.182400226593018, 2627176.543000221252441, 2256.254700000004959 ], [ 4316680.376500129699707, 2627201.31220006942749, 2253.365300000004936 ], [ 4316680.570700168609619, 2627226.081099987030029, 2250.521999999997206 ], [ 4316680.764800071716309, 2627250.850200176239014, 2247.484700000000885 ], [ 4316680.959000110626221, 2627275.61929988861084, 2244.604099999996834 ], [ 4316681.15310001373291, 2627300.388299942016602, 2242.066500000000815 ], [ 4316681.347300052642822, 2627325.15749979019165, 2239.526700000002165 ], [ 4316681.541399955749512, 2627349.926400184631348, 2237.030799999993178 ], [ 4316681.735599994659424, 2627374.695499897003174, 2234.889699999999721 ], [ 4316681.929699897766113, 2627399.464700222015381, 2233.032300000006217 ], [ 4316682.123899936676025, 2627424.23360013961792, 2231.238200000007055 ], [ 4316682.317999839782715, 2627449.002699851989746, 2229.746700000003329 ], [ 4316682.512199878692627, 2627473.77180004119873, 2228.934599999993225 ], [ 4316682.706299781799316, 2627498.540800094604492, 2228.733300000007148 ], [ 4316682.900499820709229, 2627523.309999942779541, 2228.911399999997229 ], [ 4316683.094600200653076, 2627548.07889986038208, 2228.877999999996973 ], [ 4316683.28879976272583, 2627572.848000049591064, 2228.512000000002445 ], [ 4316680.033199787139893, 2627595.28249979019165, 2228.486499999999069 ], [ 4316676.777599811553955, 2627617.716899871826172, 2228.319199999998091 ], [ 4316673.521999835968018, 2627640.151199817657471, 2227.984400000001187 ], [ 4316670.266300201416016, 2627662.58549976348877, 2227.667799999995623 ], [ 4316667.010700225830078, 2627685.019899845123291, 2227.35920000000624 ], [ 4316663.755099773406982, 2627707.454299926757812, 2226.981899999998859 ], [ 4316660.499499797821045, 2627729.888700008392334, 2226.380300000004354 ], [ 4316651.786900043487549, 2627753.187699794769287, 2225.473499999992782 ], [ 4316643.074299812316895, 2627776.486700057983398, 2224.095700000005309 ], [ 4316634.361700057983398, 2627799.785799980163574, 2222.723800000007031 ], [ 4316625.64900016784668, 2627823.08459997177124, 2221.178100000004633 ], [ 4316616.936399936676025, 2627846.383699893951416, 2219.388500000000931 ], [ 4316608.223800182342529, 2627869.682700157165527, 2217.961500000004889 ], [ 4316591.520299911499023, 2627885.280799865722656, 2216.555699999997159 ], [ 4316574.816800117492676, 2627900.87909984588623, 2215.50810000000638 ], [ 4316558.113399982452393, 2627916.477200031280518, 2214.280499999993481 ], [ 4316541.409900188446045, 2627932.075500011444092, 2213.274199999999837 ], [ 4316524.706399917602539, 2627947.673699855804443, 2212.512700000006589 ], [ 4316520.069699764251709, 2627970.165999889373779, 2211.396399999997811 ], [ 4316515.43310022354126, 2627992.658299922943115, 2210.377500000002328 ], [ 4316510.79640007019043, 2628015.150800228118896, 2209.407399999996414 ], [ 4316506.1596999168396, 2628037.643099784851074, 2208.30800000000454 ], [ 4316501.523099899291992, 2628060.13539981842041, 2207.111199999999371 ], [ 4316496.88640022277832, 2628082.627900123596191, 2201.788300000000163 ], [ 4316484.711699962615967, 2628101.945000171661377, 2198.073499999998603 ], [ 4316472.537000179290771, 2628121.26200008392334, 2197.055800000001909 ], [ 4316476.247499942779541, 2628139.218400001525879, 2196.56710000000021 ], [ 4316479.958000183105469, 2628157.174799919128418, 2195.715100000001257 ], [ 4316483.668499946594238, 2628175.13129997253418, 2194.456999999994878 ], [ 4316473.070899963378906, 2628191.702799797058105, 2191.370299999995041 ], [ 4316462.473299980163574, 2628208.274300098419189, 2187.75800000000163 ], [ 4316451.875699996948242, 2628224.845799922943115, 2184.945699999996577 ], [ 4316439.14900016784668, 2628239.177499771118164, 2181.750299999999697 ], [ 4316426.422299861907959, 2628253.508999824523926, 2179.377699999997276 ], [ 4316413.695499897003174, 2628267.840700149536133, 2176.838600000002771 ], [ 4316400.968800067901611, 2628282.172200202941895, 2174.910499999998137 ], [ 4316387.380499839782715, 2628299.556399822235107, 2172.858200000002398 ], [ 4316373.792200088500977, 2628316.940599918365479, 2171.283999999999651 ], [ 4316360.203999996185303, 2628334.324600219726562, 2169.425900000002002 ], [ 4316346.615699768066406, 2628351.708899974822998, 2168.28530000000319 ], [ 4316333.027400016784668, 2628369.092999935150146, 2166.59780000000319 ], [ 4316321.80709981918335, 2628389.8572998046875, 2165.051600000006147 ], [ 4316310.586800098419189, 2628410.621600151062012, 2164.027100000006612 ], [ 4316299.366499900817871, 2628431.385900020599365, 2163.702199999999721 ], [ 4316288.146100044250488, 2628452.150199890136719, 2162.424799999993411 ], [ 4316276.92579984664917, 2628472.914599895477295, 2162.521999999997206 ], [ 4316265.70550012588501, 2628493.678899765014648, 2161.670199999993201 ], [ 4316251.716300010681152, 2628504.87909984588623, 2161.316200000001118 ], [ 4316237.727099895477295, 2628516.078999996185303, 2160.534700000003795 ], [ 4316231.785099983215332, 2628535.285900115966797, 2160.254000000000815 ], [ 4316225.843100070953369, 2628554.492599964141846, 2158.142399999996996 ], [ 4316219.901100158691406, 2628573.699399948120117, 2155.668399999995017 ], [ 4316213.959099769592285, 2628592.906099796295166, 2152.70669999999518 ], [ 4316208.017099857330322, 2628612.112899780273438, 2149.925799999997253 ], [ 4316194.579800128936768, 2628630.968800067901611, 2147.51919999999518 ], [ 4316181.142499923706055, 2628649.824699878692627, 2143.822599999999511 ], [ 4316167.7052001953125, 2628668.680699825286865, 2139.924299999998766 ] ] ] } },
{ "type": "Feature", "properties": { "OBJECT_ID": "RL26004550", "NEXTDOWNID": "RL26004615", "STRAHLER": 1, "Basin": "Rhine", "REX": "CH", "DFDD": "BH140", "RN_I_ID": null, "HYP": 1, "LOC": 44, "FUN": 6, "NVS": 5, "LENGTH": 806.1300048828125, "TR": "Z000372815", "LONGPATH": 1319924.625, "CUM_LEN": 806.12774658203125, "PENTE": 19.126893997192383, "CGNELIN": 260403463, "BEGLIFEVER": "2015-03-22T00:00:00", "ENDLIFEVER": null, "UPDAT_BY": "1", "UPDAT_WHEN": "2015-06-24T00:00:00", "ERM_ID": "UNK", "MC": 1, "MONOT_Z": 0, "LENGTH_GEO": 806.66652327725444, "INSPIRE_ID": "EEA_EUHydro:RL26004550:2015-03-22", "thematicId": null, "TNODE": "NO26004603", "nameText": null, "CatchID": 76 }, "geometry": { "type": "MultiLineString", "coordinates": [ [ [ 4315754.703999996185303, 2628388.677899837493896, 2231.545899999997346 ], [ 4315759.475100040435791, 2628411.280399799346924, 2227.508900000000722 ], [ 4315764.246099948883057, 2628433.882800102233887, 2223.489000000001397 ], [ 4315769.017199993133545, 2628456.485300064086914, 2205.033800000004703 ], [ 4315778.548299789428711, 2628476.090000152587891, 2201.962299999999232 ], [ 4315788.079500198364258, 2628495.695000171661377, 2195.662800000005518 ], [ 4315797.610599994659424, 2628515.299799919128418, 2194.512600000001839 ], [ 4315807.14169979095459, 2628534.904600143432617, 2191.785799999997835 ], [ 4315816.672800064086914, 2628554.509500026702881, 2185.997700000007171 ], [ 4315826.203999996185303, 2628574.114299774169922, 2179.773000000001048 ], [ 4315835.735099792480469, 2628593.719200134277344, 2173.1533999999956 ], [ 4315848.081200122833252, 2628613.529399871826172, 2166.306800000005751 ], [ 4315860.4274001121521, 2628633.339600086212158, 2157.863899999996647 ], [ 4315872.773499965667725, 2628653.149700164794922, 2149.815400000006775 ], [ 4315885.11959981918335, 2628672.960000038146973, 2142.25449999999546 ], [ 4315897.465799808502197, 2628692.770100116729736, 2135.338099999993574 ], [ 4315909.81190013885498, 2628712.580299854278564, 2127.856499999994412 ], [ 4315907.020299911499023, 2628734.748600006103516, 2122.734599999996135 ], [ 4315904.228700160980225, 2628756.916800022125244, 2116.936100000006263 ], [ 4315901.437099933624268, 2628779.085000038146973, 2104.138300000005984 ], [ 4315898.645500183105469, 2628801.253200054168701, 2098.698099999994156 ], [ 4315895.853899955749512, 2628823.421500205993652, 2098.443100000004051 ], [ 4315893.062300205230713, 2628845.589799880981445, 2097.768800000005285 ], [ 4315886.729700088500977, 2628867.793499946594238, 2097.547300000005635 ], [ 4315880.39709997177124, 2628889.997000217437744, 2098.256099999998696 ], [ 4315874.064499855041504, 2628912.200699806213379, 2096.34769999999844 ], [ 4315867.731900215148926, 2628934.404399871826172, 2095.844500000006519 ], [ 4315861.399199962615967, 2628956.607900142669678, 2095.28070000000298 ], [ 4315855.06659984588623, 2628978.811600208282471, 2095.444000000003143 ], [ 4315848.734000205993652, 2629001.015299797058105, 2094.081099999995786 ], [ 4315842.401400089263916, 2629023.218999862670898, 2092.339399999997113 ], [ 4315847.690199851989746, 2629041.640200138092041, 2091.35899999999674 ], [ 4315852.979100227355957, 2629060.061299800872803, 2089.404299999994691 ], [ 4315858.267899990081787, 2629078.482500076293945, 2087.128100000001723 ], [ 4315872.746699810028076, 2629095.883500099182129, 2083.632800000006682 ], [ 4315887.225599765777588, 2629113.284200191497803, 2079.7728000000061 ], [ 4315901.704400062561035, 2629130.685200214385986, 2077.358699999997043 ] ] ] } },
{ "type": "Feature", "properties": { "OBJECT_ID": "RL26004551", "NEXTDOWNID": "RL26004615", "STRAHLER": 2, "Basin": "Rhine", "REX": "CH", "DFDD": "BH140", "RN_I_ID": null, "HYP": 1, "LOC": 44, "FUN": 6, "NVS": 5, "LENGTH": 551.71002197265625, "TR": "Z000372815", "LONGPATH": 1319670.25, "CUM_LEN": 5058.33837890625, "PENTE": 11.340326309204102, "CGNELIN": 260302382, "BEGLIFEVER": "2015-03-22T00:00:00", "ENDLIFEVER": null, "UPDAT_BY": "1", "UPDAT_WHEN": "2015-06-24T00:00:00", "ERM_ID": "UNK", "MC": 1, "MONOT_Z": 0, "LENGTH_GEO": 551.93392249879491, "INSPIRE_ID": "EEA_EUHydro:RL26004551:2015-03-22", "thematicId": null, "TNODE": "NO26004603", "nameText": null, "CatchID": 76 }, "geometry": { "type": "MultiLineString", "coordinates": [ [ [ 4316167.7052001953125, 2628668.680699825286865, 2139.924299999998766 ], [ 4316149.407000064849854, 2628679.259799957275391, 2135.906099999992875 ], [ 4316131.108799934387207, 2628689.839000225067139, 2131.127399999997579 ], [ 4316112.810599803924561, 2628700.418200016021729, 2126.324900000006892 ], [ 4316095.615600109100342, 2628716.216400146484375, 2120.482699999993201 ], [ 4316078.420599937438965, 2628732.014800071716309, 2115.284199999994598 ], [ 4316061.225599765777588, 2628747.813000202178955, 2111.018500000005588 ], [ 4316050.952600002288818, 2628768.483200073242188, 2106.718800000002375 ], [ 4316040.679500102996826, 2628789.153299808502197, 2100.44539999999688 ], [ 4316030.406499862670898, 2628809.823400020599365, 2099.926300000006449 ], [ 4316020.133500099182129, 2628830.493500232696533, 2099.778600000005099 ], [ 4316009.860400199890137, 2628851.16379976272583, 2098.515499999994063 ], [ 4315999.587399959564209, 2628871.833899974822998, 2097.33969999999681 ], [ 4315989.314400196075439, 2628892.50409984588623, 2096.048399999999674 ], [ 4315979.041299819946289, 2628913.174200057983398, 2095.305999999996857 ], [ 4315968.76830005645752, 2628933.844299793243408, 2094.724799999996321 ], [ 4315967.413700103759766, 2628952.790800094604492, 2094.604399999996531 ], [ 4315966.059199810028076, 2628971.737299919128418, 2094.588499999998021 ], [ 4315964.704599857330322, 2628990.683899879455566, 2094.756800000002841 ], [ 4315955.704599857330322, 2629010.684100151062012, 2094.873200000001816 ], [ 4315946.704500198364258, 2629030.684199810028076, 2092.084600000001956 ], [ 4315937.704500198364258, 2629050.684400081634521, 2088.544800000003306 ], [ 4315928.704500198364258, 2629070.684500217437744, 2085.282000000006519 ], [ 4315919.704500198364258, 2629090.684700012207031, 2081.4519 ], [ 4315910.704400062561035, 2629110.684999942779541, 2078.284199999994598 ], [ 4315901.704400062561035, 2629130.685200214385986, 2077.358699999997043 ] ] ] } },
{ "type": "Feature", "properties": { "OBJECT_ID": "RL26004573", "NEXTDOWNID": "RL26004551", "STRAHLER": 1, "Basin": "Rhine", "REX": "CH", "DFDD": "BH140", "RN_I_ID": null, "HYP": 1, "LOC": 44, "FUN": 6, "NVS": 5, "LENGTH": 1412.43994140625, "TR": "NA", "LONGPATH": 1321082.75, "CUM_LEN": 1412.4405517578125, "PENTE": 28.81999397277832, "CGNELIN": 260403461, "BEGLIFEVER": "2015-03-22T00:00:00", "ENDLIFEVER": null, "UPDAT_BY": "1", "UPDAT_WHEN": "2015-06-24T00:00:00", "ERM_ID": "UNK", "MC": 1, "MONOT_Z": 0, "LENGTH_GEO": 1412.360985804374, "INSPIRE_ID": "EEA_EUHydro:RL26004573:2015-03-22", "thematicId": null, "TNODE": "NO26004578", "nameText": null, "CatchID": 76 }, "geometry": { "type": "MultiLineString", "coordinates": [ [ [ 4317119.445600032806396, 2629369.682499885559082, 2546.989600000000792 ], [ 4317112.978300094604492, 2629353.514200210571289, 2544.887300000002142 ], [ 4317106.511000156402588, 2629337.345799922943115, 2543.079599999997299 ], [ 4317100.043700218200684, 2629321.177499771118164, 2540.046799999996438 ], [ 4317100.043700218200684, 2629303.931399822235107, 2537.591700000004494 ], [ 4317100.043700218200684, 2629286.685200214385986, 2535.808799999998882 ], [ 4317100.043700218200684, 2629269.438899993896484, 2531.695099999997183 ], [ 4317094.654300212860107, 2629251.1149001121521, 2528.38749999999709 ], [ 4317089.264800071716309, 2629232.790800094604492, 2521.018899999995483 ], [ 4317083.875400066375732, 2629214.466800212860107, 2498.332500000004075 ], [ 4317074.174399852752686, 2629195.064799785614014, 2500.167700000005425 ], [ 4317064.473400115966797, 2629175.662700176239014, 2494.024999999994179 ], [ 4317048.305099964141846, 2629167.039700031280518, 2493.35120000000461 ], [ 4317032.136799812316895, 2629158.416699886322021, 2492.048500000004424 ], [ 4317015.968500137329102, 2629149.793700218200684, 2488.982000000003609 ], [ 4316991.716100215911865, 2629149.793700218200684, 2483.096799999999348 ], [ 4316967.463699817657471, 2629149.793700218200684, 2475.28190000000177 ], [ 4316943.750199794769287, 2629148.715799808502197, 2470.912500000005821 ], [ 4316920.036699771881104, 2629147.637899875640869, 2465.8269 ], [ 4316896.323200225830078, 2629146.559999942779541, 2456.371299999998882 ], [ 4316882.310699939727783, 2629134.703199863433838, 2447.315400000006775 ], [ 4316868.298099994659424, 2629122.846399784088135, 2446.539900000003399 ], [ 4316854.285600185394287, 2629110.989799976348877, 2442.2103000000061 ], [ 4316842.428899765014648, 2629094.821400165557861, 2440.007199999992736 ], [ 4316830.572100162506104, 2629078.653200149536133, 2436.789000000004307 ], [ 4316818.715400218963623, 2629062.484799861907959, 2431.203699999998207 ], [ 4316809.014400005340576, 2629042.005099773406982, 2429.648700000005192 ], [ 4316799.313399791717529, 2629021.525100231170654, 2424.536999999996624 ], [ 4316789.612400054931641, 2629001.045400142669678, 2418.990699999994831 ], [ 4316782.336699962615967, 2628980.026500225067139, 2411.758400000006077 ], [ 4316775.060999870300293, 2628959.007800102233887, 2398.322899999999208 ], [ 4316767.785200119018555, 2628937.988999843597412, 2398.288199999995413 ], [ 4316760.509500026702881, 2628916.970300197601318, 2386.438200000004144 ], [ 4316752.425399780273438, 2628894.33459997177124, 2383.052999999999884 ], [ 4316744.34119987487793, 2628871.698999881744385, 2375.576499999995576 ], [ 4316736.257100105285645, 2628849.063399791717529, 2361.241299999994226 ], [ 4316728.172900199890137, 2628826.427700042724609, 2355.08990000000631 ], [ 4316719.549799919128418, 2628811.337399959564209, 2352.413199999995413 ], [ 4316710.926799774169922, 2628796.246900081634521, 2340.873999999996158 ], [ 4316702.303699970245361, 2628781.156599998474121, 2336.9663 ], [ 4316686.13539981842041, 2628768.22189998626709, 2335.53870000000461 ], [ 4316669.967100143432617, 2628755.287300109863281, 2322.485499999995227 ], [ 4316653.798799991607666, 2628742.352700233459473, 2299.092000000004191 ], [ 4316637.630499839782715, 2628729.418000221252441, 2291.739300000001094 ], [ 4316623.078999996185303, 2628715.675099849700928, 2291.376699999993434 ], [ 4316608.527599811553955, 2628701.931900024414062, 2289.818299999998999 ], [ 4316593.976099967956543, 2628688.188899993896484, 2285.393800000005285 ], [ 4316579.424600124359131, 2628674.445899963378906, 2273.164199999999255 ], [ 4316558.944799900054932, 2628660.433300018310547, 2264.873399999996764 ], [ 4316538.464900016784668, 2628646.42080020904541, 2252.783100000000559 ], [ 4316517.985099792480469, 2628632.408199787139893, 2213.294800000003306 ], [ 4316497.774799823760986, 2628624.32420015335083, 2208.571800000005169 ], [ 4316477.564400196075439, 2628616.239999771118164, 2200.542400000005728 ], [ 4316457.354100227355957, 2628608.155799865722656, 2196.583299999998417 ], [ 4316437.143700122833252, 2628600.071599960327148, 2193.079500000007101 ], [ 4316412.35230016708374, 2628600.071599960327148, 2188.86710000000312 ], [ 4316387.560900211334229, 2628600.071599960327148, 2181.80000000000291 ], [ 4316362.769499778747559, 2628600.071599960327148, 2174.236000000004424 ], [ 4316341.750800132751465, 2628600.071599960327148, 2168.474799999996321 ], [ 4316320.73199987411499, 2628600.071599960327148, 2163.497399999992922 ], [ 4316300.252099990844727, 2628614.084199905395508, 2159.916700000001583 ], [ 4316279.772299766540527, 2628628.096700191497803, 2157.596799999999348 ], [ 4316259.292399883270264, 2628642.109300136566162, 2154.866099999999278 ], [ 4316240.968299865722656, 2628650.732399940490723, 2152.339399999997113 ], [ 4316222.644299983978271, 2628659.355400085449219, 2149.4771999999939 ], [ 4316204.320199966430664, 2628667.978499889373779, 2146.266900000002352 ], [ 4316186.012700080871582, 2628668.329699993133545, 2142.757500000006985 ], [ 4316167.7052001953125, 2628668.680699825286865, 2139.924299999998766 ] ] ] } },
{ "type": "Feature", "properties": { "OBJECT_ID": "RL26004615", "NEXTDOWNID": "RL26004670", "STRAHLER": 2, "Basin": "Rhine", "REX": "CH", "DFDD": "BH140", "RN_I_ID": null, "HYP": 1, "LOC": 44, "FUN": 6, "NVS": 5, "LENGTH": 1028.280029296875, "TR": "Z000372815", "LONGPATH": 1319118.5, "CUM_LEN": 6892.74755859375, "PENTE": 10.011727333068848, "CGNELIN": 260302382, "BEGLIFEVER": "2015-03-22T00:00:00", "ENDLIFEVER": null, "UPDAT_BY": "1", "UPDAT_WHEN": "2015-06-24T00:00:00", "ERM_ID": "UNK", "MC": 1, "MONOT_Z": 0, "LENGTH_GEO": 1028.4755948793381, "INSPIRE_ID": "EEA_EUHydro:RL26004615:2015-03-22", "thematicId": null, "TNODE": "NO26004666", "nameText": null, "CatchID": 76 }, "geometry": { "type": "MultiLineString", "coordinates": [ [ [ 4315901.704400062561035, 2629130.685200214385986, 2077.358699999997043 ], [ 4315898.337900161743164, 2629147.646399974822998, 2076.534899999998743 ], [ 4315894.971399784088135, 2629164.607600212097168, 2075.646200000002864 ], [ 4315891.604899883270264, 2629181.568900108337402, 2074.322899999999208 ], [ 4315893.063700199127197, 2629202.001399993896484, 2072.233300000007148 ], [ 4315894.52239990234375, 2629222.434100151062012, 2069.940499999996973 ], [ 4315895.981200218200684, 2629242.866700172424316, 2067.903099999995902 ], [ 4315897.439899921417236, 2629263.299300193786621, 2066.724499999996624 ], [ 4315886.819600105285645, 2629284.717999935150146, 2065.667499999995925 ], [ 4315876.19920015335083, 2629306.136499881744385, 2064.490300000004936 ], [ 4315865.57889986038208, 2629327.554999828338623, 2063.427200000005541 ], [ 4315854.958499908447266, 2629348.973599910736084, 2063.291500000006636 ], [ 4315844.338200092315674, 2629370.392300128936768, 2063.017399999996996 ], [ 4315838.272900104522705, 2629390.154399871826172, 2063.05000000000291 ], [ 4315832.207600116729736, 2629409.916600227355957, 2062.641199999998207 ], [ 4315826.142399787902832, 2629429.678599834442139, 2061.174100000003818 ], [ 4315820.077099800109863, 2629449.440800189971924, 2058.881599999993341 ], [ 4315814.011799812316895, 2629469.202899932861328, 2055.44199999999546 ], [ 4315799.77400016784668, 2629489.399700164794922, 2052.053299999999581 ], [ 4315785.536300182342529, 2629509.59630012512207, 2048.127900000006775 ], [ 4315771.298500061035156, 2629529.792900085449219, 2045.018400000000838 ], [ 4315757.060699939727783, 2629549.989699840545654, 2041.357499999998254 ], [ 4315742.82289981842041, 2629570.186299800872803, 2038.278999999994994 ], [ 4315728.58519983291626, 2629590.382900238037109, 2034.836800000004587 ], [ 4315714.347400188446045, 2629610.579699993133545, 2030.902499999996508 ], [ 4315700.109600067138672, 2629630.776299953460693, 2025.874100000000908 ], [ 4315685.871799945831299, 2629650.973000049591064, 2019.61689999999362 ], [ 4315671.634099960327148, 2629671.169700145721436, 2004.492700000002515 ], [ 4315657.396299839019775, 2629691.366300106048584, 1998.707699999999022 ], [ 4315635.645400047302246, 2629697.260200023651123, 1998.654399999999441 ], [ 4315613.894400119781494, 2629703.154300212860107, 1999.033100000000559 ], [ 4315592.143499851226807, 2629709.048099994659424, 1996.982300000003306 ], [ 4315576.26170015335083, 2629722.043200016021729, 1993.738299999997253 ], [ 4315560.379899978637695, 2629735.03849983215332, 1989.55439999999362 ], [ 4315544.498099803924561, 2629748.033699989318848, 1986.787400000001071 ], [ 4315528.616300106048584, 2629761.028800010681152, 1984.861399999994319 ], [ 4315508.415800094604492, 2629759.852200031280518, 1983.636700000002747 ], [ 4315488.2153000831604, 2629758.675600051879883, 1982.391399999993155 ], [ 4315468.014800071716309, 2629757.499000072479248, 1980.781499999997322 ], [ 4315450.436800003051758, 2629767.047100067138672, 1979.330600000001141 ], [ 4315432.85890007019043, 2629776.595300197601318, 1978.086100000000442 ], [ 4315415.280900001525879, 2629786.143499851226807, 1977.318299999998999 ], [ 4315397.702899932861328, 2629795.691699981689453, 1977.275399999998626 ], [ 4315383.702799797058105, 2629812.491899967193604, 1976.249500000005355 ], [ 4315369.702799797058105, 2629829.292099952697754, 1976.0193 ], [ 4315355.702700138092041, 2629846.092100143432617, 1975.722399999998743 ], [ 4315341.702700138092041, 2629862.892399787902832, 1975.153200000000652 ], [ 4315327.702600002288818, 2629879.692599773406982, 1974.410000000003492 ] ] ] } },
{ "type": "Feature", "properties": { "OBJECT_ID": "RL26004726", "NEXTDOWNID": "RL26004725", "STRAHLER": 3, "Basin": "Rhine", "REX": "CH", "DFDD": "BH140", "RN_I_ID": null, "HYP": 1, "LOC": 44, "FUN": 6, "NVS": 5, "LENGTH": 6173.39990234375, "TR": "Z000372374", "LONGPATH": 1315150.75, "CUM_LEN": 29106.94921875, "PENTE": 2.7988061904907231, "CGNELIN": 260200588, "BEGLIFEVER": "2015-03-22T00:00:00", "ENDLIFEVER": null, "UPDAT_BY": "1", "UPDAT_WHEN": "2015-06-24T00:00:00", "ERM_ID": "UNK", "MC": 1, "MONOT_Z": 0, "LENGTH_GEO": 6173.6098346907083, "INSPIRE_ID": "EEA_EUHydro:RL26004726:2015-03-22", "thematicId": null, "TNODE": "NO26004774", "nameText": "Dischmabach", "CatchID": 76 }, "geometry": { "type": "MultiLineString", "coordinates": [ [ [ 4312512.085999965667725, 2627823.82420015335083, 1720.345100000005914 ], [ 4312498.946800231933594, 2627843.209199905395508, 1720.124800000005052 ], [ 4312485.807499885559082, 2627862.594200134277344, 1720.120800000004238 ], [ 4312472.668300151824951, 2627881.979199886322021, 1720.23059999999532 ], [ 4312459.528999805450439, 2627901.364200115203857, 1719.917900000000373 ], [ 4312446.389800071716309, 2627920.749199867248535, 1719.758900000000722 ], [ 4312433.250500202178955, 2627940.134300231933594, 1719.525299999993877 ], [ 4312420.111199855804443, 2627959.519199848175049, 1719.037299999996321 ], [ 4312406.972000122070312, 2627978.904399871826172, 1718.609899999995832 ], [ 4312393.832799911499023, 2627998.289400100708008, 1718.125700000004144 ], [ 4312380.69350004196167, 2628017.674300193786621, 1717.666100000002189 ], [ 4312368.44350004196167, 2628035.174499988555908, 1716.586100000000442 ], [ 4312356.193399906158447, 2628052.674600124359131, 1716.231799999994109 ], [ 4312343.943399906158447, 2628070.174799919128418, 1715.596399999994901 ], [ 4312331.693299770355225, 2628087.675000190734863, 1715.388800000000629 ], [ 4312329.943299770355225, 2628110.42519998550415, 1714.528900000004796 ], [ 4312328.193299770355225, 2628133.175399780273438, 1713.964200000002165 ], [ 4312326.443299770355225, 2628155.925600051879883, 1713.663400000004913 ], [ 4312324.693299770355225, 2628178.675899982452393, 1713.196700000000419 ], [ 4312317.78950023651123, 2628199.119200229644775, 1712.332299999994575 ], [ 4312310.885700225830078, 2628219.562399864196777, 1711.643899999995483 ], [ 4312303.981900215148926, 2628240.00570011138916, 1711.518700000000536 ], [ 4312297.078100204467773, 2628260.448999881744385, 1711.282000000006519 ], [ 4312290.174300193786621, 2628280.892399787902832, 1711.789000000004307 ], [ 4312283.270500183105469, 2628301.335599899291992, 1711.934500000003027 ], [ 4312269.174200057983398, 2628319.3927001953125, 1711.303100000004633 ], [ 4312255.078000068664551, 2628337.44980001449585, 1711.476800000004005 ], [ 4312240.98169994354248, 2628355.506800174713135, 1711.701000000000931 ], [ 4312226.88539981842041, 2628373.563899993896484, 1711.828099999998813 ], [ 4312212.789199829101562, 2628391.621099948883057, 1711.492599999997765 ], [ 4312198.69290018081665, 2628409.678100109100342, 1710.657000000006519 ], [ 4312177.380199909210205, 2628418.004700183868408, 1708.732600000003004 ], [ 4312156.067399978637695, 2628426.331299781799316, 1707.790200000003097 ], [ 4312134.754700183868408, 2628434.657999992370605, 1707.41009999999369 ], [ 4312113.44189977645874, 2628442.984600067138672, 1707.594800000006217 ], [ 4312092.129199981689453, 2628451.311299800872803, 1706.815000000002328 ], [ 4312076.689899921417236, 2628470.757800102233887, 1705.787200000006123 ], [ 4312061.250500202178955, 2628490.204500198364258, 1703.312000000005355 ], [ 4312053.193699836730957, 2628509.451799869537354, 1702.217199999999139 ], [ 4312045.136799812316895, 2628528.69920015335083, 1701.473199999993085 ], [ 4312037.079899787902832, 2628547.946499824523926, 1699.501900000002934 ], [ 4312029.023099899291992, 2628567.193900108337402, 1698.825500000006286 ], [ 4312011.940400123596191, 2628578.565499782562256, 1698.301399999996647 ], [ 4311994.857699871063232, 2628589.937099933624268, 1698.306800000005751 ], [ 4311977.774899959564209, 2628601.308599948883057, 1698.373000000006869 ], [ 4311960.692200183868408, 2628612.680099964141846, 1698.140499999994063 ], [ 4311951.358799934387207, 2628631.34689998626709, 1698.335500000001048 ], [ 4311942.025499820709229, 2628650.013899803161621, 1698.000899999999092 ], [ 4311932.692100048065186, 2628668.680699825286865, 1697.920199999993201 ], [ 4311917.455100059509277, 2628684.844200134277344, 1697.186300000001211 ], [ 4311902.217999935150146, 2628701.007699966430664, 1696.174700000003213 ], [ 4311886.980999946594238, 2628717.171199798583984, 1694.515299999999115 ], [ 4311877.817399978637695, 2628738.425899982452393, 1693.5966000000044 ], [ 4311868.653900146484375, 2628759.680699825286865, 1692.368300000001909 ], [ 4311859.490300178527832, 2628780.935299873352051, 1691.738400000002002 ], [ 4311850.326700210571289, 2628802.190000057220459, 1690.464600000006612 ], [ 4311841.163099765777588, 2628823.444799900054932, 1689.115200000000186 ], [ 4311831.999599933624268, 2628844.69950008392334, 1688.849400000006426 ], [ 4311822.835999965667725, 2628865.954100131988525, 1688.877200000002631 ], [ 4311820.654600143432617, 2628888.617099761962891, 1689.973700000002282 ], [ 4311818.473299980163574, 2628911.279900074005127, 1690.406400000007125 ], [ 4311816.291900157928467, 2628933.942800045013428, 1690.723299999997835 ], [ 4311814.110599994659424, 2628956.605700016021729, 1690.982399999993504 ], [ 4311811.929200172424316, 2628979.268499851226807, 1690.633199999996577 ], [ 4311798.51669979095459, 2628992.407000064849854, 1690.872099999993225 ], [ 4311785.104100227355957, 2629005.545400142669678, 1690.232799999997951 ], [ 4311771.69159984588623, 2629018.684100151062012, 1691.178599999999278 ], [ 4311751.388299942016602, 2629020.038000106811523, 1690.812900000004447 ], [ 4311731.08489990234375, 2629021.39169979095459, 1690.426399999996647 ], [ 4311710.781599998474121, 2629022.74560022354126, 1689.925600000002305 ], [ 4311694.860300064086914, 2629032.638899803161621, 1690.111300000004121 ], [ 4311678.939099788665771, 2629042.532100200653076, 1689.968900000007125 ], [ 4311663.017799854278564, 2629052.425300121307373, 1689.778699999995297 ], [ 4311651.226900100708008, 2629070.958000183105469, 1689.942500000004657 ], [ 4311639.436100006103516, 2629089.490399837493896, 1689.794399999998859 ], [ 4311627.645299911499023, 2629108.02299976348877, 1690.121799999993527 ], [ 4311615.854400157928467, 2629126.555699825286865, 1689.653600000005099 ], [ 4311604.063600063323975, 2629145.088099956512451, 1689.510500000003958 ], [ 4311592.27269983291626, 2629163.620699882507324, 1687.212199999994482 ], [ 4311580.481900215148926, 2629182.153299808502197, 1683.842399999994086 ], [ 4311568.690999984741211, 2629200.685800075531006, 1680.961699999999837 ], [ 4311552.045199871063232, 2629219.244800090789795, 1677.655100000003586 ], [ 4311535.399499893188477, 2629237.803699970245361, 1674.122799999997369 ], [ 4311518.753699779510498, 2629256.362800121307373, 1672.429199999998673 ], [ 4311502.107900142669678, 2629274.921500205993652, 1670.496100000003935 ], [ 4311485.462200164794922, 2629293.480700016021729, 1668.507199999992736 ], [ 4311468.816400051116943, 2629312.039599895477295, 1667.531300000002375 ], [ 4311452.170599937438965, 2629330.598599910736084, 1666.988400000002002 ], [ 4311435.524799823760986, 2629349.157599925994873, 1665.855400000000373 ], [ 4311418.87909984588623, 2629367.716599941253662, 1664.759500000000116 ], [ 4311402.23330020904541, 2629386.275400161743164, 1663.444199999998091 ], [ 4311385.587500095367432, 2629404.834400177001953, 1662.341499999994994 ], [ 4311368.941800117492676, 2629423.393400192260742, 1662.015100000004168 ], [ 4311352.296000003814697, 2629441.952300071716309, 1662.23399999999674 ], [ 4311343.177299976348877, 2629463.745200157165527, 1661.645099999994272 ], [ 4311334.058599948883057, 2629485.538000106811523, 1661.522299999996903 ], [ 4311324.939899921417236, 2629507.33080005645752, 1661.189100000003236 ], [ 4311315.821199893951416, 2629529.123700141906738, 1659.860000000000582 ], [ 4311306.702400207519531, 2629550.916500091552734, 1658.357199999998556 ], [ 4311297.583700180053711, 2629572.70930004119873, 1656.957500000004075 ], [ 4311288.465000152587891, 2629594.502099990844727, 1655.131200000003446 ], [ 4311279.34630012512207, 2629616.294899940490723, 1653.89879999999539 ], [ 4311268.831099987030029, 2629638.827499866485596, 1652.704400000002352 ], [ 4311258.315899848937988, 2629661.359899997711182, 1650.805699999997159 ], [ 4311247.800700187683105, 2629683.892499923706055, 1649.462199999994482 ], [ 4311237.285500049591064, 2629706.42519998550415, 1646.878700000001118 ], [ 4311226.770299911499023, 2629728.957799911499023, 1644.766499999997905 ], [ 4311216.255000114440918, 2629751.490200042724609, 1641.99199999999837 ], [ 4311205.739799976348877, 2629774.022900104522705, 1638.943100000004051 ], [ 4311195.224599838256836, 2629796.555500030517578, 1636.1762000000017 ], [ 4311184.709400177001953, 2629819.087999820709229, 1632.592399999994086 ], [ 4311174.194200038909912, 2629841.620500087738037, 1629.479500000001281 ], [ 4311163.678999900817871, 2629864.153200149536133, 1626.792199999996228 ], [ 4311160.236599922180176, 2629887.828400135040283, 1624.776899999997113 ], [ 4311156.794300079345703, 2629911.503399848937988, 1623.709300000002258 ], [ 4311153.351900100708008, 2629935.178599834442139, 1622.812300000005052 ], [ 4311149.909500122070312, 2629958.853899955749512, 1621.47729999999865 ], [ 4311146.467199802398682, 2629982.528900146484375, 1620.627299999992829 ], [ 4311143.024799823760986, 2630006.204100131988525, 1620.398100000005797 ], [ 4311123.509300231933594, 2630020.003399848937988, 1619.171300000001793 ], [ 4311103.993800163269043, 2630033.802700042724609, 1618.613800000006449 ], [ 4311084.47819995880127, 2630047.60200023651123, 1618.110300000000279 ], [ 4311064.962699890136719, 2630061.401299953460693, 1617.418399999995017 ], [ 4311045.447199821472168, 2630075.200600147247314, 1618.079899999996996 ], [ 4311038.427999973297119, 2630097.779099941253662, 1616.736699999994016 ], [ 4311031.408899784088135, 2630120.357500076293945, 1615.911699999996927 ], [ 4311024.389699935913086, 2630142.935999870300293, 1615.275599999993574 ], [ 4311017.370500087738037, 2630165.514299869537354, 1614.757800000006682 ], [ 4311010.351399898529053, 2630188.092899799346924, 1614.065499999996973 ], [ 4311003.332200050354004, 2630210.671199798583984, 1613.384500000000116 ], [ 4310989.940299987792969, 2630231.147500038146973, 1613.421799999996438 ], [ 4310976.548399925231934, 2630251.623899936676025, 1613.145999999993364 ], [ 4310963.156499862670898, 2630272.100200176239014, 1612.702699999994365 ], [ 4310949.764599800109863, 2630292.576700210571289, 1612.098700000002282 ], [ 4310936.372700214385986, 2630313.052899837493896, 1610.551000000006752 ], [ 4310922.980700016021729, 2630333.529399871826172, 1609.651299999997718 ], [ 4310909.588799953460693, 2630354.005599975585938, 1608.329100000002654 ], [ 4310896.196899890899658, 2630374.482100009918213, 1608.098599999997532 ], [ 4310882.804999828338623, 2630394.958300113677979, 1607.072100000004866 ], [ 4310869.413099765777588, 2630415.434700012207031, 1606.727599999998347 ], [ 4310856.021200180053711, 2630435.911099910736084, 1606.294599999993807 ], [ 4310842.617400169372559, 2630456.917399883270264, 1605.440199999997276 ], [ 4310829.213699817657471, 2630477.923699855804443, 1603.411399999997229 ], [ 4310815.809899806976318, 2630498.929999828338623, 1601.112999999997555 ], [ 4310802.406099796295166, 2630519.936299800872803, 1601.014599999994971 ], [ 4310789.002299785614014, 2630540.942699909210205, 1599.94560000000638 ], [ 4310775.598599910736084, 2630561.948999881744385, 1599.601299999994808 ], [ 4310762.194799900054932, 2630582.955299854278564, 1599.43300000000454 ], [ 4310748.790999889373779, 2630603.961599826812744, 1599.986099999994622 ], [ 4310735.387199878692627, 2630624.967999935150146, 1599.251799999998184 ], [ 4310721.983500003814697, 2630645.974400043487549, 1599.202600000004168 ], [ 4310708.579699993133545, 2630666.980700016021729, 1598.783100000000559 ], [ 4310694.264299869537354, 2630687.383900165557861, 1598.596499999999651 ], [ 4310679.948999881744385, 2630707.787199974060059, 1598.265400000003865 ], [ 4310665.633600234985352, 2630728.190599918365479, 1597.782800000000861 ], [ 4310651.31820011138916, 2630748.593800067901611, 1598.008600000001024 ], [ 4310637.002900123596191, 2630768.997200012207031, 1597.443499999993946 ], [ 4310622.6875, 2630789.400499820709229, 1597.031300000002375 ], [ 4310608.372099876403809, 2630809.803800106048584, 1597.130099999994854 ], [ 4310594.05679988861084, 2630830.207099914550781, 1597.597299999993993 ], [ 4310579.741399765014648, 2630850.610499858856201, 1597.118799999996554 ], [ 4310565.426000118255615, 2630871.013700008392334, 1597.532900000005611 ], [ 4310551.110700130462646, 2630891.417099952697754, 1597.390499999994063 ], [ 4310536.795300006866455, 2630911.820300102233887, 1596.411900000006426 ], [ 4310523.271200180053711, 2630930.583000183105469, 1597.787899999995716 ], [ 4310509.747000217437744, 2630949.345499992370605, 1596.005199999999604 ], [ 4310496.222799777984619, 2630968.108200073242188, 1596.291100000002189 ], [ 4310482.698699951171875, 2630986.87060022354126, 1595.898400000005495 ], [ 4310469.174600124359131, 2631005.633200168609619, 1597.626900000002934 ], [ 4310455.650400161743164, 2631024.395800113677979, 1598.033500000005006 ], [ 4310442.126200199127197, 2631043.158500194549561, 1596.913199999995413 ], [ 4310428.602099895477295, 2631061.921000003814697, 1595.537400000001071 ], [ 4310415.078000068664551, 2631080.683599948883057, 1596.101699999999255 ], [ 4310401.553800106048584, 2631099.446199893951416, 1598.13980000000447 ], [ 4310388.029600143432617, 2631118.208700180053711, 1595.620699999999488 ], [ 4310374.505499839782715, 2631136.971399784088135, 1595.438299999994342 ], [ 4310355.765500068664551, 2631152.207300186157227, 1595.658400000000256 ], [ 4310337.025400161743164, 2631167.443299770355225, 1595.356199999994715 ], [ 4310318.285399913787842, 2631182.679200172424316, 1595.629400000005262 ], [ 4310299.545400142669678, 2631197.915299892425537, 1597.073699999993551 ], [ 4310280.805399894714355, 2631213.151199817657471, 1595.359800000005635 ], [ 4310262.065299987792969, 2631228.387199878692627, 1595.211500000004889 ], [ 4310243.325300216674805, 2631243.623300075531006, 1595.551000000006752 ], [ 4310224.585299968719482, 2631258.859000205993652, 1595.185800000006566 ], [ 4310205.845300197601318, 2631274.095200061798096, 1596.781499999997322 ], [ 4310187.105199813842773, 2631289.331099987030029, 1595.504400000005262 ], [ 4310168.365200042724609, 2631304.567100048065186, 1596.067599999994854 ], [ 4310149.625199794769287, 2631319.803100109100342, 1595.910499999998137 ], [ 4310130.885200023651123, 2631335.039100170135498, 1595.009500000000116 ], [ 4310112.145100116729736, 2631350.275100231170654, 1594.750899999999092 ], [ 4310093.405099868774414, 2631365.511000156402588, 1594.355999999999767 ], [ 4310074.030900001525879, 2631374.800899982452393, 1594.308300000004238 ], [ 4310054.656700134277344, 2631384.090499877929688, 1592.5737999999983 ], [ 4310035.28249979019165, 2631393.38040018081665, 1592.684999999997672 ], [ 4310013.686999797821045, 2631403.735300064086914, 1591.782500000001164 ], [ 4309992.091400146484375, 2631414.090099811553955, 1591.950100000001839 ], [ 4309970.49590015411377, 2631424.445000171661377, 1592.697499999994761 ], [ 4309948.900300025939941, 2631434.799799919128418, 1591.589999999996508 ], [ 4309927.304800033569336, 2631445.154699802398682, 1592.330499999996391 ], [ 4309905.709199905395508, 2631455.509699821472168, 1591.443700000003446 ], [ 4309884.113699913024902, 2631465.864500045776367, 1591.965500000005704 ], [ 4309862.518099784851074, 2631476.219399929046631, 1591.289199999999255 ], [ 4309840.922599792480469, 2631486.574299812316895, 1591.249200000005658 ], [ 4309819.327000141143799, 2631496.929200172424316, 1591.75 ], [ 4309797.731500148773193, 2631507.283999919891357, 1591.118400000006659 ], [ 4309773.890200138092041, 2631509.156499862670898, 1591.038100000005215 ], [ 4309750.048799991607666, 2631511.028800010681152, 1590.986099999994622 ], [ 4309726.207499980926514, 2631512.901199817657471, 1590.751499999998487 ], [ 4309702.366199970245361, 2631514.773600101470947, 1590.083199999993667 ], [ 4309678.524899959564209, 2631516.645999908447266, 1588.733399999997346 ], [ 4309654.683499813079834, 2631518.518499851226807, 1586.502800000002026 ], [ 4309630.842199802398682, 2631520.390900135040283, 1583.686600000000908 ], [ 4309607.000899791717529, 2631522.263199806213379, 1581.013500000000931 ], [ 4309583.159500122070312, 2631524.135700225830078, 1578.820200000001932 ], [ 4309559.31820011138916, 2631526.007999897003174, 1576.864400000005844 ], [ 4309535.315800189971924, 2631531.748799800872803, 1575.292700000005425 ], [ 4309511.313399791717529, 2631537.489500045776367, 1573.230899999995017 ], [ 4309487.311100006103516, 2631543.230199813842773, 1570.402600000001257 ], [ 4309463.308700084686279, 2631548.970799922943115, 1567.817200000004959 ], [ 4309439.306300163269043, 2631554.711599826812744, 1565.457599999994272 ], [ 4309415.303899765014648, 2631560.452300071716309, 1563.501799999998184 ], [ 4309391.301599979400635, 2631566.192999839782715, 1562.412700000000768 ], [ 4309367.299200057983398, 2631571.933800220489502, 1561.510299999994459 ], [ 4309343.296800136566162, 2631577.674399852752686, 1560.977400000003399 ], [ 4309324.429599761962891, 2631590.605000019073486, 1560.368700000006356 ], [ 4309305.562399864196777, 2631603.535500049591064, 1559.731700000003912 ], [ 4309286.695300102233887, 2631616.466000080108643, 1559.336100000000442 ], [ 4309267.828100204467773, 2631629.396599769592285, 1559.307100000005448 ], [ 4309248.960899829864502, 2631642.327099800109863, 1559.335500000001048 ], [ 4309230.093699932098389, 2631655.257599830627441, 1559.218599999992875 ], [ 4309211.226600170135498, 2631668.188199996948242, 1558.848100000002887 ], [ 4309192.359399795532227, 2631681.11870002746582, 1558.085399999996298 ], [ 4309173.492199897766113, 2631694.049200057983398, 1557.514100000000326 ], [ 4309153.707699775695801, 2631702.294000148773193, 1557.042600000000675 ], [ 4309133.923200130462646, 2631710.53879976272583, 1556.62039999999979 ], [ 4309114.138700008392334, 2631718.78380012512207, 1556.210099999996601 ], [ 4309094.354199886322021, 2631727.028500080108643, 1555.828099999998813 ], [ 4309074.569699764251709, 2631735.273300170898438, 1555.410900000002584 ], [ 4309051.301199913024902, 2631735.775400161743164, 1554.994300000005751 ], [ 4309028.032700061798096, 2631736.277400016784668, 1554.530899999997928 ], [ 4309004.764200210571289, 2631736.779500007629395, 1553.963300000003073 ], [ 4308981.49560022354126, 2631737.281700134277344, 1553.294999999998254 ], [ 4308958.227099895477295, 2631737.783699989318848, 1552.780899999997928 ], [ 4308934.958600044250488, 2631738.285799980163574, 1552.430099999997765 ], [ 4308917.856299877166748, 2631750.253399848937988, 1551.931800000005751 ], [ 4308900.75409984588623, 2631762.221199989318848, 1551.343299999993178 ], [ 4308883.651800155639648, 2631774.188799858093262, 1550.853400000007241 ], [ 4308866.549499988555908, 2631786.156499862670898, 1550.214600000006612 ], [ 4308849.447299957275391, 2631798.124100208282471, 1549.872799999997369 ], [ 4308832.34499979019165, 2631810.091899871826172, 1549.539000000004307 ], [ 4308838.728000164031982, 2631828.860899925231934, 1549.286300000007031 ], [ 4308845.110899925231934, 2631847.630199909210205, 1549.326000000000931 ], [ 4308851.493899822235107, 2631866.399300098419189, 1549.486099999994622 ], [ 4308857.876800060272217, 2631885.168499946594238, 1549.760500000003958 ], [ 4308844.654200077056885, 2631901.884900093078613, 1549.6924 ], [ 4308831.431600093841553, 2631918.60129976272583, 1549.462199999994482 ], [ 4308808.724500179290771, 2631928.78249979019165, 1548.859599999996135 ], [ 4308786.017399787902832, 2631938.963500022888184, 1548.154899999994086 ], [ 4308763.310400009155273, 2631949.144499778747559, 1547.928899999998976 ], [ 4308740.603300094604492, 2631959.325500011444092, 1547.962599999998929 ], [ 4308717.896200180053711, 2631969.506499767303467, 1547.939299999998184 ], [ 4308695.189099788665771, 2631979.687399864196777, 1547.865900000004331 ], [ 4308672.48199987411499, 2631989.868299961090088, 1547.80800000000454 ], [ 4308649.775000095367432, 2632000.049300193786621, 1547.811600000000908 ], [ 4308627.06790018081665, 2632010.230299949645996, 1547.563699999998789 ], [ 4308604.360799789428711, 2632020.411300182342529, 1547.68760000000475 ] ] ] } },
{ "type": "Feature", "properties": { "OBJECT_ID": "RL26004186", "NEXTDOWNID": "RL26004206", "STRAHLER": 1, "Basin": "Rhine", "REX": "CH", "DFDD": "BH140", "RN_I_ID": null, "HYP": 1, "LOC": 44, "FUN": 6, "NVS": 5, "LENGTH": 4814.2099609375, "TR": "NA", "LONGPATH": 1316882.125, "CUM_LEN": 4814.21142578125, "PENTE": 15.379974365234377, "CGNELIN": 260302406, "BEGLIFEVER": "2015-03-22T00:00:00", "ENDLIFEVER": null, "UPDAT_BY": "1", "UPDAT_WHEN": "2015-06-24T00:00:00", "ERM_ID": "UNK", "MC": 1, "MONOT_Z": 0, "LENGTH_GEO": 4815.1715783163236, "INSPIRE_ID": "EEA_EUHydro:RL26004186:2015-03-22", "thematicId": null, "TNODE": "NO26004241", "nameText": null, "CatchID": 76 }, "geometry": { "type": "MultiLineString", "coordinates": [ [ [ 4307437.288000106811523, 2618885.203999996185303, 2624.471999999994296 ], [ 4307448.706500053405762, 2618902.667699813842773, 2611.291500000006636 ], [ 4307460.125, 2618920.13129997253418, 2596.774699999994482 ], [ 4307471.543499946594238, 2618937.594900131225586, 2592.239100000006147 ], [ 4307482.961999893188477, 2618955.058300018310547, 2591.601899999994203 ], [ 4307494.380499839782715, 2618972.521900177001953, 2588.304300000003423 ], [ 4307505.798999786376953, 2618989.985599994659424, 2582.665599999992992 ], [ 4307515.874100208282471, 2619006.105700016021729, 2578.997099999993225 ], [ 4307525.949299812316895, 2619022.225900173187256, 2573.618600000001607 ], [ 4307536.024400234222412, 2619038.346199989318848, 2567.433699999994133 ], [ 4307546.099500179290771, 2619054.466300010681152, 2561.479500000001281 ], [ 4307555.502999782562256, 2619073.273200035095215, 2554.073000000003958 ], [ 4307564.906400203704834, 2619092.0802001953125, 2546.682799999995041 ], [ 4307574.309899806976318, 2619110.887100219726562, 2539.531499999997322 ], [ 4307581.026700019836426, 2619128.350800037384033, 2533.545299999997951 ], [ 4307587.743400096893311, 2619145.814300060272217, 2527.731799999994109 ], [ 4307594.46019983291626, 2619163.2778000831604, 2523.159700000003795 ], [ 4307602.520299911499023, 2619183.428100109100342, 2518.191900000005262 ], [ 4307610.580399990081787, 2619203.578400135040283, 2506.341599999999744 ], [ 4307625.894599914550781, 2619221.310500144958496, 2499.949699999997392 ], [ 4307641.208799839019775, 2619239.042799949645996, 2498.391199999998207 ], [ 4307656.52299976348877, 2619256.775100231170654, 2499.169599999993807 ], [ 4307671.837200164794922, 2619274.507400035858154, 2496.029599999994389 ], [ 4307687.151400089263916, 2619292.239500045776367, 2491.330900000000838 ], [ 4307696.017499923706055, 2619310.7778000831604, 2486.342999999993481 ], [ 4307704.883600234985352, 2619329.315999984741211, 2480.029699999999139 ], [ 4307713.749800205230713, 2619347.854300022125244, 2474.096099999995204 ], [ 4307722.615900039672852, 2619366.392499923706055, 2469.794399999998859 ], [ 4307731.48199987411499, 2619384.930799961090088, 2465.192299999995157 ], [ 4307749.214200019836426, 2619400.244999885559082, 2461.275800000003073 ], [ 4307766.946499824523926, 2619415.559199810028076, 2457.108300000007148 ], [ 4307784.678699970245361, 2619430.873499870300293, 2453.40570000000298 ], [ 4307802.410999774932861, 2619446.187600135803223, 2444.059699999997974 ], [ 4307820.143199920654297, 2619461.501900196075439, 2432.58289999999397 ], [ 4307836.263400077819824, 2619473.592000007629395, 2427.540500000002794 ], [ 4307852.383600234985352, 2619485.68209981918335, 2407.444600000002538 ], [ 4307868.503900051116943, 2619497.772299766540527, 2401.199800000002142 ], [ 4307884.624100208282471, 2619509.862500190734863, 2397.303799999994226 ], [ 4307900.74429988861084, 2619521.952700138092041, 2393.145499999998719 ], [ 4307916.864500045776367, 2619532.69950008392334, 2388.63300000000163 ], [ 4307932.984700202941895, 2619543.446199893951416, 2383.200299999996787 ], [ 4307949.104899883270264, 2619554.192999839782715, 2375.783899999994901 ], [ 4307971.94189977645874, 2619559.566500186920166, 2372.553799999994226 ], [ 4307994.778900146484375, 2619564.939799785614014, 2369.202799999999115 ], [ 4308017.615900039672852, 2619570.313399791717529, 2364.452999999994063 ], [ 4308040.452799797058105, 2619575.686699867248535, 2359.228499999997439 ], [ 4308063.28980016708374, 2619581.060200214385986, 2356.49189999999362 ], [ 4308086.126800060272217, 2619586.433599948883057, 2353.252099999997881 ], [ 4308104.664999961853027, 2619594.493599891662598, 2351.630300000004354 ], [ 4308123.203299999237061, 2619602.553699970245361, 2350.173599999994622 ], [ 4308141.741499900817871, 2619610.613900184631348, 2348.380600000004051 ], [ 4308160.279799938201904, 2619618.673999786376953, 2347.051300000006449 ], [ 4308178.817999839782715, 2619626.734000205993652, 2344.653900000004796 ], [ 4308192.923200130462646, 2619640.839200019836426, 2342.273600000000442 ], [ 4308207.02839994430542, 2619654.944399833679199, 2342.549100000003818 ], [ 4308221.133600234985352, 2619669.049600124359131, 2340.20329999999376 ], [ 4308235.238800048828125, 2619683.154799938201904, 2334.098100000002887 ], [ 4308251.359000205993652, 2619693.901599884033203, 2332.310599999997066 ], [ 4308267.479199886322021, 2619704.648399829864502, 2327.22729999999865 ], [ 4308283.599400043487549, 2619715.395299911499023, 2322.357099999993807 ], [ 4308305.764699935913086, 2619724.127099990844727, 2319.541200000006938 ], [ 4308327.929999828338623, 2619732.858799934387207, 2313.009600000004866 ], [ 4308350.095300197601318, 2619741.590700149536133, 2305.862800000002608 ], [ 4308372.260600090026855, 2619750.322299957275391, 2301.725300000005518 ], [ 4308394.425899982452393, 2619759.054200172424316, 2296.198399999993853 ], [ 4308416.59119987487793, 2619767.785999774932861, 2291.193199999994249 ], [ 4308436.741499900817871, 2619777.189499855041504, 2288.557100000005448 ], [ 4308456.89169979095459, 2619786.592899799346924, 2283.998800000001211 ], [ 4308477.041999816894531, 2619795.996399879455566, 2280.501199999998789 ], [ 4308489.938199996948242, 2619815.340700149536133, 2277.101800000004005 ], [ 4308502.834400177001953, 2619834.684899806976318, 2274.58169999999518 ], [ 4308515.730500221252441, 2619854.029099941253662, 2272.186900000000605 ], [ 4308528.626699924468994, 2619873.373300075531006, 2270.088699999992969 ], [ 4308541.522900104522705, 2619892.717700004577637, 2267.912299999996321 ], [ 4308553.613100051879883, 2619910.18120002746582, 2266.450100000001839 ], [ 4308565.703199863433838, 2619927.644700050354004, 2265.204800000006799 ], [ 4308577.793399810791016, 2619945.108399868011475, 2264.107300000003306 ], [ 4308592.570300102233887, 2619958.541800022125244, 2263.188399999999092 ], [ 4308607.347099781036377, 2619971.975500106811523, 2262.651599999997416 ], [ 4308622.124000072479248, 2619985.408899784088135, 2261.981499999994412 ], [ 4308643.281799793243408, 2619998.506599903106689, 2262.538499999995111 ], [ 4308664.439599990844727, 2620011.604300022125244, 2262.67500000000291 ], [ 4308685.597300052642822, 2620024.701900005340576, 2265.544099999999162 ], [ 4308706.755099773406982, 2620037.799600124359131, 2267.990999999994528 ], [ 4308710.785200119018555, 2620060.63670015335083, 2266.871199999994133 ], [ 4308714.815199851989746, 2620083.473599910736084, 2264.377299999992829 ], [ 4308718.845300197601318, 2620106.310500144958496, 2261.115399999995134 ], [ 4308726.905399799346924, 2620127.804200172424316, 2260.585000000006403 ], [ 4308734.965499877929688, 2620149.297900199890137, 2259.123200000001816 ], [ 4308743.025599956512451, 2620170.791500091552734, 2258.511499999993248 ], [ 4308754.309800148010254, 2620190.941800117492676, 2258.007100000002538 ], [ 4308765.593900203704834, 2620211.092000007629395, 2256.909199999994598 ], [ 4308776.878099918365479, 2620231.242199897766113, 2256.203699999998207 ], [ 4308788.162199974060059, 2620251.392399787902832, 2250.916599999996834 ], [ 4308799.446400165557861, 2620271.542699813842773, 2248.56260000000475 ], [ 4308808.849899768829346, 2620293.036300182342529, 2246.75010000000475 ], [ 4308818.253300189971924, 2620314.53000020980835, 2240.447799999994459 ], [ 4308827.656799793243408, 2620336.023600101470947, 2234.332299999994575 ], [ 4308841.0903000831604, 2620353.487299919128418, 2231.626699999993434 ], [ 4308854.523799896240234, 2620370.950699806213379, 2229.843299999993178 ], [ 4308867.957300186157227, 2620388.414400100708008, 2228.424700000003213 ], [ 4308888.107600212097168, 2620393.451900005340576, 2227.686700000005658 ], [ 4308908.257800102233887, 2620398.489500045776367, 2226.815100000007078 ], [ 4308928.408100128173828, 2620403.527100086212158, 2226.65230000000156 ], [ 4308948.55840015411377, 2620408.564599990844727, 2226.547399999995832 ], [ 4308967.701200008392334, 2620417.632299900054932, 2226.540900000007241 ], [ 4308986.843900203704834, 2620426.69980001449585, 2226.59429999999702 ], [ 4309005.986700057983398, 2620435.767399787902832, 2226.946599999995669 ], [ 4309025.12939977645874, 2620444.835000038146973, 2227.321500000005472 ], [ 4309040.242099761962891, 2620460.9552001953125, 2226.289399999994203 ], [ 4309055.354800224304199, 2620477.075600147247314, 2225.745599999994738 ], [ 4309070.46750020980835, 2620493.195700168609619, 2225.035000000003492 ], [ 4309085.5802001953125, 2620509.315899848937988, 2224.12149999999383 ], [ 4309092.296999931335449, 2620525.436200141906738, 2221.367400000002817 ], [ 4309099.013700008392334, 2620541.556399822235107, 2218.577199999999721 ], [ 4309105.730500221252441, 2620557.676599979400635, 2216.113100000002305 ], [ 4309123.865799903869629, 2620573.796899795532227, 2212.678899999998976 ], [ 4309142.000999927520752, 2620589.917099952697754, 2208.809200000003329 ], [ 4309161.345300197601318, 2620597.977099895477295, 2207.045400000002701 ], [ 4309180.689499855041504, 2620606.037199974060059, 2205.409400000004098 ], [ 4309200.03380012512207, 2620614.097400188446045, 2204.085900000005495 ], [ 4309219.377999782562256, 2620622.15749979019165, 2202.934999999997672 ], [ 4309238.722300052642822, 2620630.21750020980835, 2199.404800000003888 ], [ 4309253.835000038146973, 2620646.337699890136719, 2197.916700000001583 ], [ 4309268.947700023651123, 2620662.458099842071533, 2198.117299999998068 ], [ 4309284.060400009155273, 2620678.578199863433838, 2198.235000000000582 ], [ 4309299.173099994659424, 2620694.698400020599365, 2197.623800000001211 ], [ 4309313.278299808502197, 2620709.811200141906738, 2196.126399999993737 ], [ 4309327.383500099182129, 2620724.923900127410889, 2196.220799999995506 ], [ 4309341.488699913024902, 2620740.036600112915039, 2195.506299999993644 ], [ 4309355.593900203704834, 2620755.149199962615967, 2194.837499999994179 ], [ 4309373.057499885559082, 2620767.239500045776367, 2193.234899999995832 ], [ 4309390.520999908447266, 2620779.329500198364258, 2191.481400000004214 ], [ 4309407.984600067138672, 2620791.4197998046875, 2188.078699999998207 ], [ 4309425.112299919128418, 2620803.509900093078613, 2187.107600000003004 ], [ 4309442.239999771118164, 2620815.600200176239014, 2184.199699999997392 ], [ 4309459.367800235748291, 2620827.690199851989746, 2179.088799999997718 ], [ 4309476.495500087738037, 2620839.780499935150146, 2170.084799999996903 ], [ 4309491.27239990234375, 2620858.587399959564209, 2163.9424 ], [ 4309506.049200057983398, 2620877.394199848175049, 2152.85559999999532 ], [ 4309520.826099872589111, 2620896.201200008392334, 2145.212400000003981 ], [ 4309534.259600162506104, 2620906.94789981842041, 2142.894100000004983 ], [ 4309547.693099975585938, 2620917.694900035858154, 2137.68640000000596 ], [ 4309561.126599788665771, 2620928.441699981689453, 2130.292799999995623 ], [ 4309582.28439998626709, 2620938.51669979095459, 2127.152799999996205 ], [ 4309603.442200183868408, 2620948.592000007629395, 2124.630000000004657 ], [ 4309624.599999904632568, 2620958.667099952697754, 2119.737899999992806 ], [ 4309645.757800102233887, 2620968.742199897766113, 2118.837199999994482 ], [ 4309661.877999782562256, 2620986.20580005645752, 2116.693100000004051 ], [ 4309677.998199939727783, 2621003.669300079345703, 2109.865300000004936 ], [ 4309694.118400096893311, 2621021.132800102233887, 2103.343800000002375 ], [ 4309704.193600177764893, 2621038.260600090026855, 2102.450899999996182 ], [ 4309714.268700122833252, 2621055.388299942016602, 2098.570699999996577 ], [ 4309724.343900203704834, 2621072.51609992980957, 2099.154800000003888 ], [ 4309734.419000148773193, 2621089.643700122833252, 2096.188699999998789 ], [ 4309735.76230001449585, 2621111.13730001449585, 2094.718500000002678 ], [ 4309737.105700016021729, 2621132.63100004196167, 2090.503800000005867 ], [ 4309738.448999881744385, 2621154.12470006942749, 2086.8466000000044 ], [ 4309742.479100227355957, 2621176.961599826812744, 2084.25460000000021 ], [ 4309746.509099960327148, 2621199.798500061035156, 2081.802400000000489 ], [ 4309750.539199829101562, 2621222.635600090026855, 2081.217000000004191 ], [ 4309765.316100120544434, 2621242.785900115966797, 2080.449900000006892 ], [ 4309780.092899799346924, 2621262.936100006103516, 2080.284799999993993 ], [ 4309794.869800090789795, 2621283.086400032043457, 2077.476899999994203 ], [ 4309809.646699905395508, 2621303.236700057983398, 2074.951799999995274 ], [ 4309824.423500061035156, 2621323.386899948120117, 2075.186900000000605 ], [ 4309839.200399875640869, 2621343.537199974060059, 2075.82390000000305 ], [ 4309844.573800086975098, 2621359.657400131225586, 2076.382199999992736 ], [ 4309849.947199821472168, 2621375.777599811553955, 2077.677500000005239 ], [ 4309855.320600032806396, 2621391.897900104522705, 2078.594100000002072 ], [ 4309851.290500164031982, 2621413.39139986038208, 2077.085399999996298 ], [ 4309847.260499954223633, 2621434.8850998878479, 2073.94090000000142 ], [ 4309843.230400085449219, 2621456.378799915313721, 2071.821500000005472 ], [ 4309827.110199928283691, 2621469.47629976272583, 2066.980999999999767 ], [ 4309810.989999771118164, 2621482.57420015335083, 2062.400800000003073 ], [ 4309794.869800090789795, 2621495.671800136566162, 2058.844800000006217 ], [ 4309778.749599933624268, 2621508.769499778747559, 2055.682199999995646 ], [ 4309759.606800079345703, 2621520.859600067138672, 2053.840700000000652 ], [ 4309740.464099884033203, 2621532.949699878692627, 2053.626000000003842 ], [ 4309721.321300029754639, 2621545.039899826049805, 2054.260500000003958 ], [ 4309702.178500175476074, 2621557.130099773406982, 2053.517699999996694 ], [ 4309692.103400230407715, 2621577.280399799346924, 2048.575899999996182 ], [ 4309682.028299808502197, 2621597.430699825286865, 2044.879700000004959 ], [ 4309684.043300151824951, 2621620.603499889373779, 2035.551999999996042 ], [ 4309686.05840015411377, 2621643.776199817657471, 2021.600300000005518 ], [ 4309688.073400020599365, 2621666.948999881744385, 1997.337100000004284 ], [ 4309690.088399887084961, 2621690.121799945831299, 1995.189199999993434 ], [ 4309692.775100231170654, 2621712.958899974822998, 1993.459799999996903 ], [ 4309695.461800098419189, 2621735.79580020904541, 1988.630900000003749 ], [ 4309698.148499965667725, 2621758.632699966430664, 1978.973299999997835 ], [ 4309710.238699913024902, 2621775.559000015258789, 1971.449699999997392 ], [ 4309722.328800201416016, 2621792.485300064086914, 1965.647400000001653 ], [ 4309734.419000148773193, 2621809.411399841308594, 1960.675900000002002 ], [ 4309746.509099960327148, 2621826.337699890136719, 1956.296400000006543 ], [ 4309758.599299907684326, 2621843.263999938964844, 1952.053400000004331 ], [ 4309767.666900157928467, 2621860.391600131988525, 1947.790800000002491 ], [ 4309776.734600067138672, 2621877.519499778747559, 1943.632500000006985 ], [ 4309785.802199840545654, 2621894.64709997177124, 1938.961599999995087 ], [ 4309794.869800090789795, 2621911.774899959564209, 1934.728600000002189 ], [ 4309799.907400131225586, 2621932.932700157165527, 1929.481499999994412 ], [ 4309804.945000171661377, 2621954.090499877929688, 1924.350200000000768 ], [ 4309809.982500076293945, 2621975.248099803924561, 1919.346300000004703 ], [ 4309815.020100116729736, 2621996.405900001525879, 1915.242800000007264 ], [ 4309813.005099773406982, 2622020.586299896240234, 1911.55109999999695 ], [ 4309810.989999771118164, 2622044.766600131988525, 1909.482999999992899 ], [ 4309808.974899768829346, 2622068.947000026702881, 1908.207500000004075 ], [ 4309806.95989990234375, 2622093.127200126647949, 1907.269599999999627 ], [ 4309807.967400074005127, 2622113.277500152587891, 1906.779599999994389 ], [ 4309808.974999904632568, 2622133.427800178527832, 1906.359700000000885 ], [ 4309809.982500076293945, 2622153.578000068664551, 1901.539999999993597 ], [ 4309810.989999771118164, 2622173.728300094604492, 1898.419599999993807 ], [ 4309804.944900035858154, 2622191.863699913024902, 1898.659400000004098 ], [ 4309798.899899959564209, 2622209.998799800872803, 1898.257299999997485 ], [ 4309792.854800224304199, 2622228.134099960327148, 1896.876199999998789 ], [ 4309786.809700012207031, 2622246.269400119781494, 1895.846999999994296 ], [ 4309784.123000144958496, 2622270.449600219726562, 1895.085900000005495 ], [ 4309781.436299800872803, 2622294.630099773406982, 1893.175399999992806 ], [ 4309778.749599933624268, 2622318.810299873352051, 1890.056400000001304 ], [ 4309783.540900230407715, 2622340.214399814605713, 1887.85580000000482 ], [ 4309788.332200050354004, 2622361.618400096893311, 1886.064499999993131 ], [ 4309793.123400211334229, 2622383.022500038146973, 1884.66479999999865 ], [ 4309797.914700031280518, 2622404.426499843597412, 1884.055999999996857 ], [ 4309802.705999851226807, 2622425.830599784851074, 1884.047500000000582 ] ] ] } },
{ "type": "Feature", "properties": { "OBJECT_ID": "RL26004205", "NEXTDOWNID": "RL26004235", "STRAHLER": 1, "Basin": "Rhine", "REX": "CH", "DFDD": "BH140", "RN_I_ID": null, "HYP": 1, "LOC": 44, "FUN": 6, "NVS": 5, "LENGTH": 1891.3199462890625, "TR": "NA", "LONGPATH": 1313626.125, "CUM_LEN": 1891.3243408203125, "PENTE": 31.570989608764648, "CGNELIN": 260403509, "BEGLIFEVER": "2015-03-22T00:00:00", "ENDLIFEVER": null, "UPDAT_BY": "1", "UPDAT_WHEN": "2015-06-24T00:00:00", "ERM_ID": "UNK", "MC": 1, "MONOT_Z": 0, "LENGTH_GEO": 1892.0561941943317, "INSPIRE_ID": "EEA_EUHydro:RL26004205:2015-03-22", "thematicId": null, "TNODE": "NO26004259", "nameText": null, "CatchID": 76 }, "geometry": { "type": "MultiLineString", "coordinates": [ [ [ 4308646.304299831390381, 2621170.244800090789795, 2469.396099999998114 ], [ 4308651.341899871826172, 2621189.387599945068359, 2460.509300000005169 ], [ 4308656.379499912261963, 2621208.530399799346924, 2449.592000000004191 ], [ 4308661.416999816894531, 2621227.673099994659424, 2419.53530000000319 ], [ 4308666.454599857330322, 2621246.815800189971924, 2401.723499999992782 ], [ 4308675.858099937438965, 2621264.279500007629395, 2397.72259999999369 ], [ 4308685.261499881744385, 2621281.743000030517578, 2395.008400000006077 ], [ 4308694.664999961853027, 2621299.206500053405762, 2394.260699999998906 ], [ 4308702.725100040435791, 2621318.013400077819824, 2392.956500000000233 ], [ 4308710.785200119018555, 2621336.820400238037109, 2392.305999999996857 ], [ 4308718.845300197601318, 2621355.627299785614014, 2388.960600000005797 ], [ 4308738.99560022354126, 2621368.724999904632568, 2384.042000000001281 ], [ 4308759.145899772644043, 2621381.8225998878479, 2379.240699999994831 ], [ 4308779.29610013961792, 2621394.920400142669678, 2375.055099999997765 ], [ 4308799.446400165557861, 2621408.018099784851074, 2371.678899999998976 ], [ 4308813.551599979400635, 2621423.466599941253662, 2368.856700000003912 ], [ 4308827.656799793243408, 2621438.915200233459473, 2366.902499999996508 ], [ 4308841.76200008392334, 2621454.363699913024902, 2365.375 ], [ 4308855.867099761962891, 2621469.812300205230713, 2364.040399999998044 ], [ 4308869.972300052642822, 2621485.260900020599365, 2362.146599999992759 ], [ 4308884.077499866485596, 2621500.70930004119873, 2359.746299999998882 ], [ 4308896.167699813842773, 2621519.516300201416016, 2356.748800000001211 ], [ 4308908.257800102233887, 2621538.323200225830078, 2352.544200000003912 ], [ 4308920.348000049591064, 2621557.130099773406982, 2348.027799999996205 ], [ 4308931.094799995422363, 2621578.623700141906738, 2340.727499999993597 ], [ 4308941.841599941253662, 2621600.117300033569336, 2316.307400000005146 ], [ 4308952.588399887084961, 2621621.610899925231934, 2294.387400000006892 ], [ 4308953.93179988861084, 2621641.761199951171875, 2294.580000000001746 ], [ 4308955.275100231170654, 2621661.911399841308594, 2292.810100000002421 ], [ 4308956.618500232696533, 2621682.061699867248535, 2289.834000000002561 ], [ 4308967.701200008392334, 2621701.204500198364258, 2284.49539999999979 ], [ 4308978.78380012512207, 2621720.347300052642822, 2275.830499999996391 ], [ 4308989.866499900817871, 2621739.489999771118164, 2262.063899999993737 ], [ 4309000.949100017547607, 2621758.632699966430664, 2227.838499999998021 ], [ 4309021.099400043487549, 2621770.051300048828125, 2209.779500000004191 ], [ 4309041.249599933624268, 2621781.469699859619141, 2203.552500000005239 ], [ 4309061.399899959564209, 2621792.888199806213379, 2195.669500000003609 ], [ 4309081.55019998550415, 2621804.30679988861084, 2187.825400000001537 ], [ 4309101.700399875640869, 2621815.725200176239014, 2167.920100000003004 ], [ 4309121.850699901580811, 2621827.143700122833252, 2120.6201 ], [ 4309140.993500232696533, 2621842.256499767303467, 2100.178400000004331 ], [ 4309160.136300086975098, 2621857.369200229644775, 2094.85109999999986 ], [ 4309179.278999805450439, 2621872.481800079345703, 2087.779699999999139 ], [ 4309198.421800136566162, 2621887.594500064849854, 2076.880600000004051 ], [ 4309206.481900215148926, 2621907.744800090789795, 2068.484599999996135 ], [ 4309214.541999816894531, 2621927.894999980926514, 2053.259099999995669 ], [ 4309231.468200206756592, 2621939.985300064086914, 2046.889200000005076 ], [ 4309248.394400119781494, 2621952.075399875640869, 2041.129100000005565 ], [ 4309265.320700168609619, 2621964.165500164031982, 2031.64440000000468 ], [ 4309282.246900081634521, 2621976.255599975585938, 2013.530199999993783 ], [ 4309299.173099994659424, 2621988.345799922943115, 1996.447299999999814 ], [ 4309315.293300151824951, 2622004.466000080108643, 1994.231199999994715 ], [ 4309331.413599967956543, 2622020.586400032043457, 1990.028900000004796 ], [ 4309347.53380012512207, 2622036.706500053405762, 1979.124100000000908 ], [ 4309355.593900203704834, 2622054.841800212860107, 1977.298299999994924 ], [ 4309363.653999805450439, 2622072.97700023651123, 1972.082200000004377 ], [ 4309371.714099884033203, 2622091.112299919128418, 1968.603900000001886 ], [ 4309379.774199962615967, 2622109.247499942779541, 1961.94210000000021 ], [ 4309389.177700042724609, 2622130.741099834442139, 1956.824200000002747 ], [ 4309398.581099987030029, 2622152.234700202941895, 1953.441600000005565 ], [ 4309407.984600067138672, 2622173.728300094604492, 1948.582399999999325 ], [ 4309417.388100147247314, 2622195.22189998626709, 1944.746899999998277 ], [ 4309426.791500091552734, 2622216.715700149536133, 1940.342000000004191 ], [ 4309436.195000171661377, 2622238.20930004119873, 1935.492400000002817 ], [ 4309441.031099796295166, 2622261.583499908447266, 1934.728700000006938 ], [ 4309445.867099761962891, 2622284.957799911499023, 1930.897200000006706 ], [ 4309450.703199863433838, 2622308.332200050354004, 1925.235300000000279 ], [ 4309455.539199829101562, 2622331.706500053405762, 1918.973800000007031 ], [ 4309460.37529993057251, 2622355.080900192260742, 1903.708299999998417 ], [ 4309469.44290018081665, 2622378.253600120544434, 1898.469899999996414 ], [ 4309478.510600090026855, 2622401.426400184631348, 1898.390100000004168 ], [ 4309487.578199863433838, 2622424.599100112915039, 1896.348499999992782 ], [ 4309496.645800113677979, 2622447.771999835968018, 1894.91830000000482 ], [ 4309504.705900192260742, 2622469.937399864196777, 1892.240200000000186 ], [ 4309512.765999794006348, 2622492.102700233459473, 1889.697000000000116 ], [ 4309520.826099872589111, 2622514.267899990081787, 1888.091599999999744 ], [ 4309528.886199951171875, 2622536.433199882507324, 1886.958899999997811 ], [ 4309536.946300029754639, 2622554.971399784088135, 1885.66710000000603 ], [ 4309545.006400108337402, 2622573.509799957275391, 1884.077900000003865 ], [ 4309553.066500186920166, 2622592.047999858856201, 1882.263600000005681 ], [ 4309561.126599788665771, 2622610.586299896240234, 1879.900500000003376 ], [ 4309569.186699867248535, 2622629.12440013885498, 1876.808799999998882 ], [ 4309583.235899925231934, 2622648.155200004577637, 1874.256899999993038 ], [ 4309597.285099983215332, 2622667.186200141906738, 1872.857300000003306 ], [ 4309611.334400177001953, 2622686.217000007629395, 1872.388900000005378 ], [ 4309625.383600234985352, 2622705.247700214385986, 1872.286300000007031 ] ] ] } },
{ "type": "Feature", "properties": { "OBJECT_ID": "RL26004206", "NEXTDOWNID": "RL26004235", "STRAHLER": 2, "Basin": "Rhine", "REX": "CH", "DFDD": "BH140", "RN_I_ID": null, "HYP": 1, "LOC": 44, "FUN": 6, "NVS": 5, "LENGTH": 333.08999633789062, "TR": "Z000374253", "LONGPATH": 1312067.875, "CUM_LEN": 12691.7265625, "PENTE": 3.530964612960815, "CGNELIN": 260302406, "BEGLIFEVER": "2015-03-22T00:00:00", "ENDLIFEVER": null, "UPDAT_BY": "1", "UPDAT_WHEN": "2015-06-24T00:00:00", "ERM_ID": "UNK", "MC": 1, "MONOT_Z": 0, "LENGTH_GEO": 333.20975175468516, "INSPIRE_ID": "EEA_EUHydro:RL26004206:2015-03-22", "thematicId": null, "TNODE": "NO26004259", "nameText": null, "CatchID": 76 }, "geometry": { "type": "MultiLineString", "coordinates": [ [ [ 4309802.705999851226807, 2622425.830599784851074, 1884.047500000000582 ], [ 4309791.959199905395508, 2622446.249599933624268, 1882.876199999998789 ], [ 4309781.212399959564209, 2622466.668600082397461, 1882.3462 ], [ 4309770.465499877929688, 2622487.087500095367432, 1881.903200000000652 ], [ 4309759.718699932098389, 2622507.506499767303467, 1880.841799999994691 ], [ 4309748.97189998626709, 2622527.925300121307373, 1879.341799999994691 ], [ 4309737.150400161743164, 2622549.418900012969971, 1877.555200000002515 ], [ 4309725.32889986038208, 2622570.912499904632568, 1876.575599999996484 ], [ 4309713.507500171661377, 2622592.406300067901611, 1876.160600000002887 ], [ 4309701.685999870300293, 2622613.899899959564209, 1876.229099999996834 ], [ 4309689.864500045776367, 2622635.393499851226807, 1875.82839999999851 ], [ 4309673.74429988861084, 2622652.857100009918213, 1875.404299999994691 ], [ 4309657.624000072479248, 2622670.320700168609619, 1874.572199999995064 ], [ 4309641.503799915313721, 2622687.78410005569458, 1873.671000000002095 ], [ 4309625.383600234985352, 2622705.247700214385986, 1872.286300000007031 ] ] ] } },
{ "type": "Feature", "properties": { "OBJECT_ID": "RL26004234", "NEXTDOWNID": "RL26004263", "STRAHLER": 1, "Basin": "Rhine", "REX": "CH", "DFDD": "BH140", "RN_I_ID": null, "HYP": 1, "LOC": 44, "FUN": 6, "NVS": 5, "LENGTH": 1672.1500244140625, "TR": "NA", "LONGPATH": 1312717.25, "CUM_LEN": 1672.1513671875, "PENTE": 37.987274169921875, "CGNELIN": 260403503, "BEGLIFEVER": "2015-03-22T00:00:00", "ENDLIFEVER": null, "UPDAT_BY": "1", "UPDAT_WHEN": "2015-06-24T00:00:00", "ERM_ID": "UNK", "MC": 1, "MONOT_Z": 0, "LENGTH_GEO": 1671.668556588193, "INSPIRE_ID": "EEA_EUHydro:RL26004234:2015-03-22", "thematicId": null, "TNODE": "NO26004283", "nameText": null, "CatchID": 76 }, "geometry": { "type": "MultiLineString", "coordinates": [ [ [ 4308049.856299877166748, 2622508.222799777984619, 2485.688099999999395 ], [ 4308060.939000129699707, 2622526.358200073242188, 2472.680200000002515 ], [ 4308072.021599769592285, 2622544.493299961090088, 2461.525099999998929 ], [ 4308083.104199886322021, 2622562.628600120544434, 2450.628599999996368 ], [ 4308094.18690013885498, 2622580.763899803161621, 2442.54210000000603 ], [ 4308108.292099952697754, 2622594.869100093841553, 2436.201799999995274 ], [ 4308122.397299766540527, 2622608.974100112915039, 2430.219700000001467 ], [ 4308136.502399921417236, 2622623.079500198364258, 2424.886899999997695 ], [ 4308150.607600212097168, 2622637.184700012207031, 2409.55899999999383 ], [ 4308164.712800025939941, 2622650.282400131225586, 2398.450100000001839 ], [ 4308178.817999839782715, 2622663.380099773406982, 2397.874800000005052 ], [ 4308192.923200130462646, 2622676.477700233459473, 2397.271599999992759 ], [ 4308207.02839994430542, 2622689.575399875640869, 2395.503700000001118 ], [ 4308224.760600090026855, 2622704.889500141143799, 2395.225900000004913 ], [ 4308242.492899894714355, 2622720.203800201416016, 2391.609800000005635 ], [ 4308260.225100040435791, 2622735.517899990081787, 2384.890100000004168 ], [ 4308277.957399845123291, 2622750.832099914550781, 2373.230500000005122 ], [ 4308295.689599990844727, 2622766.146399974822998, 2362.642399999996996 ], [ 4308313.421800136566162, 2622776.62440013885498, 2356.237899999992806 ], [ 4308331.154099941253662, 2622787.102700233459473, 2346.348499999992782 ], [ 4308348.886300086975098, 2622797.58080005645752, 2337.911200000002282 ], [ 4308366.618599891662598, 2622808.059000015258789, 2324.087700000003679 ], [ 4308384.350800037384033, 2622818.537099838256836, 2305.145000000004075 ], [ 4308401.814400196075439, 2622827.940599918365479, 2304.580900000000838 ], [ 4308419.277900218963623, 2622837.343999862670898, 2297.339200000002165 ], [ 4308436.741499900817871, 2622846.747499942779541, 2296.148300000000745 ], [ 4308456.891799926757812, 2622861.524300098419189, 2293.846399999994901 ], [ 4308477.041999816894531, 2622876.301199913024902, 2281.893299999996088 ], [ 4308497.192299842834473, 2622891.078000068664551, 2270.545400000002701 ], [ 4308513.3125, 2622908.004300117492676, 2268.822199999995064 ], [ 4308529.432700157165527, 2622924.930500030517578, 2261.268700000000536 ], [ 4308545.552999973297119, 2622941.856800079345703, 2251.914300000004005 ], [ 4308561.673200130462646, 2622958.782899856567383, 2242.469100000002072 ], [ 4308577.793399810791016, 2622975.709199905395508, 2222.831500000000233 ], [ 4308588.540200233459473, 2622989.142600059509277, 2200.082999999998719 ], [ 4308599.287000179290771, 2623002.576200008392334, 2207.424299999998766 ], [ 4308610.03380012512207, 2623016.009799957275391, 2200.899900000003981 ], [ 4308624.810699939727783, 2623024.069900035858154, 2201.789000000004307 ], [ 4308639.587500095367432, 2623032.129899978637695, 2197.247099999993225 ], [ 4308654.364399909973145, 2623040.190000057220459, 2194.106700000003912 ], [ 4308670.484700202941895, 2623052.280200004577637, 2187.45350000000326 ], [ 4308686.604899883270264, 2623064.370399951934814, 2169.775299999993877 ], [ 4308708.770199775695801, 2623064.370399951934814, 2167.989100000006147 ], [ 4308730.935500144958496, 2623064.370399951934814, 2143.03509999999369 ], [ 4308754.309800148010254, 2623062.758399963378906, 2132.599700000006123 ], [ 4308777.684100151062012, 2623061.146399974822998, 2121.688999999998487 ], [ 4308801.05840015411377, 2623059.534200191497803, 2106.147400000001653 ], [ 4308824.432700157165527, 2623057.922200202941895, 2086.720600000000559 ], [ 4308847.807000160217285, 2623056.310200214385986, 2072.726899999994203 ], [ 4308863.927299976348877, 2623052.280200004577637, 2070.123200000001816 ], [ 4308880.047500133514404, 2623048.250100135803223, 2059.302200000005541 ], [ 4308898.854400157928467, 2623050.93690013885498, 2049.051800000001094 ], [ 4308917.661300182342529, 2623053.623600006103516, 2035.739100000006147 ], [ 4308936.468200206756592, 2623056.310200214385986, 2006.579199999992852 ], [ 4308956.618500232696533, 2623059.534200191497803, 1999.068899999998393 ], [ 4308976.768799781799316, 2623062.758399963378906, 1988.834700000006706 ], [ 4308996.919000148773193, 2623065.982399940490723, 1984.206099999995786 ], [ 4309017.069300174713135, 2623069.206399917602539, 1978.168399999995017 ], [ 4309037.219600200653076, 2623072.430500030517578, 1959.566600000005565 ], [ 4309059.384900093078613, 2623082.505599975585938, 1947.210900000005495 ], [ 4309081.55019998550415, 2623092.58080005645752, 1925.994000000006054 ], [ 4309100.357100009918213, 2623092.58080005645752, 1918.784199999994598 ], [ 4309119.164000034332275, 2623092.58080005645752, 1912.858099999997648 ], [ 4309137.970900058746338, 2623092.58080005645752, 1900.406000000002678 ], [ 4309154.091100215911865, 2623097.954100131988525, 1901.87850000000617 ], [ 4309170.211400032043457, 2623103.327600002288818, 1896.868100000006962 ], [ 4309186.331600189208984, 2623108.700900077819824, 1887.903699999995297 ], [ 4309201.780099868774414, 2623126.16450023651123, 1889.485700000004726 ], [ 4309217.228700160980225, 2623143.628099918365479, 1886.287400000001071 ], [ 4309232.677199840545654, 2623161.091599941253662, 1883.100900000004913 ], [ 4309248.125699996948242, 2623178.555300235748291, 1880.756599999993341 ], [ 4309263.574299812316895, 2623196.018700122833252, 1876.508199999996577 ], [ 4309279.022799968719482, 2623213.482399940490723, 1874.186499999996158 ], [ 4309295.14300012588501, 2623230.408599853515625, 1872.541500000006636 ], [ 4309311.263199806213379, 2623247.334799766540527, 1867.04649999999674 ], [ 4309327.383500099182129, 2623264.261000156402588, 1860.854699999996228 ], [ 4309343.503699779510498, 2623281.187399864196777, 1855.296799999996438 ], [ 4309359.623899936676025, 2623298.11359977722168, 1851.841899999999441 ], [ 4309376.975599765777588, 2623316.025000095367432, 1850.483399999997346 ], [ 4309394.327199935913086, 2623333.936299800872803, 1851.064299999998184 ] ] ] } },
{ "type": "Feature", "properties": { "OBJECT_ID": "RL26004235", "NEXTDOWNID": "RL26004263", "STRAHLER": 2, "Basin": "Rhine", "REX": "CH", "DFDD": "BH140", "RN_I_ID": null, "HYP": 1, "LOC": 44, "FUN": 6, "NVS": 5, "LENGTH": 689.58001708984375, "TR": "Z000374120", "LONGPATH": 1311734.75, "CUM_LEN": 15272.62890625, "PENTE": 3.0775341987609859, "CGNELIN": 260302406, "BEGLIFEVER": "2015-03-22T00:00:00", "ENDLIFEVER": null, "UPDAT_BY": "1", "UPDAT_WHEN": "2015-06-24T00:00:00", "ERM_ID": "UNK", "MC": 1, "MONOT_Z": 0, "LENGTH_GEO": 690.00987297892163, "INSPIRE_ID": "EEA_EUHydro:RL26004235:2015-03-22", "thematicId": null, "TNODE": "NO26004283", "nameText": null, "CatchID": 76 }, "geometry": { "type": "MultiLineString", "coordinates": [ [ [ 4309625.383600234985352, 2622705.247700214385986, 1872.286300000007031 ], [ 4309613.741199970245361, 2622725.845799922943115, 1870.763600000005681 ], [ 4309602.098800182342529, 2622746.443900108337402, 1869.333599999998114 ], [ 4309590.456500053405762, 2622767.041800022125244, 1867.616599999993923 ], [ 4309578.814099788665771, 2622787.639999866485596, 1866.429900000002817 ], [ 4309567.171700000762939, 2622808.23799991607666, 1864.911300000007031 ], [ 4309555.529300212860107, 2622828.836100101470947, 1863.4712 ], [ 4309543.439199924468994, 2622847.642899990081787, 1862.201400000005378 ], [ 4309531.348999977111816, 2622866.449900150299072, 1861.72609999999986 ], [ 4309519.258900165557861, 2622885.256800174713135, 1861.994300000005751 ], [ 4309507.168700218200684, 2622904.063700199127197, 1861.762199999997392 ], [ 4309498.212999820709229, 2622925.557300090789795, 1861.699399999997695 ], [ 4309489.257400035858154, 2622947.05109977722168, 1861.491599999993923 ], [ 4309480.301700115203857, 2622968.544700145721436, 1861.433399999994435 ], [ 4309480.301700115203857, 2622991.381599903106689, 1861.341700000004494 ], [ 4309480.301700115203857, 2623014.218599796295166, 1861.165500000002794 ], [ 4309480.301700115203857, 2623037.055600166320801, 1860.883400000006077 ], [ 4309480.301700115203857, 2623059.892499923706055, 1860.633799999995972 ], [ 4309476.271599769592285, 2623081.386099815368652, 1860.509099999995669 ], [ 4309472.241499900817871, 2623102.879899978637695, 1860.384799999999814 ], [ 4309468.21150016784668, 2623124.373499870300293, 1859.910799999997835 ], [ 4309464.181399822235107, 2623145.867099761962891, 1858.778500000000349 ], [ 4309464.181399822235107, 2623165.569600105285645, 1857.0769 ], [ 4309464.181399822235107, 2623185.271900177001953, 1855.236699999994016 ], [ 4309464.181399822235107, 2623204.974500179290771, 1853.690300000002026 ], [ 4309458.808000087738037, 2623226.468100070953369, 1852.649999999994179 ], [ 4309453.434599876403809, 2623247.961699962615967, 1852.018200000005891 ], [ 4309448.061200141906738, 2623269.455299854278564, 1851.488100000002305 ], [ 4309434.627699851989746, 2623285.575600147247314, 1851.192200000004959 ], [ 4309421.194200038909912, 2623301.695899963378906, 1851.329400000002352 ], [ 4309407.760700225830078, 2623317.815999984741211, 1851.319199999998091 ], [ 4309394.327199935913086, 2623333.936299800872803, 1851.064299999998184 ] ] ] } },
{ "type": "Feature", "properties": { "OBJECT_ID": "RL26004263", "NEXTDOWNID": "RL26004329", "STRAHLER": 2, "Basin": "Rhine", "REX": "CH", "DFDD": "BH140", "RN_I_ID": null, "HYP": 1, "LOC": 44, "FUN": 6, "NVS": 5, "LENGTH": 647.79998779296875, "TR": "Z000373851", "LONGPATH": 1311045.125, "CUM_LEN": 17592.578125, "PENTE": 0.94580543041229204, "CGNELIN": 260302406, "BEGLIFEVER": "2015-03-22T00:00:00", "ENDLIFEVER": null, "UPDAT_BY": "1", "UPDAT_WHEN": "2015-06-24T00:00:00", "ERM_ID": "UNK", "MC": 1, "MONOT_Z": 0, "LENGTH_GEO": 648.04616518859575, "INSPIRE_ID": "EEA_EUHydro:RL26004263:2015-03-22", "thematicId": null, "TNODE": "NO26004312", "nameText": null, "CatchID": 76 }, "geometry": { "type": "MultiLineString", "coordinates": [ [ [ 4309394.327199935913086, 2623333.936299800872803, 1851.064299999998184 ], [ 4309376.86359977722168, 2623351.399899959564209, 1850.386100000003353 ], [ 4309359.400100231170654, 2623368.863399982452393, 1849.271099999998114 ], [ 4309341.936500072479248, 2623386.326900005340576, 1848.333799999993062 ], [ 4309324.472899913787842, 2623403.790500164031982, 1847.845400000005611 ], [ 4309306.203299999237061, 2623416.686600208282471, 1847.481199999994715 ], [ 4309287.933700084686279, 2623429.582799911499023, 1847.562200000000303 ], [ 4309269.664199829101562, 2623442.479000091552734, 1847.814700000002631 ], [ 4309251.394599914550781, 2623455.375100135803223, 1848.083100000003469 ], [ 4309233.125, 2623468.271399974822998, 1848.088099999993574 ], [ 4309222.378200054168701, 2623484.391499996185303, 1847.680900000006659 ], [ 4309211.631400108337402, 2623500.511899948120117, 1847.494399999995949 ], [ 4309200.884600162506104, 2623516.632100105285645, 1849.158899999994901 ], [ 4309190.137800216674805, 2623532.752200126647949, 1849.620999999999185 ], [ 4309187.451099872589111, 2623554.245800018310547, 1847.876699999993434 ], [ 4309184.764400005340576, 2623575.739500045776367, 1847.243900000001304 ], [ 4309182.077600002288818, 2623597.233200073242188, 1847.295499999992899 ], [ 4309179.390900135040283, 2623618.726799964904785, 1847.851299999994808 ], [ 4309168.644100189208984, 2623636.190400123596191, 1849.023000000001048 ], [ 4309157.897299766540527, 2623653.653800010681152, 1849.978499999997439 ], [ 4309147.150499820709229, 2623671.117400169372559, 1850.847999999998137 ], [ 4309136.40369987487793, 2623688.580999851226807, 1852.372199999997974 ], [ 4309135.328999996185303, 2623713.298699855804443, 1852.873099999997066 ], [ 4309134.254300117492676, 2623738.016300201416016, 1853.169299999994109 ], [ 4309133.179699897766113, 2623762.734000205993652, 1853.303899999998976 ], [ 4309132.105000019073486, 2623787.451700210571289, 1853.350699999995413 ], [ 4309131.030300140380859, 2623812.169300079345703, 1853.370800000004238 ], [ 4309141.777100086212158, 2623831.871799945831299, 1851.416599999996834 ], [ 4309152.523900032043457, 2623851.574299812316895, 1849.96929999999702 ], [ 4309163.270699977874756, 2623871.276700019836426, 1848.9375 ] ] ] } },
{ "type": "Feature", "properties": { "OBJECT_ID": "RL26004293", "NEXTDOWNID": "RL26004329", "STRAHLER": 2, "Basin": "Rhine", "REX": "CH", "DFDD": "BH140", "RN_I_ID": null, "HYP": 1, "LOC": 44, "FUN": 6, "NVS": 5, "LENGTH": 1150.1500244140625, "TR": "Z000373964", "LONGPATH": 1311547.5, "CUM_LEN": 2831.007080078125, "PENTE": 19.527162551879883, "CGNELIN": 260403498, "BEGLIFEVER": "2015-03-22T00:00:00", "ENDLIFEVER": null, "UPDAT_BY": "1", "UPDAT_WHEN": "2015-06-24T00:00:00", "ERM_ID": "UNK", "MC": 1, "MONOT_Z": 0, "LENGTH_GEO": 1149.7107321319688, "INSPIRE_ID": "EEA_EUHydro:RL26004293:2015-03-22", "thematicId": null, "TNODE": "NO26004312", "nameText": null, "CatchID": 76 }, "geometry": { "type": "MultiLineString", "coordinates": [ [ [ 4310121.304200172424316, 2624366.077799797058105, 2073.528600000005099 ], [ 4310111.900700092315674, 2624348.614200115203857, 2070.239400000005844 ], [ 4310102.497300148010254, 2624331.150800228118896, 2067.184500000003027 ], [ 4310093.093800067901611, 2624313.68720006942749, 2063.324299999992945 ], [ 4310076.973599910736084, 2624297.56689977645874, 2059.850800000000163 ], [ 4310060.853300094604492, 2624281.446800231933594, 2054.8978000000061 ], [ 4310044.733099937438965, 2624265.326600074768066, 2049.311199999996461 ], [ 4310028.612899780273438, 2624253.236400127410889, 2043.381999999997788 ], [ 4310012.492700099945068, 2624241.146200180053711, 2037.071899999995367 ], [ 4309996.372499942779541, 2624229.056000232696533, 2021.92269999999553 ], [ 4309980.252299785614014, 2624212.935800075531006, 1999.580799999996088 ], [ 4309964.131999969482422, 2624196.815599918365479, 1999.697299999999814 ], [ 4309948.011799812316895, 2624180.695300102233887, 1999.217900000003283 ], [ 4309927.861599922180176, 2624166.590099811553955, 1996.898300000000745 ], [ 4309907.711299896240234, 2624152.485099792480469, 1997.372199999997974 ], [ 4309887.561100006103516, 2624138.379899978637695, 1991.232199999998556 ], [ 4309867.410799980163574, 2624124.274700164794922, 1989.544800000003306 ], [ 4309846.252999782562256, 2624115.207099914550781, 1985.734700000000885 ], [ 4309825.095200061798096, 2624106.139400005340576, 1981.223899999997229 ], [ 4309803.937399864196777, 2624097.071800231933594, 1974.306599999996251 ], [ 4309782.779600143432617, 2624088.004199981689453, 1966.731100000004517 ], [ 4309758.599299907684326, 2624083.974100112915039, 1960.314899999997579 ], [ 4309734.418900012969971, 2624079.943999767303467, 1955.440499999996973 ], [ 4309710.23859977722168, 2624075.91379976272583, 1951.611000000004424 ], [ 4309694.118400096893311, 2624065.838799953460693, 1949.58520000000135 ], [ 4309677.998199939727783, 2624055.763700008392334, 1946.04660000000149 ], [ 4309661.877999782562256, 2624045.688499927520752, 1942.363200000007055 ], [ 4309645.757800102233887, 2624035.613399982452393, 1933.427700000000186 ], [ 4309625.607500076293945, 2624025.941299915313721, 1930.93760000000475 ], [ 4309605.457200050354004, 2624016.269199848175049, 1928.723899999997229 ], [ 4309585.307000160217285, 2624006.597099781036377, 1924.752699999997276 ], [ 4309565.156700134277344, 2623996.924799919128418, 1920.528300000005402 ], [ 4309545.006400108337402, 2623987.252699851989746, 1912.826100000005681 ], [ 4309527.542799949645996, 2623975.162499904632568, 1911.043399999995017 ], [ 4309510.079299926757812, 2623963.072400093078613, 1908.948300000003655 ], [ 4309492.615699768066406, 2623950.9822998046875, 1899.961899999994785 ], [ 4309480.525599956512451, 2623935.869500160217285, 1898.621199999994133 ], [ 4309468.435400009155273, 2623920.756800174713135, 1899.022400000001653 ], [ 4309456.345300197601318, 2623905.644199848175049, 1897.02390000000014 ], [ 4309444.255099773406982, 2623890.531499862670898, 1893.805500000002212 ], [ 4309426.522900104522705, 2623880.053400039672852, 1891.481299999999464 ], [ 4309408.790599822998047, 2623869.575099945068359, 1888.915999999997439 ], [ 4309391.05840015411377, 2623859.097099781036377, 1885.032000000006519 ], [ 4309373.326099872589111, 2623848.618899822235107, 1879.175799999997253 ], [ 4309355.593900203704834, 2623838.140699863433838, 1873.60559999999532 ], [ 4309333.428599834442139, 2623838.140699863433838, 1872.778699999995297 ], [ 4309311.263299942016602, 2623838.140699863433838, 1868.762600000001839 ], [ 4309289.098000049591064, 2623838.140699863433838, 1864.646299999993062 ], [ 4309266.932700157165527, 2623838.140699863433838, 1860.459000000002561 ], [ 4309246.200300216674805, 2623844.767899990081787, 1858.179000000003725 ], [ 4309225.467899799346924, 2623851.395100116729736, 1855.933199999999488 ], [ 4309204.735499858856201, 2623858.022299766540527, 1853.311100000006263 ], [ 4309184.003099918365479, 2623864.649499893188477, 1849.923200000004726 ], [ 4309163.270699977874756, 2623871.276700019836426, 1848.9375 ] ] ] } },
{ "type": "Feature", "properties": { "OBJECT_ID": "RL26004329", "NEXTDOWNID": "RL26004382", "STRAHLER": 3, "Basin": "Rhine", "REX": "CH", "DFDD": "BH140", "RN_I_ID": null, "HYP": 1, "LOC": 44, "FUN": 6, "NVS": 5, "LENGTH": 1160.25, "TR": "Z000373851", "LONGPATH": 1310397.375, "CUM_LEN": 21583.8359375, "PENTE": 6.722161293029786, "CGNELIN": 260302406, "BEGLIFEVER": "2015-03-22T00:00:00", "ENDLIFEVER": null, "UPDAT_BY": "1", "UPDAT_WHEN": "2015-06-24T00:00:00", "ERM_ID": "UNK", "MC": 1, "MONOT_Z": 0, "LENGTH_GEO": 1161.0345192276918, "INSPIRE_ID": "EEA_EUHydro:RL26004329:2015-03-22", "thematicId": null, "TNODE": "NO26004380", "nameText": null, "CatchID": 76 }, "geometry": { "type": "MultiLineString", "coordinates": [ [ [ 4309163.270699977874756, 2623871.276700019836426, 1848.9375 ], [ 4309167.30079984664917, 2623895.457099914550781, 1849.219100000002072 ], [ 4309171.33080005645752, 2623919.637400150299072, 1848.065400000006775 ], [ 4309175.360899925231934, 2623943.817800045013428, 1845.286699999996927 ], [ 4309179.390900135040283, 2623967.998000144958496, 1841.966799999994691 ], [ 4309174.017499923706055, 2623988.416900157928467, 1839.083199999993667 ], [ 4309168.644100189208984, 2624008.835899829864502, 1835.859800000005635 ], [ 4309163.270699977874756, 2624029.254899978637695, 1832.320099999997183 ], [ 4309157.897299766540527, 2624049.673900127410889, 1829.812799999999697 ], [ 4309152.523900032043457, 2624070.092700004577637, 1827.784799999993993 ], [ 4309146.075799942016602, 2624090.51170015335083, 1825.646200000002864 ], [ 4309139.627699851989746, 2624110.930699825286865, 1823.285799999997835 ], [ 4309133.179699897766113, 2624131.349599838256836, 1822.059999999997672 ], [ 4309126.731599807739258, 2624151.768499851226807, 1820.791500000006636 ], [ 4309120.283500194549561, 2624172.187399864196777, 1818.852899999998044 ], [ 4309107.233799934387207, 2624192.145800113677979, 1816.692299999995157 ], [ 4309094.184100151062012, 2624212.104100227355957, 1814.771500000002561 ], [ 4309081.134399890899658, 2624232.0625, 1813.230299999995623 ], [ 4309068.084700107574463, 2624252.020899772644043, 1811.4033999999956 ], [ 4309055.034999847412109, 2624271.979300022125244, 1809.486300000004121 ], [ 4309041.985300064086914, 2624291.937600135803223, 1807.308699999994133 ], [ 4309028.935599803924561, 2624311.895999908447266, 1805.137900000001537 ], [ 4309018.188799858093262, 2624328.016300201416016, 1801.583100000003469 ], [ 4309007.441999912261963, 2624344.136499881744385, 1799.023300000000745 ], [ 4308996.695099830627441, 2624360.256700038909912, 1798.495200000004843 ], [ 4308985.948299884796143, 2624376.376999855041504, 1798.314799999992829 ], [ 4308980.574900150299072, 2624392.497200012207031, 1798.427999999999884 ], [ 4308975.201499938964844, 2624408.617300033569336, 1797.936199999996461 ], [ 4308980.574900150299072, 2624431.454299926757812, 1796.114799999995739 ], [ 4308985.948299884796143, 2624454.291399955749512, 1794.209799999996903 ], [ 4308991.321700096130371, 2624477.128200054168701, 1791.64079999999376 ], [ 4308996.695099830627441, 2624499.965199947357178, 1789.396800000002258 ], [ 4308989.978400230407715, 2624521.458899974822998, 1786.967999999993481 ], [ 4308983.261600017547607, 2624542.952600002288818, 1784.867800000007264 ], [ 4308976.544899940490723, 2624564.446199893951416, 1782.910999999992782 ], [ 4308969.828100204467773, 2624585.939700126647949, 1781.319399999993038 ], [ 4308962.663599967956543, 2624607.433300018310547, 1779.654200000004494 ], [ 4308955.499000072479248, 2624628.927000045776367, 1778.891099999993457 ], [ 4308948.334499835968018, 2624650.420400142669678, 1778.225300000005518 ], [ 4308948.334499835968018, 2624668.331999778747559, 1777.357699999993201 ], [ 4308948.334499835968018, 2624686.243299961090088, 1776.262900000001537 ], [ 4308948.334499835968018, 2624704.154600143432617, 1775.3894 ], [ 4308944.752200126647949, 2624725.648200035095215, 1774.309299999993527 ], [ 4308941.170000076293945, 2624747.142000198364258, 1773.366599999993923 ], [ 4308937.587699890136719, 2624768.635600090026855, 1772.510800000003655 ], [ 4308926.84089994430542, 2624786.546999931335449, 1771.844800000006217 ], [ 4308916.094099998474121, 2624804.458199977874756, 1771.224900000001071 ], [ 4308905.347300052642822, 2624822.36959981918335, 1771.430200000002515 ], [ 4308894.600399971008301, 2624840.280900001525879, 1771.74989999999525 ], [ 4308883.853600025177002, 2624858.192399978637695, 1771.907300000006217 ], [ 4308873.106800079345703, 2624876.103499889373779, 1772.646299999993062 ], [ 4308864.151100158691406, 2624899.388400077819824, 1772.846999999994296 ], [ 4308855.195499897003174, 2624922.673099994659424, 1773.699099999997998 ], [ 4308846.239799976348877, 2624945.958000183105469, 1773.41030000000319 ] ] ] } },
{ "type": "Feature", "properties": { "OBJECT_ID": "RL26004341", "NEXTDOWNID": "RL26004382", "STRAHLER": 1, "Basin": "Rhine", "REX": "CH", "DFDD": "BH140", "RN_I_ID": null, "HYP": 1, "LOC": 44, "FUN": 6, "NVS": 5, "LENGTH": 894.41998291015625, "TR": "NA", "LONGPATH": 1310131.5, "CUM_LEN": 894.41827392578125, "PENTE": 38.861751556396491, "CGNELIN": 260403495, "BEGLIFEVER": "2015-03-22T00:00:00", "ENDLIFEVER": null, "UPDAT_BY": "1", "UPDAT_WHEN": "2015-06-24T00:00:00", "ERM_ID": "UNK", "MC": 1, "MONOT_Z": 0, "LENGTH_GEO": 893.77046887866652, "INSPIRE_ID": "EEA_EUHydro:RL26004341:2015-03-22", "thematicId": null, "TNODE": "NO26004380", "nameText": null, "CatchID": 76 }, "geometry": { "type": "MultiLineString", "coordinates": [ [ [ 4309686.058300018310547, 2625099.547800064086914, 2120.996899999998277 ], [ 4309664.564700126647949, 2625102.906099796295166, 2101.964300000006915 ], [ 4309643.071100234985352, 2625106.264500141143799, 2095.333400000003166 ], [ 4309621.577499866485596, 2625109.622900009155273, 2092.366299999994226 ], [ 4309600.083799839019775, 2625112.981299877166748, 2088.574200000002747 ], [ 4309578.590199947357178, 2625116.339700222015381, 2082.141799999997602 ], [ 4309557.09660005569458, 2625119.698100090026855, 2073.757199999992736 ], [ 4309537.95389986038208, 2625124.735599994659424, 2066.353300000002491 ], [ 4309518.811100006103516, 2625129.773200035095215, 2059.501000000003842 ], [ 4309499.668399810791016, 2625134.810800075531006, 2052.328999999997905 ], [ 4309480.525599956512451, 2625139.848400115966797, 2045.441300000005867 ], [ 4309459.367800235748291, 2625142.870800018310547, 2038.053799999994226 ], [ 4309438.210000038146973, 2625145.893499851226807, 2030.882199999992736 ], [ 4309417.052199840545654, 2625148.915999889373779, 2024.403900000004796 ], [ 4309395.894400119781494, 2625151.938499927520752, 2008.432799999995041 ], [ 4309373.057400226593018, 2625150.595200061798096, 1997.912100000001374 ], [ 4309350.220499992370605, 2625149.251800060272217, 1996.030499999993481 ], [ 4309327.383500099182129, 2625147.908500194549561, 1996.440499999996973 ], [ 4309311.263299942016602, 2625137.833300113677979, 1994.564100000003236 ], [ 4309295.143099784851074, 2625127.758200168609619, 1991.334000000002561 ], [ 4309273.985300064086914, 2625124.735599994659424, 1985.278099999995902 ], [ 4309252.827499866485596, 2625121.712999820709229, 1977.92160000000149 ], [ 4309231.669700145721436, 2625118.690599918365479, 1970.049100000003818 ], [ 4309210.511899948120117, 2625115.667900085449219, 1961.509099999995669 ], [ 4309194.39169979095459, 2625102.570199966430664, 1955.365600000004633 ], [ 4309178.271500110626221, 2625089.472599983215332, 1948.802899999995134 ], [ 4309162.151199817657471, 2625076.374899864196777, 1940.711200000005192 ], [ 4309146.031000137329102, 2625063.277299880981445, 1904.374500000005355 ], [ 4309125.074699878692627, 2625052.799200057983398, 1888.985499999995227 ], [ 4309104.118400096893311, 2625042.321000099182129, 1884.046900000001187 ], [ 4309083.162199974060059, 2625031.842899799346924, 1879.956399999995483 ], [ 4309062.205900192260742, 2625021.364699840545654, 1869.872499999997672 ], [ 4309041.249599933624268, 2625010.886499881744385, 1808.962799999993877 ], [ 4309023.785999774932861, 2625001.482900142669678, 1810.941399999996065 ], [ 4309006.322500228881836, 2624992.079699993133545, 1799.513300000005984 ], [ 4308988.85890007019043, 2624982.676199913024902, 1795.058099999994738 ], [ 4308966.021900177001953, 2624975.959400177001953, 1792.875799999994342 ], [ 4308943.184999942779541, 2624969.242599964141846, 1791.92160000000149 ], [ 4308920.348000049591064, 2624962.526000022888184, 1785.7932 ], [ 4308901.821000099182129, 2624958.383900165557861, 1781.664499999998952 ], [ 4308883.293900012969971, 2624954.242000102996826, 1778.525999999998021 ], [ 4308864.766900062561035, 2624950.099899768829346, 1775.764299999995274 ], [ 4308846.239799976348877, 2624945.958000183105469, 1773.41030000000319 ] ] ] } },
{ "type": "Feature", "properties": { "OBJECT_ID": "RL26004381", "NEXTDOWNID": "RL26004417", "STRAHLER": 1, "Basin": "Rhine", "REX": "CH", "DFDD": "BH140", "RN_I_ID": null, "HYP": 1, "LOC": 44, "FUN": 6, "NVS": 5, "LENGTH": 1449.47998046875, "TR": "NA", "LONGPATH": 1309616.875, "CUM_LEN": 1449.4794921875, "PENTE": 40.776596069335938, "CGNELIN": 260403491, "BEGLIFEVER": "2015-03-22T00:00:00", "ENDLIFEVER": null, "UPDAT_BY": "1", "UPDAT_WHEN": "2015-06-24T00:00:00", "ERM_ID": "UNK", "MC": 1, "MONOT_Z": 0, "LENGTH_GEO": 1448.9381250287731, "INSPIRE_ID": "EEA_EUHydro:RL26004381:2015-03-22", "thematicId": null, "TNODE": "NO26004433", "nameText": null, "CatchID": 76 }, "geometry": { "type": "MultiLineString", "coordinates": [ [ [ 4307247.875500202178955, 2625184.178800106048584, 2290.934200000003329 ], [ 4307265.003200054168701, 2625195.261499881744385, 2283.604300000006333 ], [ 4307282.13100004196167, 2625206.344200134277344, 2274.591000000000349 ], [ 4307299.258699893951416, 2625217.426799774169922, 2266.319699999992736 ], [ 4307316.38640022277832, 2625228.509500026702881, 2258.534799999993993 ], [ 4307332.506599903106689, 2625241.94290018081665, 2250.840200000006007 ], [ 4307348.626900196075439, 2625255.376599788665771, 2227.980400000000373 ], [ 4307364.747099876403809, 2625268.810100078582764, 2200.479800000000978 ], [ 4307380.867300033569336, 2625278.213600158691406, 2203.118100000006962 ], [ 4307396.987500190734863, 2625287.617000102996826, 2192.790200000003097 ], [ 4307413.107699871063232, 2625297.020500183105469, 2191.955000000001746 ], [ 4307427.884600162506104, 2625314.484000205993652, 2191.199600000007194 ], [ 4307442.661399841308594, 2625331.947500228881836, 2188.760099999999511 ], [ 4307457.438300132751465, 2625349.411099910736084, 2180.431100000001607 ], [ 4307476.245200157165527, 2625362.844600200653076, 2173.33969999999681 ], [ 4307495.052199840545654, 2625376.278200149536133, 2161.146999999997206 ], [ 4307513.859099864959717, 2625389.711599826812744, 2142.259699999995064 ], [ 4307532.665999889373779, 2625401.801799774169922, 2143.009900000004563 ], [ 4307551.472899913787842, 2625413.892000198364258, 2135.433499999999185 ], [ 4307570.279799938201904, 2625425.982200145721436, 2107.407300000006217 ], [ 4307581.026599884033203, 2625442.102399826049805, 2089.520000000004075 ], [ 4307591.773499965667725, 2625458.222599983215332, 2088.136899999997695 ], [ 4307602.520299911499023, 2625474.342899799346924, 2087.0818 ], [ 4307613.603000164031982, 2625490.462999820709229, 2084.3521999999939 ], [ 4307624.685599803924561, 2625506.583199977874756, 2078.139299999995274 ], [ 4307635.76830005645752, 2625522.703400135040283, 2067.331000000005588 ], [ 4307646.850900173187256, 2625538.823599815368652, 2056.570200000001932 ], [ 4307663.978600025177002, 2625551.921299934387207, 2050.70690000000468 ], [ 4307681.106400012969971, 2625565.019000053405762, 2039.603600000002189 ], [ 4307698.234099864959717, 2625578.116700172424316, 2021.857799999997951 ], [ 4307715.361800193786621, 2625591.214399814605713, 1999.631299999993644 ], [ 4307737.527100086212158, 2625599.946199893951416, 1996.220400000005611 ], [ 4307759.692399978637695, 2625608.677899837493896, 1992.438699999998789 ], [ 4307781.857699871063232, 2625617.409800052642822, 1990.502800000002026 ], [ 4307804.02299976348877, 2625626.14139986038208, 1982.247399999992922 ], [ 4307826.188300132751465, 2625634.873300075531006, 1968.853700000006938 ], [ 4307848.353600025177002, 2625643.605100154876709, 1961.114199999996345 ], [ 4307866.488900184631348, 2625652.672599792480469, 1955.619600000005448 ], [ 4307884.624100208282471, 2625661.740300178527832, 1946.729200000001583 ], [ 4307902.759399890899658, 2625670.808000087738037, 1930.919800000003306 ], [ 4307920.894599914550781, 2625679.875500202178955, 1906.484599999996135 ], [ 4307939.029799938201904, 2625685.920700073242188, 1897.544999999998254 ], [ 4307957.16510009765625, 2625691.965799808502197, 1894.767300000006799 ], [ 4307975.300300121307373, 2625698.010799884796143, 1889.990900000004331 ], [ 4307993.435500144958496, 2625704.055799961090088, 1882.941099999996368 ], [ 4308010.361700057983398, 2625718.564099788665771, 1877.963399999993271 ], [ 4308027.288000106811523, 2625733.072299957275391, 1866.68300000000454 ], [ 4308044.214200019836426, 2625747.580399990081787, 1856.901400000002468 ], [ 4308061.140500068664551, 2625762.088699817657471, 1842.405799999993178 ], [ 4308078.066699981689453, 2625776.596799850463867, 1818.762900000001537 ], [ 4308100.23199987411499, 2625784.656899929046631, 1795.358200000002398 ], [ 4308122.397299766540527, 2625792.717000007629395, 1791.047099999996135 ], [ 4308141.54010009765625, 2625799.769599914550781, 1786.999500000005355 ], [ 4308160.682799816131592, 2625806.822299957275391, 1778.882700000001932 ], [ 4308179.825600147247314, 2625813.874899864196777, 1758.847500000003492 ], [ 4308198.968299865722656, 2625820.927499771118164, 1754.926300000006449 ], [ 4308218.312600135803223, 2625828.987599849700928, 1751.033400000000256 ], [ 4308237.656799793243408, 2625837.047599792480469, 1742.711599999995087 ], [ 4308257.001100063323975, 2625845.107900142669678, 1736.955300000001444 ], [ 4308276.345300197601318, 2625853.167900085449219, 1729.40570000000298 ], [ 4308295.689599990844727, 2625861.228000164031982, 1721.12850000000617 ], [ 4308311.809800148010254, 2625867.944799900054932, 1720.28070000000298 ], [ 4308327.930099964141846, 2625874.661600112915039, 1715.370899999994435 ], [ 4308344.050300121307373, 2625881.378200054168701, 1709.948499999998603 ], [ 4308367.62909984588623, 2625888.643099784851074, 1707.504700000004959 ], [ 4308391.207900047302246, 2625895.907899856567383, 1704.989499999996042 ], [ 4308414.786600112915039, 2625903.172900199890137, 1703.570099999997183 ], [ 4308438.365399837493896, 2625910.437600135803223, 1703.771900000007008 ], [ 4308461.944200038909912, 2625917.702600002288818, 1699.885800000003655 ] ] ] } },
{ "type": "Feature", "properties": { "OBJECT_ID": "RL26004382", "NEXTDOWNID": "RL26004417", "STRAHLER": 3, "Basin": "Rhine", "REX": "CH", "DFDD": "BH140", "RN_I_ID": null, "HYP": 1, "LOC": 44, "FUN": 6, "NVS": 5, "LENGTH": 1069.81005859375, "TR": "Z000373603", "LONGPATH": 1309237.125, "CUM_LEN": 23548.06640625, "PENTE": 7.1622118949890137, "CGNELIN": 260302406, "BEGLIFEVER": "2015-03-22T00:00:00", "ENDLIFEVER": null, "UPDAT_BY": "1", "UPDAT_WHEN": "2015-06-24T00:00:00", "ERM_ID": "UNK", "MC": 1, "MONOT_Z": 0, "LENGTH_GEO": 1070.4562612519351, "INSPIRE_ID": "EEA_EUHydro:RL26004382:2015-03-22", "thematicId": null, "TNODE": "NO26004433", "nameText": null, "CatchID": 76 }, "geometry": { "type": "MultiLineString", "coordinates": [ [ [ 4308846.239799976348877, 2624945.958000183105469, 1773.41030000000319 ], [ 4308833.190100193023682, 2624964.38100004196167, 1773.20329999999376 ], [ 4308820.140399932861328, 2624982.804200172424316, 1773.715400000000955 ], [ 4308807.090700149536133, 2625001.227200031280518, 1772.901400000002468 ], [ 4308794.040999889373779, 2625019.650300025939941, 1772.773000000001048 ], [ 4308780.991300106048584, 2625038.073400020599365, 1772.401700000002165 ], [ 4308767.94159984588623, 2625056.496600151062012, 1773.266799999997602 ], [ 4308754.891900062561035, 2625074.919700145721436, 1776.155799999993178 ], [ 4308744.145100116729736, 2625093.726600170135498, 1774.292300000000978 ], [ 4308733.398300170898438, 2625112.533500194549561, 1773.878700000001118 ], [ 4308723.547100067138672, 2625131.3403000831604, 1776.507800000006682 ], [ 4308713.695799827575684, 2625150.147299766540527, 1772.531199999997625 ], [ 4308703.844500064849854, 2625168.95419979095459, 1775.285600000002887 ], [ 4308693.993299961090088, 2625187.761099815368652, 1773.859299999996438 ], [ 4308684.142099857330322, 2625206.568099975585938, 1772.507800000006682 ], [ 4308674.290800094604492, 2625225.375, 1773.431500000006054 ], [ 4308660.8572998046875, 2625240.151899814605713, 1771.722500000003492 ], [ 4308647.423799991607666, 2625254.928699970245361, 1769.571100000001024 ], [ 4308633.990300178527832, 2625269.705599784851074, 1766.825700000001234 ], [ 4308620.55679988861084, 2625284.482399940490723, 1765.189700000002631 ], [ 4308611.601099967956543, 2625302.393799781799316, 1762.113100000002305 ], [ 4308602.645400047302246, 2625320.305099964141846, 1759.997900000002119 ], [ 4308593.689700126647949, 2625338.216599941253662, 1756.342799999998533 ], [ 4308588.316299915313721, 2625362.39680004119873, 1750.269499999994878 ], [ 4308582.94290018081665, 2625386.577300071716309, 1745.023000000001048 ], [ 4308577.569499969482422, 2625410.757599830627441, 1739.573600000003353 ], [ 4308572.196100234985352, 2625434.93779993057251, 1735.668600000004517 ], [ 4308562.52400016784668, 2625454.282100200653076, 1732.120200000004843 ], [ 4308552.851799964904785, 2625473.626299858093262, 1731.562999999994645 ], [ 4308543.179699897766113, 2625492.970600128173828, 1729.793600000004517 ], [ 4308533.507500171661377, 2625512.314799785614014, 1727.331999999994878 ], [ 4308523.835400104522705, 2625531.65910005569458, 1725.530400000003283 ], [ 4308518.461999893188477, 2625551.361700057983398, 1722.58190000000468 ], [ 4308513.088600158691406, 2625571.064099788665771, 1719.740099999995437 ], [ 4308507.715199947357178, 2625590.766499996185303, 1718.240000000005239 ], [ 4308502.341800212860107, 2625610.469099998474121, 1717.304199999998673 ], [ 4308496.968400001525879, 2625630.171500205993652, 1716.399099999995087 ], [ 4308491.59499979019165, 2625649.874000072479248, 1715.310299999997369 ], [ 4308484.430500030517578, 2625673.158899784088135, 1714.473599999997532 ], [ 4308477.265900135040283, 2625696.44350004196167, 1714.003299999996671 ], [ 4308470.101399898529053, 2625719.728300094604492, 1712.6057 ], [ 4308468.310299873352051, 2625741.22189998626709, 1711.300099999993108 ], [ 4308466.519100189208984, 2625762.715499877929688, 1709.478300000002491 ], [ 4308464.728000164031982, 2625784.209199905395508, 1707.920499999992899 ], [ 4308464.728000164031982, 2625804.359499931335449, 1707.08969999999681 ], [ 4308464.728000164031982, 2625824.509799957275391, 1706.720100000005914 ], [ 4308464.728000164031982, 2625844.659999847412109, 1706.83640000000014 ], [ 4308464.728000164031982, 2625864.810200214385986, 1707.341100000005099 ], [ 4308463.800099849700928, 2625882.440999984741211, 1707.619500000000698 ], [ 4308462.872099876403809, 2625900.071800231933594, 1703.787100000001374 ], [ 4308461.944200038909912, 2625917.702600002288818, 1699.885800000003655 ] ] ] } },
{ "type": "Feature", "properties": { "OBJECT_ID": "RL26004416", "NEXTDOWNID": "RL26004418", "STRAHLER": 1, "Basin": "Rhine", "REX": "CH", "DFDD": "BH140", "RN_I_ID": null, "HYP": 1, "LOC": 44, "FUN": 6, "NVS": 5, "LENGTH": 1107.9000244140625, "TR": "NA", "LONGPATH": 1309496.25, "CUM_LEN": 1107.90283203125, "PENTE": 31.679971694946289, "CGNELIN": 260502155, "BEGLIFEVER": "2015-03-22T00:00:00", "ENDLIFEVER": null, "UPDAT_BY": "1", "UPDAT_WHEN": "2015-06-24T00:00:00", "ERM_ID": "UNK", "MC": 1, "MONOT_Z": 0, "LENGTH_GEO": 1107.1241552544118, "INSPIRE_ID": "EEA_EUHydro:RL26004416:2015-03-22", "thematicId": null, "TNODE": "NO26004466", "nameText": null, "CatchID": 76 }, "geometry": { "type": "MultiLineString", "coordinates": [ [ [ 4310072.94350004196167, 2626143.331900119781494, 2329.146699999997509 ], [ 4310052.793200016021729, 2626156.429599761962891, 2316.313699999998789 ], [ 4310032.642899990081787, 2626169.527299880981445, 2302.506500000003143 ], [ 4310012.492700099945068, 2626182.624899864196777, 2299.550499999997555 ], [ 4309992.342400074005127, 2626195.722499847412109, 2295.901599999997416 ], [ 4309975.416200160980225, 2626209.424799919128418, 2291.551900000005844 ], [ 4309958.489999771118164, 2626223.126999855041504, 2285.722999999998137 ], [ 4309941.563700199127197, 2626236.828999996185303, 2278.540200000003097 ], [ 4309924.637499809265137, 2626250.531300067901611, 2272.45669999999518 ], [ 4309907.711299896240234, 2626264.233500003814697, 2265.831000000005588 ], [ 4309888.568600177764893, 2626270.278500080108643, 2259.945000000006985 ], [ 4309869.42579984664917, 2626276.323599815368652, 2254.114900000000489 ], [ 4309850.283100128173828, 2626282.368599891662598, 2248.400699999998324 ], [ 4309831.140299797058105, 2626288.41379976272583, 2243.235400000005029 ], [ 4309810.184000015258789, 2626292.443900108337402, 2238.550600000002305 ], [ 4309789.227700233459473, 2626296.473800182342529, 2234.554699999993318 ], [ 4309768.271500110626221, 2626300.504000186920166, 2230.151599999997416 ], [ 4309747.315199851989746, 2626304.533899784088135, 2225.773400000005495 ], [ 4309726.35890007019043, 2626308.564099788665771, 2221.369699999995646 ], [ 4309704.59660005569458, 2626311.788099765777588, 2212.713399999993271 ], [ 4309682.83430004119873, 2626315.012100219726562, 2199.233900000006543 ], [ 4309661.072000026702881, 2626318.236199855804443, 2195.32499999999709 ], [ 4309639.309700012207031, 2626321.460299968719482, 2194.381699999998091 ], [ 4309617.547399997711182, 2626324.684199810028076, 2190.95789999999397 ], [ 4309600.083799839019775, 2626323.34089994430542, 2185.448300000003655 ], [ 4309582.620299816131592, 2626321.997600078582764, 2178.84309999999823 ], [ 4309565.156700134277344, 2626320.654099941253662, 2172.141900000002352 ], [ 4309546.349800109863281, 2626331.401000022888184, 2162.916800000006333 ], [ 4309527.542799949645996, 2626342.147900104522705, 2153.723299999997835 ], [ 4309508.735899925231934, 2626352.894599914550781, 2144.947100000004866 ], [ 4309487.242300033569336, 2626360.954800128936768, 2135.986399999994319 ], [ 4309465.748700141906738, 2626369.014800071716309, 2126.954700000002049 ], [ 4309444.255099773406982, 2626377.074900150299072, 2107.1924 ], [ 4309422.761499881744385, 2626379.76170015335083, 2096.952799999999115 ], [ 4309401.267799854278564, 2626382.448400020599365, 2092.883499999996275 ], [ 4309379.774199962615967, 2626385.135000228881836, 2087.922399999995832 ], [ 4309358.280600070953369, 2626389.165200233459473, 2080.821700000000419 ], [ 4309336.786900043487549, 2626393.195099830627441, 2071.692599999994854 ], [ 4309315.293300151824951, 2626397.225200176239014, 2063.296300000001793 ], [ 4309295.14300012588501, 2626397.225200176239014, 2056.765599999998813 ], [ 4309274.992800235748291, 2626397.225200176239014, 2050.726299999994808 ], [ 4309254.84250020980835, 2626397.225200176239014, 2044.887900000001537 ], [ 4309234.692200183868408, 2626397.225200176239014, 2039.006099999998696 ], [ 4309213.198599815368652, 2626405.285299777984619, 2031.104800000000978 ], [ 4309191.704999923706055, 2626413.345399856567383, 2023.350999999995111 ], [ 4309170.211400032043457, 2626421.405600070953369, 2003.12489999999525 ], [ 4309153.083700180053711, 2626429.465700149536133, 1996.420499999992899 ], [ 4309135.955999851226807, 2626437.525800228118896, 1995.71129999999539 ], [ 4309118.828199863433838, 2626445.585800170898438, 1995.672900000005029 ], [ 4309101.700500011444092, 2626453.645899772644043, 1992.02379999999539 ], [ 4309084.236899852752686, 2626465.736199855804443, 1986.763099999996484 ], [ 4309066.773300170898438, 2626477.826200008392334, 1982.510999999998603 ], [ 4309049.309700012207031, 2626489.916500091552734, 1978.163400000004913 ] ] ] } },
{ "type": "Feature", "properties": { "OBJECT_ID": "RL26004417", "NEXTDOWNID": "RL26004435", "STRAHLER": 3, "Basin": "Rhine", "REX": "CH", "DFDD": "BH140", "RN_I_ID": null, "HYP": 1, "LOC": 44, "FUN": 6, "NVS": 5, "LENGTH": 752.8499755859375, "TR": "Z000373536", "LONGPATH": 1308167.375, "CUM_LEN": 25750.3984375, "PENTE": 2.8080368041992192, "CGNELIN": 260302406, "BEGLIFEVER": "2015-03-22T00:00:00", "ENDLIFEVER": null, "UPDAT_BY": "1", "UPDAT_WHEN": "2015-06-24T00:00:00", "ERM_ID": "UNK", "MC": 1, "MONOT_Z": 0, "LENGTH_GEO": 753.10062285249364, "INSPIRE_ID": "EEA_EUHydro:RL26004417:2015-03-22", "thematicId": null, "TNODE": "NO26004467", "nameText": null, "CatchID": 76 }, "geometry": { "type": "MultiLineString", "coordinates": [ [ [ 4308461.944200038909912, 2625917.702600002288818, 1699.885800000003655 ], [ 4308460.649400234222412, 2625942.303699970245361, 1699.708599999998114 ], [ 4308459.354599952697754, 2625966.904900074005127, 1699.347899999993388 ], [ 4308448.607800006866455, 2625988.398600101470947, 1699.114400000005844 ], [ 4308437.861000061035156, 2626009.892300128936768, 1698.864900000000489 ], [ 4308427.114099979400635, 2626031.385900020599365, 1698.479999999995925 ], [ 4308416.367300033569336, 2626052.87939977645874, 1698.291299999997136 ], [ 4308404.277200222015381, 2626073.029699802398682, 1697.504700000004959 ], [ 4308392.186999797821045, 2626093.179999828338623, 1696.381800000002841 ], [ 4308380.09689998626709, 2626113.3302001953125, 1695.965700000000652 ], [ 4308368.006700038909912, 2626133.480500221252441, 1695.642200000002049 ], [ 4308348.304200172424316, 2626146.018499851226807, 1694.452799999999115 ], [ 4308328.601699829101562, 2626158.556399822235107, 1693.577900000003865 ], [ 4308308.899199962615967, 2626171.094399929046631, 1693.296000000002095 ], [ 4308290.987899780273438, 2626180.05019998550415, 1692.603400000007241 ], [ 4308273.076499938964844, 2626189.00570011138916, 1691.679300000003423 ], [ 4308255.165200233459473, 2626197.96150016784668, 1691.435100000002421 ], [ 4308237.970300197601318, 2626209.782899856567383, 1690.917300000000978 ], [ 4308220.775400161743164, 2626221.604400157928467, 1690.530799999993178 ], [ 4308203.58050012588501, 2626233.425899982452393, 1690.236499999999069 ], [ 4308186.385600090026855, 2626245.247399806976318, 1690.305300000007264 ], [ 4308169.190700054168701, 2626257.068900108337402, 1690.297300000005635 ], [ 4308160.235000133514404, 2626276.771399974822998, 1689.278900000004796 ], [ 4308151.279300212860107, 2626296.473800182342529, 1688.72280000000319 ], [ 4308142.323599815368652, 2626316.176400184631348, 1687.257400000002235 ], [ 4308138.741300106048584, 2626336.774300098419189, 1685.06600000000617 ], [ 4308135.15910005569458, 2626357.372499942779541, 1683.282900000005611 ], [ 4308131.576799869537354, 2626377.970399856567383, 1682.193400000003749 ], [ 4308127.994500160217285, 2626398.56850004196167, 1681.503299999996671 ], [ 4308124.412300109863281, 2626419.166600227355957, 1681.260099999999511 ], [ 4308120.829999923706055, 2626439.764599800109863, 1681.228900000001886 ], [ 4308115.456600189208984, 2626461.258200168609619, 1680.551600000006147 ], [ 4308110.083199977874756, 2626482.751999855041504, 1679.507700000001932 ], [ 4308104.709799766540527, 2626504.245500087738037, 1679.003200000006473 ], [ 4308099.336400032043457, 2626525.739099979400635, 1678.74550000000454 ] ] ] } },
{ "type": "Feature", "properties": { "OBJECT_ID": "RL26004418", "NEXTDOWNID": "RL26004435", "STRAHLER": 2, "Basin": "Rhine", "REX": "CH", "DFDD": "BH140", "RN_I_ID": null, "HYP": 1, "LOC": 44, "FUN": 6, "NVS": 5, "LENGTH": 973.84002685546875, "TR": "NA", "LONGPATH": 1308388.375, "CUM_LEN": 3599.729248046875, "PENTE": 30.746074676513672, "CGNELIN": 260403484, "BEGLIFEVER": "2015-03-22T00:00:00", "ENDLIFEVER": null, "UPDAT_BY": "1", "UPDAT_WHEN": "2015-06-24T00:00:00", "ERM_ID": "UNK", "MC": 1, "MONOT_Z": 0, "LENGTH_GEO": 973.0017420471379, "INSPIRE_ID": "EEA_EUHydro:RL26004418:2015-03-22", "thematicId": null, "TNODE": "NO26004467", "nameText": null, "CatchID": 76 }, "geometry": { "type": "MultiLineString", "coordinates": [ [ [ 4309049.309700012207031, 2626489.916500091552734, 1978.163400000004913 ], [ 4309027.816100120544434, 2626489.916500091552734, 1972.131500000003143 ], [ 4309006.322500228881836, 2626489.916500091552734, 1965.743300000001909 ], [ 4308984.82889986038208, 2626489.916500091552734, 1959.084900000001653 ], [ 4308961.991899967193604, 2626496.633200168609619, 1951.428599999999278 ], [ 4308939.15500020980835, 2626503.349899768829346, 1940.173800000004121 ], [ 4308916.317999839782715, 2626510.066800117492676, 1907.143599999995786 ], [ 4308897.17519998550415, 2626512.081699848175049, 1899.024900000003981 ], [ 4308878.03249979019165, 2626514.096799850463867, 1896.005000000004657 ], [ 4308858.889699935913086, 2626516.111800193786621, 1890.717799999998533 ], [ 4308839.746900081634521, 2626518.126900196075439, 1887.533800000004703 ], [ 4308822.283299922943115, 2626515.440199851989746, 1884.441200000001118 ], [ 4308804.819799900054932, 2626512.753399848937988, 1880.923299999994924 ], [ 4308787.356200218200684, 2626510.066800117492676, 1876.333499999993364 ], [ 4308769.892600059509277, 2626508.723400115966797, 1869.856799999994109 ], [ 4308752.429100036621094, 2626507.380099773406982, 1863.934500000003027 ], [ 4308734.965499877929688, 2626506.036600112915039, 1858.403699999995297 ], [ 4308718.845300197601318, 2626496.633200168609619, 1852.362800000002608 ], [ 4308702.725100040435791, 2626487.229599952697754, 1846.43739999999525 ], [ 4308686.604899883270264, 2626477.826399803161621, 1841.714099999997416 ], [ 4308666.454599857330322, 2626475.811299800872803, 1833.704199999992852 ], [ 4308646.304299831390381, 2626473.796199798583984, 1816.376300000003539 ], [ 4308622.124000072479248, 2626477.826399803161621, 1802.202199999999721 ], [ 4308597.943699836730957, 2626481.856299877166748, 1796.418699999994715 ], [ 4308577.793399810791016, 2626483.871500015258789, 1792.318199999994249 ], [ 4308557.643099784851074, 2626485.886499881744385, 1788.900399999998626 ], [ 4308538.83620023727417, 2626485.886499881744385, 1787.160399999993388 ], [ 4308520.029300212860107, 2626485.886499881744385, 1781.135200000004261 ], [ 4308501.222400188446045, 2626485.886499881744385, 1774.767099999997299 ], [ 4308481.072100162506104, 2626479.841300010681152, 1767.398400000005495 ], [ 4308460.921899795532227, 2626473.796199798583984, 1760.486199999999371 ], [ 4308440.771599769592285, 2626467.751100063323975, 1754.753599999996368 ], [ 4308420.621300220489502, 2626461.705999851226807, 1748.629300000000512 ], [ 4308396.440999984741211, 2626465.736199855804443, 1744.225800000000163 ], [ 4308372.260600090026855, 2626469.766200065612793, 1739.244099999996251 ], [ 4308348.080299854278564, 2626473.796199798583984, 1733.364300000001094 ], [ 4308328.736000061035156, 2626480.244400024414062, 1728.104200000001583 ], [ 4308309.391799926757812, 2626486.692399978637695, 1720.028699999995297 ], [ 4308290.047500133514404, 2626493.140399932861328, 1702.318799999993644 ], [ 4308270.703299999237061, 2626499.588600158691406, 1699.827000000004773 ], [ 4308251.359000205993652, 2626506.036600112915039, 1695.631899999993038 ], [ 4308227.178699970245361, 2626508.723400115966797, 1693.77390000000014 ], [ 4308202.998300075531006, 2626511.410099983215332, 1691.356599999999162 ], [ 4308178.817999839782715, 2626514.096799850463867, 1687.143299999996088 ], [ 4308158.9475998878479, 2626517.007500171661377, 1683.874700000000303 ], [ 4308139.077199935913086, 2626519.918000221252441, 1681.321200000005774 ], [ 4308119.206799983978271, 2626522.82859992980957, 1679.004199999995762 ], [ 4308099.336400032043457, 2626525.739099979400635, 1678.74550000000454 ] ] ] } },
{ "type": "Feature", "properties": { "OBJECT_ID": "RL26004435", "NEXTDOWNID": "RL26004459", "STRAHLER": 3, "Basin": "Rhine", "REX": "CH", "DFDD": "BH140", "RN_I_ID": null, "HYP": 1, "LOC": 44, "FUN": 6, "NVS": 5, "LENGTH": 625.239990234375, "TR": "Z000373475", "LONGPATH": 1307414.5, "CUM_LEN": 29975.36328125, "PENTE": 4.9862723350524902, "CGNELIN": 260302406, "BEGLIFEVER": "2015-03-22T00:00:00", "ENDLIFEVER": null, "UPDAT_BY": "1", "UPDAT_WHEN": "2015-06-24T00:00:00", "ERM_ID": "UNK", "MC": 1, "MONOT_Z": 0, "LENGTH_GEO": 625.46253777053755, "INSPIRE_ID": "EEA_EUHydro:RL26004435:2015-03-22", "thematicId": null, "TNODE": "NO26004485", "nameText": null, "CatchID": 76 }, "geometry": { "type": "MultiLineString", "coordinates": [ [ [ 4308099.336400032043457, 2626525.739099979400635, 1678.74550000000454 ], [ 4308092.171899795532227, 2626546.337200164794922, 1677.325400000001537 ], [ 4308085.007299900054932, 2626566.935200214385986, 1675.033999999999651 ], [ 4308077.842800140380859, 2626587.533299922943115, 1672.230899999995017 ], [ 4308070.678299903869629, 2626608.131499767303467, 1668.580600000001141 ], [ 4308063.513700008392334, 2626628.729400157928467, 1664.303199999994831 ], [ 4308056.349199771881104, 2626649.327600002288818, 1661.855100000000675 ], [ 4308045.602399826049805, 2626667.238900184631348, 1659.617199999993318 ], [ 4308034.855599880218506, 2626685.150199890136719, 1657.149699999994482 ], [ 4308024.108799934387207, 2626703.061600208282471, 1657.192500000004657 ], [ 4308013.361899852752686, 2626720.973000049591064, 1656.245899999994435 ], [ 4308002.615099906921387, 2626738.884300231933594, 1656.08990000000631 ], [ 4307991.868299961090088, 2626756.795700073242188, 1655.823199999998906 ], [ 4307980.046800136566162, 2626773.990600109100342, 1655.696899999995367 ], [ 4307968.225299835205078, 2626791.185400009155273, 1655.741500000003725 ], [ 4307956.403800010681152, 2626808.38040018081665, 1655.386700000002747 ], [ 4307944.582300186157227, 2626825.575300216674805, 1655.041400000001886 ], [ 4307932.760799884796143, 2626842.770100116729736, 1654.300300000002608 ], [ 4307915.565899848937988, 2626854.591599941253662, 1653.982600000003004 ], [ 4307898.370999813079834, 2626866.413199901580811, 1654.092999999993481 ], [ 4307881.17609977722168, 2626878.234600067138672, 1655.090599999995902 ], [ 4307863.981200218200684, 2626890.056000232696533, 1656.594500000006519 ], [ 4307846.786300182342529, 2626901.877500057220459, 1658.544599999993807 ], [ 4307839.621799945831299, 2626917.997700214385986, 1657.639500000004773 ], [ 4307832.457200050354004, 2626934.118100166320801, 1658.595700000005309 ], [ 4307825.292699813842773, 2626950.238200187683105, 1658.540800000002491 ], [ 4307819.919300079345703, 2626974.418600082397461, 1657.196200000005774 ], [ 4307814.545899868011475, 2626998.598800182342529, 1655.306800000005751 ], [ 4307803.126299858093262, 2627014.171000003814697, 1652.75789999999688 ], [ 4307791.706799983978271, 2627029.743199825286865, 1649.783400000000256 ], [ 4307780.287199974060059, 2627045.315199851989746, 1647.569399999993038 ] ] ] } },
{ "type": "Feature", "properties": { "OBJECT_ID": "RL26004438", "NEXTDOWNID": "RL26004409", "STRAHLER": 4, "Basin": "Rhine", "REX": "CH", "DFDD": "BH140", "RN_I_ID": null, "HYP": 1, "LOC": 44, "FUN": 6, "NVS": 5, "LENGTH": 1030.3599853515625, "TR": "Z000373378", "LONGPATH": 1302212.125, "CUM_LEN": 136680.109375, "PENTE": 1.632357597351074, "CGNELIN": 260200588, "BEGLIFEVER": "2015-03-22T00:00:00", "ENDLIFEVER": null, "UPDAT_BY": "1", "UPDAT_WHEN": "2015-06-24T00:00:00", "ERM_ID": "UNK", "MC": 1, "MONOT_Z": 0, "LENGTH_GEO": 1030.7132041203363, "INSPIRE_ID": "EEA_EUHydro:RL26004438:2015-03-22", "thematicId": null, "TNODE": "NO26004457", "nameText": null, "CatchID": 76 }, "geometry": { "type": "MultiLineString", "coordinates": [ [ [ 4304861.328800201416016, 2627173.099699974060059, 1500.381299999993644 ], [ 4304848.267199993133545, 2627173.099699974060059, 1499.925499999997555 ], [ 4304835.20550012588501, 2627173.099699974060059, 1499.576199999995879 ], [ 4304815.470300197601318, 2627167.295100212097168, 1498.426800000001094 ], [ 4304795.735099792480469, 2627161.490600109100342, 1497.113500000006752 ], [ 4304785.417727050371468, 2627158.456130946986377, 1497.018457188202774 ] ] ] } },
{ "type": "Feature", "properties": { "OBJECT_ID": "RL26004439", "NEXTDOWNID": "RL26004438", "STRAHLER": 1, "Basin": "Rhine", "REX": "CH", "DFDD": "BH140", "RN_I_ID": null, "HYP": 1, "LOC": 44, "FUN": 6, "NVS": 5, "LENGTH": 2234.989990234375, "TR": "Z000373330", "LONGPATH": 1304447.125, "CUM_LEN": 2234.99365234375, "PENTE": 28.751956939697266, "CGNELIN": 260302419, "BEGLIFEVER": "2015-03-22T00:00:00", "ENDLIFEVER": null, "UPDAT_BY": "1", "UPDAT_WHEN": "2015-06-24T00:00:00", "ERM_ID": "UNK", "MC": 1, "MONOT_Z": 0, "LENGTH_GEO": 2234.5745814579336, "INSPIRE_ID": "EEA_EUHydro:RL26004439:2015-03-22", "thematicId": null, "TNODE": "NO26004488", "nameText": null, "CatchID": 76 }, "geometry": { "type": "MultiLineString", "coordinates": [ [ [ 4304896.755414455197752, 2627079.006932210177183, 1502.514222285285086 ], [ 4304893.407100200653076, 2627087.900100231170654, 1501.241699999998673 ], [ 4304885.387499809265137, 2627109.199900150299072, 1499.375199999994948 ], [ 4304877.367899894714355, 2627130.499899864196777, 1498.826700000005076 ], [ 4304869.348400115966797, 2627151.799799919128418, 1498.992700000002515 ], [ 4304861.328800201416016, 2627173.099699974060059, 1500.381299999993644 ] ] ] } },
{ "type": "Feature", "properties": { "OBJECT_ID": "RL26004444", "NEXTDOWNID": "RL26004418", "STRAHLER": 1, "Basin": "Rhine", "REX": "CH", "DFDD": "BH140", "RN_I_ID": null, "HYP": 1, "LOC": 44, "FUN": 6, "NVS": 5, "LENGTH": 1517.989990234375, "TR": "NA", "LONGPATH": 1309906.375, "CUM_LEN": 1517.9853515625, "PENTE": 31.834966659545898, "CGNELIN": 260403484, "BEGLIFEVER": "2015-03-22T00:00:00", "ENDLIFEVER": null, "UPDAT_BY": "1", "UPDAT_WHEN": "2015-06-24T00:00:00", "ERM_ID": "UNK", "MC": 1, "MONOT_Z": 0, "LENGTH_GEO": 1517.4729131034592, "INSPIRE_ID": "EEA_EUHydro:RL26004444:2015-03-22", "thematicId": null, "TNODE": "NO26004466", "nameText": null, "CatchID": 76 }, "geometry": { "type": "MultiLineString", "coordinates": [ [ [ 4310298.626599788665771, 2627251.596700191497803, 2461.413499999995111 ], [ 4310280.894400119781494, 2627238.700600147247314, 2456.304000000003725 ], [ 4310263.162099838256836, 2627225.804399967193604, 2449.997700000007171 ], [ 4310245.429900169372559, 2627212.908199787139893, 2442.781499999997322 ], [ 4310227.6975998878479, 2627200.01200008392334, 2435.21490000000631 ], [ 4310209.965400218963623, 2627187.115900039672852, 2422.996299999998882 ], [ 4310191.8302001953125, 2627170.99560022354126, 2424.201700000005076 ], [ 4310173.694900035858154, 2627154.875500202178955, 2418.566800000000512 ], [ 4310162.410699844360352, 2627135.531099796295166, 2415.308300000004238 ], [ 4310151.126599788665771, 2627116.18690013885498, 2399.177599999995437 ], [ 4310139.842400074005127, 2627096.842700004577637, 2396.429300000003423 ], [ 4310128.558300018310547, 2627077.498499870300293, 2396.456999999994878 ], [ 4310117.274099826812744, 2627058.154099941253662, 2393.819600000002538 ], [ 4310102.161399841308594, 2627044.048999786376953, 2389.790399999998044 ], [ 4310087.048699855804443, 2627029.94379997253418, 2385.376300000003539 ], [ 4310071.935999870300293, 2627015.838600158691406, 2372.162200000006123 ], [ 4310056.823299884796143, 2627001.733399868011475, 2365.299199999994016 ], [ 4310040.127399921417236, 2626987.915999889373779, 2363.17949999999837 ], [ 4310023.431399822235107, 2626974.098599910736084, 2354.305399999997462 ], [ 4310006.735499858856201, 2626960.281300067901611, 2346.109599999996135 ], [ 4309990.03950023651123, 2626946.464000225067139, 2337.423899999994319 ], [ 4309973.343599796295166, 2626932.64680004119873, 2312.705100000006496 ], [ 4309956.647600173950195, 2626918.829299926757812, 2296.37039999999979 ], [ 4309939.951700210571289, 2626905.01200008392334, 2295.132199999992736 ], [ 4309922.823999881744385, 2626892.921999931335449, 2295.321299999995972 ], [ 4309905.696300029754639, 2626880.831699848175049, 2293.465500000005704 ], [ 4309888.56850004196167, 2626868.741700172424316, 2289.265599999998813 ], [ 4309871.440800189971924, 2626856.651400089263916, 2284.018100000001141 ], [ 4309849.275499820709229, 2626848.591300010681152, 2278.583400000003166 ], [ 4309827.110199928283691, 2626840.531300067901611, 2273.187200000000303 ], [ 4309804.944900035858154, 2626832.471099853515625, 2267.902100000006612 ], [ 4309782.779600143432617, 2626824.410999774932861, 2262.049499999993714 ], [ 4309763.972700119018555, 2626812.320700168609619, 2257.24189999999362 ], [ 4309745.165800094604492, 2626800.230700016021729, 2250.565799999996671 ], [ 4309726.35890007019043, 2626788.140399932861328, 2244.231100000004517 ], [ 4309710.238699913024902, 2626774.035299777984619, 2238.568100000004051 ], [ 4309694.118400096893311, 2626759.930099964141846, 2232.4262000000017 ], [ 4309673.968100070953369, 2626755.900100231170654, 2225.825400000001537 ], [ 4309653.81790018081665, 2626751.869999885559082, 2212.132599999997183 ], [ 4309633.667600154876709, 2626747.839900016784668, 2196.283299999995506 ], [ 4309616.203999996185303, 2626747.839900016784668, 2196.964999999996508 ], [ 4309598.740499973297119, 2626747.839900016784668, 2195.726500000004307 ], [ 4309581.276899814605713, 2626747.839900016784668, 2193.872700000007171 ], [ 4309561.126599788665771, 2626746.496600151062012, 2191.206999999994878 ], [ 4309540.976399898529053, 2626745.153299808502197, 2186.49550000000454 ], [ 4309520.826099872589111, 2626743.809899806976318, 2181.028500000000349 ], [ 4309498.660799980163574, 2626737.764800071716309, 2173.93739999999525 ], [ 4309476.495500087738037, 2626731.719699859619141, 2166.570200000001932 ], [ 4309456.345200061798096, 2626718.286200046539307, 2158.758499999996275 ], [ 4309436.195000171661377, 2626704.852700233459473, 2151.099100000006729 ], [ 4309416.044700145721436, 2626691.419099807739258, 2142.828099999998813 ], [ 4309394.55109977722168, 2626683.359000205993652, 2134.295800000007148 ], [ 4309373.057400226593018, 2626675.298999786376953, 2116.631899999993038 ], [ 4309351.563799858093262, 2626667.238900184631348, 2099.02270000000135 ], [ 4309332.756899833679199, 2626667.238900184631348, 2096.762799999996787 ], [ 4309313.949999809265137, 2626667.238900184631348, 2094.994900000005146 ], [ 4309295.143099784851074, 2626667.238900184631348, 2092.161099999997532 ], [ 4309272.977799892425537, 2626659.178699970245361, 2086.29330000000482 ], [ 4309250.8125, 2626651.118599891662598, 2078.064400000002934 ], [ 4309231.669700145721436, 2626640.036099910736084, 2069.442599999994854 ], [ 4309212.526999950408936, 2626628.953400135040283, 2060.860499999995227 ], [ 4309193.384200096130371, 2626617.870699882507324, 2051.792000000001281 ], [ 4309174.241399765014648, 2626606.788099765777588, 2042.764699999999721 ], [ 4309158.121200084686279, 2626590.667799949645996, 2029.718299999993178 ], [ 4309142.000999927520752, 2626574.547599792480469, 2001.801000000006752 ], [ 4309125.880799770355225, 2626558.4274001121521, 1996.349900000001071 ], [ 4309109.760600090026855, 2626542.30709981918335, 1994.630000000004657 ], [ 4309094.647900104522705, 2626529.209400177001953, 1993.812099999995553 ], [ 4309079.535099983215332, 2626516.111700057983398, 1989.756099999998696 ], [ 4309064.422399997711182, 2626503.014200210571289, 1983.559299999993527 ], [ 4309049.309700012207031, 2626489.916500091552734, 1978.163400000004913 ] ] ] } },
{ "type": "Feature", "properties": { "OBJECT_ID": "RL26004459", "NEXTDOWNID": "RL26004515", "STRAHLER": 3, "Basin": "Rhine", "REX": "CH", "DFDD": "BH140", "RN_I_ID": null, "HYP": 1, "LOC": 44, "FUN": 6, "NVS": 5, "LENGTH": 680.70001220703125, "TR": "Z000373257", "LONGPATH": 1306789.25, "CUM_LEN": 32979.92578125, "PENTE": 4.262049674987793, "CGNELIN": 260302406, "BEGLIFEVER": "2015-03-22T00:00:00", "ENDLIFEVER": null, "UPDAT_BY": "1", "UPDAT_WHEN": "2015-06-24T00:00:00", "ERM_ID": "UNK", "MC": 1, "MONOT_Z": 0, "LENGTH_GEO": 680.81287392764295, "INSPIRE_ID": "EEA_EUHydro:RL26004459:2015-03-22", "thematicId": null, "TNODE": "NO26004511", "nameText": "", "CatchID": 76 }, "geometry": { "type": "MultiLineString", "coordinates": [ [ [ 4307780.287199974060059, 2627045.315199851989746, 1647.569399999993038 ], [ 4307767.862800121307373, 2627062.257599830627441, 1644.362299999993411 ], [ 4307755.438399791717529, 2627079.199900150299072, 1643.314299999998184 ], [ 4307755.438399791717529, 2627102.484700202941895, 1641.084700000006706 ], [ 4307755.438399791717529, 2627125.769499778747559, 1639.893299999996088 ], [ 4307755.438399791717529, 2627149.054200172424316, 1639.481599999999162 ], [ 4307752.214399814605713, 2627172.697299957275391, 1639.544299999994109 ], [ 4307748.990300178527832, 2627196.340199947357178, 1639.507299999997485 ], [ 4307745.766300201416016, 2627219.983200073242188, 1639.356400000004214 ], [ 4307742.542200088500977, 2627243.626100063323975, 1638.591100000005099 ], [ 4307739.31820011138916, 2627267.269199848175049, 1638.610700000004726 ], [ 4307731.258100032806396, 2627284.732699871063232, 1639.055300000007264 ], [ 4307723.197999954223633, 2627302.196300029754639, 1639.544500000003609 ], [ 4307715.137899875640869, 2627319.659900188446045, 1638.868799999996554 ], [ 4307707.077799797058105, 2627337.123499870300293, 1638.500700000004144 ], [ 4307692.300899982452393, 2627350.556900024414062, 1638.570699999996577 ], [ 4307677.524099826812744, 2627363.990399837493896, 1638.48859999999695 ], [ 4307662.747200012207031, 2627377.423999786376953, 1638.154599999994389 ], [ 4307647.970300197601318, 2627390.857399940490723, 1636.739499999996042 ], [ 4307628.625999927520752, 2627403.753600120544434, 1634.407800000000861 ], [ 4307609.281799793243408, 2627416.649899959564209, 1631.478099999992992 ], [ 4307589.9375, 2627429.546000003814697, 1629.475699999995413 ], [ 4307570.593299865722656, 2627442.442100048065186, 1627.461699999999837 ], [ 4307551.249000072479248, 2627455.338300228118896, 1625.715800000005402 ], [ 4307537.815499782562256, 2627468.77180004119873, 1624.109800000005635 ], [ 4307524.381999969482422, 2627482.205399990081787, 1622.998200000001816 ], [ 4307510.948500156402588, 2627495.638999938964844, 1621.742299999998068 ], [ 4307497.514999866485596, 2627509.072400093078613, 1621.346799999999348 ], [ 4307476.021399974822998, 2627519.819200038909912, 1620.864300000001094 ], [ 4307454.527699947357178, 2627530.565999984741211, 1620.292499999995925 ], [ 4307433.03410005569458, 2627541.31279993057251, 1619.82730000000447 ], [ 4307420.868199825286865, 2627548.612500190734863, 1619.456999999994878 ], [ 4307408.702300071716309, 2627555.912000179290771, 1618.557499999995343 ] ] ] } },
{ "type": "Feature", "properties": { "OBJECT_ID": "RL26004468", "NEXTDOWNID": "RL26004515", "STRAHLER": 2, "Basin": "Rhine", "REX": "CH", "DFDD": "BH140", "RN_I_ID": null, "HYP": 1, "LOC": 44, "FUN": 6, "NVS": 5, "LENGTH": 314.55999755859375, "TR": "Z000373090", "LONGPATH": 1306423.125, "CUM_LEN": 2885.0537109375, "PENTE": 24.506916046142582, "CGNELIN": 260403477, "BEGLIFEVER": "2015-03-22T00:00:00", "ENDLIFEVER": null, "UPDAT_BY": "1", "UPDAT_WHEN": "2015-06-24T00:00:00", "ERM_ID": "UNK", "MC": 1, "MONOT_Z": 0, "LENGTH_GEO": 314.48415329973011, "INSPIRE_ID": "EEA_EUHydro:RL26004468:2015-03-22", "thematicId": null, "TNODE": "NO26004511", "nameText": null, "CatchID": 76 }, "geometry": { "type": "MultiLineString", "coordinates": [ [ [ 4307662.971099853515625, 2627739.23330020904541, 1695.591799999994691 ], [ 4307646.179200172424316, 2627724.456399917602539, 1691.160799999997835 ], [ 4307629.38730001449585, 2627709.679599761962891, 1683.08169999999518 ], [ 4307612.595399856567383, 2627694.902599811553955, 1681.162200000006123 ], [ 4307595.803500175476074, 2627680.125899791717529, 1674.187300000005052 ], [ 4307579.011600017547607, 2627665.348899841308594, 1664.591599999999744 ], [ 4307562.219699859619141, 2627650.572199821472168, 1655.274199999999837 ], [ 4307543.03000020980835, 2627638.739699840545654, 1650.290599999992992 ], [ 4307523.840400218963623, 2627626.907000064849854, 1643.565700000006473 ], [ 4307504.650700092315674, 2627615.07450008392334, 1636.044500000003609 ], [ 4307485.460999965667725, 2627603.242099761962891, 1629.630099999994854 ], [ 4307466.271299839019775, 2627591.409599781036377, 1624.58629999999539 ], [ 4307447.081699848175049, 2627579.577000141143799, 1620.838600000002771 ], [ 4307427.892000198364258, 2627567.744400024414062, 1618.502099999997881 ], [ 4307408.702300071716309, 2627555.912000179290771, 1618.557499999995343 ] ] ] } },
{ "type": "Feature", "properties": { "OBJECT_ID": "RL26004472", "NEXTDOWNID": "RL26004459", "STRAHLER": 1, "Basin": "Rhine", "REX": "CH", "DFDD": "BH140", "RN_I_ID": null, "HYP": 1, "LOC": 44, "FUN": 6, "NVS": 5, "LENGTH": 2323.860107421875, "TR": "NA", "LONGPATH": 1309113.125, "CUM_LEN": 2323.85791015625, "PENTE": 34.381938934326172, "CGNELIN": 260403475, "BEGLIFEVER": "2015-03-22T00:00:00", "ENDLIFEVER": null, "UPDAT_BY": "1", "UPDAT_WHEN": "2015-06-24T00:00:00", "ERM_ID": "UNK", "MC": 1, "MONOT_Z": 0, "LENGTH_GEO": 2322.5031559709587, "INSPIRE_ID": "EEA_EUHydro:RL26004472:2015-03-22", "thematicId": null, "TNODE": "NO26004485", "nameText": null, "CatchID": 76 }, "geometry": { "type": "MultiLineString", "coordinates": [ [ [ 4309875.470900058746338, 2627799.684100151062012, 2446.556800000005751 ], [ 4309855.320600032806396, 2627787.593999862670898, 2438.815600000001723 ], [ 4309835.170400142669678, 2627775.503799915313721, 2429.072199999995064 ], [ 4309815.020100116729736, 2627763.413599967956543, 2395.777000000001863 ], [ 4309801.586599826812744, 2627752.666800022125244, 2397.517500000001746 ], [ 4309788.152999877929688, 2627741.919899940490723, 2392.047900000005029 ], [ 4309774.719500064849854, 2627731.173099994659424, 2388.233300000007148 ], [ 4309754.569200038909912, 2627725.799799919128418, 2385.409299999999348 ], [ 4309734.419000148773193, 2627720.426400184631348, 2383.345799999995506 ], [ 4309714.268700122833252, 2627715.052899837493896, 2375.471900000004098 ], [ 4309691.431700229644775, 2627709.679599761962891, 2370.697799999994459 ], [ 4309668.594799995422363, 2627704.306099891662598, 2364.158500000005006 ], [ 4309645.757800102233887, 2627698.932799816131592, 2354.157000000006519 ], [ 4309627.622600078582764, 2627688.857600212097168, 2344.713300000003073 ], [ 4309609.487299919128418, 2627678.78249979019165, 2339.716199999995297 ], [ 4309595.382100105285645, 2627665.684700012207031, 2334.526100000002771 ], [ 4309581.276899814605713, 2627652.587200164794922, 2323.656600000002072 ], [ 4309567.171700000762939, 2627639.489500045776367, 2302.649799999999232 ], [ 4309553.066500186920166, 2627626.39169979095459, 2300.253700000001118 ], [ 4309536.946300029754639, 2627615.644899845123291, 2297.022500000006403 ], [ 4309520.826099872589111, 2627604.898099899291992, 2294.553100000004633 ], [ 4309504.705900192260742, 2627594.151299953460693, 2289.660999999992782 ], [ 4309487.578199863433838, 2627585.083700180053711, 2284.985100000005332 ], [ 4309470.450500011444092, 2627576.016200065612793, 2279.81239999999525 ], [ 4309453.322700023651123, 2627566.948400020599365, 2273.165500000002794 ], [ 4309436.195000171661377, 2627557.880799770355225, 2266.204599999997299 ], [ 4309416.044700145721436, 2627551.835700035095215, 2262.099799999996321 ], [ 4309395.894499778747559, 2627545.790599822998047, 2255.645900000003166 ], [ 4309375.744200229644775, 2627539.74560022354126, 2247.263300000005984 ], [ 4309355.593900203704834, 2627533.700600147247314, 2239.606499999994412 ], [ 4309338.130300045013428, 2627518.923699855804443, 2233.545199999993201 ], [ 4309320.666800022125244, 2627504.14680004119873, 2205.600200000000768 ], [ 4309303.203199863433838, 2627489.369999885559082, 2193.466100000005099 ], [ 4309284.396299839019775, 2627481.309899806976318, 2193.62390000000596 ], [ 4309265.589300155639648, 2627473.249800205230713, 2193.978700000006938 ], [ 4309246.782400131225586, 2627465.189599990844727, 2185.325200000006589 ], [ 4309225.624599933624268, 2627452.092000007629395, 2179.582699999999022 ], [ 4309204.466899871826172, 2627438.994400024414062, 2174.471799999999348 ], [ 4309183.309100151062012, 2627425.896699905395508, 2163.824800000002142 ], [ 4309162.151299953460693, 2627412.798999786376953, 2147.506599999993341 ], [ 4309146.031099796295166, 2627402.723700046539307, 2141.928899999998976 ], [ 4309129.910900115966797, 2627392.648600101470947, 2134.84429999999702 ], [ 4309113.790599822998047, 2627382.573400020599365, 2126.731499999994412 ], [ 4309097.670400142669678, 2627372.498300075531006, 2109.706500000000233 ], [ 4309076.512599945068359, 2627371.490900039672852, 2097.573300000003655 ], [ 4309055.354899883270264, 2627370.483399868011475, 2093.790800000002491 ], [ 4309034.197100162506104, 2627369.475800037384033, 2091.119500000000698 ], [ 4309013.039299964904785, 2627368.468299865722656, 2087.794999999998254 ], [ 4308988.859000205993652, 2627364.438300132751465, 2080.323600000003353 ], [ 4308964.678599834442139, 2627360.408199787139893, 2072.5288 ], [ 4308940.498300075531006, 2627356.378200054168701, 2064.756399999998393 ], [ 4308922.36299991607666, 2627360.408199787139893, 2058.784499999994296 ], [ 4308904.227799892425537, 2627364.438300132751465, 2052.897500000006403 ], [ 4308886.092599868774414, 2627372.498300075531006, 2047.670800000007148 ], [ 4308867.957300186157227, 2627380.55840015411377, 2041.504100000005565 ], [ 4308849.822100162506104, 2627388.618500232696533, 2019.891699999992852 ], [ 4308831.686800003051758, 2627396.678599834442139, 2007.577799999999115 ], [ 4308812.879899978637695, 2627385.931900024414062, 1998.059200000003329 ], [ 4308794.072999954223633, 2627375.185100078582764, 1997.100399999995716 ], [ 4308775.26609992980957, 2627364.438300132751465, 1994.360100000005332 ], [ 4308751.085800170898438, 2627358.393099784851074, 1992.76940000000468 ], [ 4308726.905499935150146, 2627352.348000049591064, 1987.468299999993178 ], [ 4308702.725100040435791, 2627346.303100109100342, 1979.170100000003004 ], [ 4308678.5447998046875, 2627340.257900238037109, 1971.674199999994016 ], [ 4308659.401999950408936, 2627338.243000030517578, 1966.498999999996158 ], [ 4308640.259300231933594, 2627336.228000164031982, 1960.9716000000044 ], [ 4308621.116499900817871, 2627334.212800025939941, 1955.642200000002049 ], [ 4308601.973700046539307, 2627332.19789981842041, 1950.089600000006612 ], [ 4308577.793399810791016, 2627330.854400157928467, 1942.665500000002794 ], [ 4308553.61299991607666, 2627329.511099815368652, 1935.024900000003981 ], [ 4308529.432700157165527, 2627328.167699813842773, 1927.203800000002957 ], [ 4308507.267399787902832, 2627326.152699947357178, 1916.873200000001816 ], [ 4308485.102099895477295, 2627324.137800216674805, 1899.994300000005751 ], [ 4308466.295199871063232, 2627308.017499923706055, 1890.735899999999674 ], [ 4308447.48829984664917, 2627291.897200107574463, 1890.004400000005262 ], [ 4308428.681399822235107, 2627275.777100086212158, 1888.074299999992945 ], [ 4308413.904500007629395, 2627261.000100135803223, 1884.533899999994901 ], [ 4308399.127699851989746, 2627246.223400115966797, 1877.574600000007194 ], [ 4308384.350800037384033, 2627231.446400165557861, 1869.498399999996764 ], [ 4308364.200500011444092, 2627216.669600009918213, 1858.251900000002934 ], [ 4308344.050300121307373, 2627201.8927001953125, 1846.969100000002072 ], [ 4308323.900000095367432, 2627187.115900039672852, 1815.224600000001374 ], [ 4308305.764800071716309, 2627181.070700168609619, 1796.668900000004214 ], [ 4308287.629499912261963, 2627175.025800228118896, 1791.926800000001094 ], [ 4308269.49429988861084, 2627168.980700016021729, 1791.324800000002142 ], [ 4308251.359000205993652, 2627162.935500144958496, 1788.309399999998277 ], [ 4308227.178699970245361, 2627156.890399932861328, 1780.186300000001211 ], [ 4308202.998400211334229, 2627150.845300197601318, 1771.941300000005867 ], [ 4308184.191500186920166, 2627138.755199909210205, 1768.575299999996787 ], [ 4308165.384500026702881, 2627126.664899826049805, 1759.945099999997183 ], [ 4308146.577600002288818, 2627114.57480001449585, 1746.846699999994598 ], [ 4308126.427299976348877, 2627103.492199897766113, 1739.800099999993108 ], [ 4308106.277100086212158, 2627092.409599781036377, 1733.390100000004168 ], [ 4308086.126800060272217, 2627081.326900005340576, 1724.173899999994319 ], [ 4308065.976500034332275, 2627070.24429988861084, 1703.123000000006869 ], [ 4308045.826200008392334, 2627059.497499942779541, 1694.112800000002608 ], [ 4308025.676000118255615, 2627048.750699996948242, 1694.998000000006869 ], [ 4308005.525700092315674, 2627038.003799915313721, 1691.583299999998417 ], [ 4307982.35290002822876, 2627038.003799915313721, 1689.565700000006473 ], [ 4307959.180099964141846, 2627038.003799915313721, 1683.0966000000044 ], [ 4307936.007199764251709, 2627038.003799915313721, 1676.778699999995297 ], [ 4307912.834400177001953, 2627038.003799915313721, 1670.714000000007218 ], [ 4307890.743199825286865, 2627039.222499847412109, 1665.46820000000298 ], [ 4307868.651999950408936, 2627040.440899848937988, 1660.482000000003609 ], [ 4307846.560800075531006, 2627041.659599781036377, 1655.400800000003073 ], [ 4307824.469600200653076, 2627042.878200054168701, 1651.121899999998277 ], [ 4307802.378399848937988, 2627044.09660005569458, 1648.398700000005192 ], [ 4307780.287199974060059, 2627045.315199851989746, 1647.569399999993038 ] ] ] } },
{ "type": "Feature", "properties": { "OBJECT_ID": "RL26004484", "NEXTDOWNID": "RL26004438", "STRAHLER": 4, "Basin": "Rhine", "REX": "CH", "DFDD": "BH140", "RN_I_ID": null, "HYP": 1, "LOC": 44, "FUN": 6, "NVS": 5, "LENGTH": 1274.260009765625, "TR": "Z000373232", "LONGPATH": 1303486.375, "CUM_LEN": 133414.75, "PENTE": 2.3572959899902339, "CGNELIN": 260200588, "BEGLIFEVER": "2015-03-22T00:00:00", "ENDLIFEVER": null, "UPDAT_BY": "1", "UPDAT_WHEN": "2015-06-24T00:00:00", "ERM_ID": "UNK", "MC": 1, "MONOT_Z": 0, "LENGTH_GEO": 1274.2230878914133, "INSPIRE_ID": "EEA_EUHydro:RL26004484:2015-03-22", "thematicId": null, "TNODE": "NO26004488", "nameText": null, "CatchID": 76 }, "geometry": { "type": "MultiLineString", "coordinates": [ [ [ 4305657.120299816131592, 2627883.568299770355225, 1499.294500000003609 ], [ 4305660.989999771118164, 2627860.350500106811523, 1498.160999999992782 ], [ 4305664.859600067138672, 2627837.132500171661377, 1495.480999999999767 ], [ 4305668.729199886322021, 2627813.91450023651123, 1493.542300000000978 ], [ 4305672.598899841308594, 2627790.696599960327148, 1493.279299999994691 ], [ 4305676.468599796295166, 2627767.478499889373779, 1495.837400000003981 ], [ 4305680.338200092315674, 2627744.260799884796143, 1498.164900000003399 ], [ 4305681.886099815368652, 2627721.042799949645996, 1500.976699999999255 ], [ 4305683.433899879455566, 2627697.82480001449585, 1504.488299999997253 ], [ 4305684.981800079345703, 2627674.606800079345703, 1508.505999999993946 ], [ 4305678.79040002822876, 2627654.484700202941895, 1510.930500000002212 ], [ 4305672.598899841308594, 2627634.362599849700928, 1513.143599999995786 ], [ 4305666.40749979019165, 2627614.240300178527832, 1516.185200000007171 ], [ 4305652.476699829101562, 2627596.826900005340576, 1517.725300000005518 ], [ 4305638.546000003814697, 2627579.413400173187256, 1519.153300000005402 ], [ 4305624.615200042724609, 2627562.0, 1521.528500000000349 ], [ 4305610.684400081634521, 2627544.58650016784668, 1523.3174 ], [ 4305590.94920015335083, 2627531.816699981689453, 1523.243600000001607 ], [ 4305571.214000225067139, 2627519.046899795532227, 1523.137799999996787 ], [ 4305551.478700160980225, 2627506.276899814605713, 1522.057499999995343 ], [ 4305531.743500232696533, 2627493.507100105285645, 1520.304199999998673 ], [ 4305514.097899913787842, 2627481.433800220489502, 1517.429000000003725 ], [ 4305496.452199935913086, 2627469.360499858856201, 1513.961800000004587 ], [ 4305478.806600093841553, 2627457.287099838256836, 1510.569399999993038 ], [ 4305461.160900115966797, 2627445.213699817657471, 1507.619999999995343 ], [ 4305443.515299797058105, 2627433.140399932861328, 1505.071299999995972 ], [ 4305426.798399925231934, 2627421.995800018310547, 1503.322400000004563 ], [ 4305410.081500053405762, 2627410.85129976272583, 1501.765499999994063 ], [ 4305393.36460018157959, 2627399.706699848175049, 1501.491299999994226 ], [ 4305376.64769983291626, 2627388.562099933624268, 1501.278900000004796 ], [ 4305359.930799961090088, 2627377.417500019073486, 1501.9146999999939 ], [ 4305342.904300212860107, 2627361.938799858093262, 1503.289900000003399 ], [ 4305325.877799987792969, 2627346.46019983291626, 1504.709900000001653 ], [ 4305308.85129976272583, 2627330.981500148773193, 1505.884000000005472 ], [ 4305294.920599937438965, 2627313.568099975585938, 1506.922099999996135 ], [ 4305280.989799976348877, 2627296.154600143432617, 1507.987200000003213 ], [ 4305267.059100151062012, 2627278.741199970245361, 1508.687900000004447 ], [ 4305253.128300189971924, 2627261.327799797058105, 1508.888099999996484 ], [ 4305240.745399951934814, 2627245.849100112915039, 1508.980899999995017 ], [ 4305228.362500190734863, 2627230.370500087738037, 1509.973100000002887 ], [ 4305215.979599952697754, 2627214.891799926757812, 1510.553499999994528 ], [ 4305202.048900127410889, 2627200.961100101470947, 1512.045599999997648 ], [ 4305188.118100166320801, 2627187.030399799346924, 1513.061700000005658 ], [ 4305174.187399864196777, 2627173.099699974060059, 1515.3521999999939 ], [ 4305160.256599903106689, 2627159.168799877166748, 1517.222500000003492 ], [ 4305139.360499858856201, 2627147.559999942779541, 1519.035999999992782 ], [ 4305118.464300155639648, 2627135.950900077819824, 1519.603000000002794 ], [ 4305093.698500156402588, 2627134.402999877929688, 1517.274699999994482 ], [ 4305068.932700157165527, 2627132.855199813842773, 1514.486099999994622 ], [ 4305044.166900157928467, 2627131.307300090789795, 1511.673899999994319 ], [ 4305022.806399822235107, 2627139.665800094604492, 1507.143400000000838 ], [ 4305001.445899963378906, 2627148.024199962615967, 1503.588699999992969 ], [ 4304980.085400104522705, 2627156.382699966430664, 1500.399000000004889 ], [ 4304958.724899768829346, 2627164.741099834442139, 1499.111499999999069 ], [ 4304937.364399909973145, 2627173.099699974060059, 1499.874599999995553 ], [ 4304918.355500221252441, 2627173.099699974060059, 1499.767300000006799 ], [ 4304899.34660005569458, 2627173.099699974060059, 1499.821899999995367 ], [ 4304880.337699890136719, 2627173.099699974060059, 1500.050199999997858 ], [ 4304861.328800201416016, 2627173.099699974060059, 1500.381299999993644 ] ] ] } },
{ "type": "Feature", "properties": { "OBJECT_ID": "RL26004513", "NEXTDOWNID": "RL26004468", "STRAHLER": 1, "Basin": "Rhine", "REX": "CH", "DFDD": "BH140", "RN_I_ID": null, "HYP": 1, "LOC": 44, "FUN": 6, "NVS": 5, "LENGTH": 1098.4300537109375, "TR": "NA", "LONGPATH": 1307521.5, "CUM_LEN": 1098.4287109375, "PENTE": 37.397666931152344, "CGNELIN": 260502057, "BEGLIFEVER": "2015-03-22T00:00:00", "ENDLIFEVER": null, "UPDAT_BY": "1", "UPDAT_WHEN": "2015-06-24T00:00:00", "ERM_ID": "UNK", "MC": 1, "MONOT_Z": 0, "LENGTH_GEO": 1098.5237284801624, "INSPIRE_ID": "EEA_EUHydro:RL26004513:2015-03-22", "thematicId": null, "TNODE": "NO26004521", "nameText": null, "CatchID": 76 }, "geometry": { "type": "MultiLineString", "coordinates": [ [ [ 4308364.200500011444092, 2628496.883500099182129, 2106.37850000000617 ], [ 4308345.057799816131592, 2628485.800700187683105, 2095.987099999998463 ], [ 4308325.914999961853027, 2628474.718100070953369, 2096.632700000001932 ], [ 4308306.772299766540527, 2628463.635600090026855, 2092.89879999999539 ], [ 4308287.629499912261963, 2628452.552800178527832, 2087.993199999997159 ], [ 4308269.897299766540527, 2628438.044700145721436, 2081.959300000002258 ], [ 4308252.164999961853027, 2628423.536399841308594, 2073.396099999998114 ], [ 4308234.432799816131592, 2628409.02839994430542, 2063.669599999993807 ], [ 4308216.700500011444092, 2628394.520100116729736, 2053.881500000003143 ], [ 4308198.968299865722656, 2628380.01200008392334, 2044.088900000002468 ], [ 4308182.848100185394287, 2628362.548299789428711, 2028.930399999997462 ], [ 4308166.727799892425537, 2628345.084799766540527, 1999.289900000003399 ], [ 4308150.607600212097168, 2628327.621300220489502, 1996.764200000005076 ], [ 4308134.487400054931641, 2628315.531000137329102, 1992.13980000000447 ], [ 4308118.367199897766113, 2628303.440899848937988, 1989.251799999998184 ], [ 4308102.247000217437744, 2628291.350800037384033, 1986.116699999998673 ], [ 4308086.126800060272217, 2628279.260700225830078, 1982.72259999999369 ], [ 4308070.006599903106689, 2628267.170400142669678, 1975.763099999996484 ], [ 4308052.543000221252441, 2628256.423699855804443, 1967.190700000006473 ], [ 4308035.079500198364258, 2628245.676700115203857, 1957.995899999994435 ], [ 4308017.615900039672852, 2628234.929900169372559, 1948.726500000004307 ], [ 4307994.443099975585938, 2628229.892399787902832, 1939.05789999999979 ], [ 4307971.270299911499023, 2628224.854899883270264, 1930.040099999998347 ], [ 4307948.097400188446045, 2628219.817200183868408, 1921.815199999997276 ], [ 4307924.924600124359131, 2628214.779600143432617, 1909.845000000001164 ], [ 4307905.781799793243408, 2628203.697100162506104, 1903.427100000000792 ], [ 4307886.639100074768066, 2628192.614500045776367, 1901.238899999996647 ], [ 4307867.496399879455566, 2628181.531700134277344, 1898.685800000006566 ], [ 4307848.353600025177002, 2628170.44920015335083, 1897.681500000006054 ], [ 4307833.576700210571289, 2628157.015600204467773, 1893.924799999993411 ], [ 4307818.799900054931641, 2628143.582099914550781, 1889.047800000000279 ], [ 4307804.02299976348877, 2628130.148600101470947, 1884.731599999999162 ], [ 4307794.955399990081787, 2628111.005799770355225, 1882.562699999994948 ], [ 4307785.887800216674805, 2628091.86299991607666, 1878.565700000006473 ], [ 4307776.820099830627441, 2628072.720300197601318, 1868.70230000000447 ], [ 4307767.752500057220459, 2628053.577600002288818, 1858.703599999993457 ], [ 4307761.707399845123291, 2628035.442399978637695, 1855.06239999999525 ], [ 4307755.662300109863281, 2628017.307000160217285, 1844.557700000004843 ], [ 4307749.617300033569336, 2627999.171899795532227, 1821.171000000002095 ], [ 4307743.572199821472168, 2627981.036600112915039, 1795.518500000005588 ], [ 4307734.504600048065186, 2627961.893799781799316, 1787.614300000001094 ], [ 4307725.436999797821045, 2627942.750999927520752, 1786.81260000000475 ], [ 4307716.36929988861084, 2627923.608399868011475, 1780.485899999999674 ], [ 4307707.301700115203857, 2627904.465499877929688, 1773.091199999995297 ], [ 4307699.241600036621094, 2627888.345300197601318, 1768.171400000006543 ], [ 4307691.18149995803833, 2627872.224999904632568, 1752.312799999999697 ], [ 4307683.121399879455566, 2627856.104899883270264, 1740.803100000004633 ], [ 4307679.091300010681152, 2627832.730500221252441, 1732.521599999992759 ], [ 4307675.061299800872803, 2627809.356299877166748, 1714.354999999995925 ], [ 4307671.031199932098389, 2627785.981800079345703, 1715.919500000003609 ], [ 4307667.001200199127197, 2627762.607500076293945, 1711.622799999997369 ], [ 4307662.971099853515625, 2627739.23330020904541, 1695.591799999994691 ] ] ] } },
{ "type": "Feature", "properties": { "OBJECT_ID": "RL26004514", "NEXTDOWNID": "RL26004484", "STRAHLER": 4, "Basin": "Rhine", "REX": "CH", "DFDD": "BH140", "RN_I_ID": null, "HYP": 1, "LOC": 44, "FUN": 6, "NVS": 5, "LENGTH": 746.3599853515625, "TR": "Z000372675", "LONGPATH": 1304232.75, "CUM_LEN": 124485.5390625, "PENTE": 4.5876307487487802, "CGNELIN": 260200588, "BEGLIFEVER": "2015-03-22T00:00:00", "ENDLIFEVER": null, "UPDAT_BY": "1", "UPDAT_WHEN": "2015-06-24T00:00:00", "ERM_ID": "UNK", "MC": 1, "MONOT_Z": 0, "LENGTH_GEO": 746.69936984235244, "INSPIRE_ID": "EEA_EUHydro:RL26004514:2015-03-22", "thematicId": null, "TNODE": "NO26004536", "nameText": null, "CatchID": 76 }, "geometry": { "type": "MultiLineString", "coordinates": [ [ [ 4305838.220200061798096, 2628505.808899879455566, 1513.060200000007171 ], [ 4305836.672299861907959, 2628488.782400131225586, 1513.183399999994435 ], [ 4305835.124499797821045, 2628471.75600004196167, 1513.170499999992899 ], [ 4305833.576600074768066, 2628454.729400157928467, 1513.032900000005611 ], [ 4305821.193699836730957, 2628436.15500020980835, 1512.069600000002538 ], [ 4305808.810800075531006, 2628417.58080005645752, 1510.003100000001723 ], [ 4305796.427899837493896, 2628399.006400108337402, 1508.847299999993993 ], [ 4305784.818900108337402, 2628383.914700031280518, 1508.192200000004959 ], [ 4305773.210000038146973, 2628368.823100090026855, 1508.583199999993667 ], [ 4305761.60099983215332, 2628353.731400012969971, 1507.788300000000163 ], [ 4305749.992000102996826, 2628338.639800071716309, 1507.014200000005076 ], [ 4305749.992000102996826, 2628320.065499782562256, 1507.334600000001956 ], [ 4305749.992000102996826, 2628301.491099834442139, 1507.089600000006612 ], [ 4305749.992000102996826, 2628282.916699886322021, 1506.498200000001816 ], [ 4305763.922800064086914, 2628266.664299964904785, 1505.563999999998487 ], [ 4305777.853600025177002, 2628250.411600112915039, 1506.547099999996135 ], [ 4305791.784299850463867, 2628234.158999919891357, 1507.274900000003981 ], [ 4305805.715099811553955, 2628217.906599998474121, 1507.710600000005797 ], [ 4305812.680500030517578, 2628197.01039981842041, 1508.573399999993853 ], [ 4305819.645800113677979, 2628176.114200115203857, 1512.035699999993085 ], [ 4305816.550099849700928, 2628151.348499774932861, 1517.103099999992992 ], [ 4305813.454299926757812, 2628126.582600116729736, 1523.510899999993853 ], [ 4305810.35860013961792, 2628101.816800117492676, 1529.6538 ], [ 4305797.588799953460693, 2628085.564400196075439, 1531.549299999998766 ], [ 4305784.818900108337402, 2628069.311699867248535, 1533.198399999993853 ], [ 4305772.049099922180176, 2628053.059199810028076, 1533.451400000005378 ], [ 4305759.279200077056885, 2628036.806700229644775, 1533.534700000003795 ], [ 4305736.061299800872803, 2628029.067399978637695, 1528.9033999999956 ], [ 4305712.843299865722656, 2628021.328000068664551, 1523.994200000001001 ], [ 4305689.625400066375732, 2628013.588699817657471, 1518.363400000002002 ], [ 4305682.659999847412109, 2627996.175300121307373, 1516.605899999995017 ], [ 4305675.694699764251709, 2627978.761899948120117, 1513.645600000003469 ], [ 4305668.729300022125244, 2627961.348499774932861, 1510.089999999996508 ], [ 4305661.763899803161621, 2627943.934999942779541, 1507.7612999999983 ], [ 4305660.216000080108643, 2627923.812699794769287, 1505.904200000004494 ], [ 4305658.668200016021729, 2627903.690599918365479, 1502.752099999997881 ], [ 4305657.120299816131592, 2627883.568299770355225, 1499.294500000003609 ] ] ] } },
{ "type": "Feature", "properties": { "OBJECT_ID": "RL26004515", "NEXTDOWNID": "RL26004514", "STRAHLER": 3, "Basin": "Rhine", "REX": "CH", "DFDD": "BH140", "RN_I_ID": null, "HYP": 1, "LOC": 44, "FUN": 6, "NVS": 5, "LENGTH": 1875.739990234375, "TR": "Z000373090", "LONGPATH": 1306108.5, "CUM_LEN": 37740.7265625, "PENTE": 5.6242918968200684, "CGNELIN": 260302406, "BEGLIFEVER": "2015-03-22T00:00:00", "ENDLIFEVER": null, "UPDAT_BY": "1", "UPDAT_WHEN": "2015-06-24T00:00:00", "ERM_ID": "UNK", "MC": 1, "MONOT_Z": 0, "LENGTH_GEO": 1874.9091662749252, "INSPIRE_ID": "EEA_EUHydro:RL26004515:2015-03-22", "thematicId": null, "TNODE": "NO26004567", "nameText": "Sertigbach", "CatchID": 76 }, "geometry": { "type": "MultiLineString", "coordinates": [ [ [ 4307408.702300071716309, 2627555.912000179290771, 1618.557499999995343 ], [ 4307389.945899963378906, 2627567.165800094604492, 1616.862200000003213 ], [ 4307371.189400196075439, 2627578.419700145721436, 1615.330100000006496 ], [ 4307352.433000087738037, 2627589.673500061035156, 1613.661999999996624 ], [ 4307334.163400173187256, 2627600.420400142669678, 1612.490600000004633 ], [ 4307315.893799781799316, 2627611.167099952697754, 1611.537500000005821 ], [ 4307297.624300003051758, 2627621.91379976272583, 1611.825599999996484 ], [ 4307279.354700088500977, 2627632.660799980163574, 1611.384600000004866 ], [ 4307261.085100173950195, 2627643.407599925994873, 1611.409700000003795 ], [ 4307247.114200115203857, 2627662.751900196075439, 1610.482399999993504 ], [ 4307233.143400192260742, 2627682.096099853515625, 1609.449900000006892 ], [ 4307219.172500133514404, 2627701.440400123596191, 1603.787400000001071 ], [ 4307205.201700210571289, 2627720.784599781036377, 1601.784499999994296 ], [ 4307191.230800151824951, 2627740.128799915313721, 1600.548399999999674 ], [ 4307171.080599784851074, 2627745.502200126647949, 1599.912400000001071 ], [ 4307150.930300235748291, 2627750.875699996948242, 1600.376000000003842 ], [ 4307130.78000020980835, 2627756.249000072479248, 1599.968599999992875 ], [ 4307110.629799842834473, 2627761.622499942779541, 1598.664499999998952 ], [ 4307089.136199951171875, 2627771.294600009918213, 1598.18300000000454 ], [ 4307067.642499923706055, 2627780.966800212860107, 1598.959499999997206 ], [ 4307046.148900032043457, 2627790.638899803161621, 1598.071299999995972 ], [ 4307024.655200004577637, 2627800.311100006103516, 1599.755999999993946 ], [ 4307003.161600112915039, 2627809.983200073242188, 1598.729699999996228 ], [ 4306988.384799957275391, 2627823.416600227355957, 1597.862599999993108 ], [ 4306973.607900142669678, 2627836.850200176239014, 1597.953999999997905 ], [ 4306958.830999851226807, 2627850.283699989318848, 1598.147200000006706 ], [ 4306944.054200172424316, 2627863.717100143432617, 1595.873300000006566 ], [ 4306923.635300159454346, 2627877.688000202178955, 1596.896500000002561 ], [ 4306903.216300010681152, 2627891.658899784088135, 1594.619399999995949 ], [ 4306882.797399997711182, 2627905.629700183868408, 1593.724000000001979 ], [ 4306862.378399848937988, 2627919.600599765777588, 1592.100600000005215 ], [ 4306841.959499835968018, 2627933.571400165557861, 1591.141300000002957 ], [ 4306824.048099994659424, 2627946.109499931335449, 1590.120699999999488 ], [ 4306806.136799812316895, 2627958.647299766540527, 1588.921799999996438 ], [ 4306788.225500106811523, 2627971.185299873352051, 1588.313200000004144 ], [ 4306770.314099788665771, 2627983.723299980163574, 1587.700299999996787 ], [ 4306752.4028000831604, 2627996.261199951171875, 1587.740099999995437 ], [ 4306734.491399765014648, 2628008.799200057983398, 1586.536699999996927 ], [ 4306715.684500217437744, 2628019.546000003814697, 1586.165699999997742 ], [ 4306696.877600193023682, 2628030.292699813842773, 1586.149699999994482 ], [ 4306678.070600032806396, 2628041.03950023651123, 1585.249299999995856 ], [ 4306659.263700008392334, 2628051.786300182342529, 1584.580300000001444 ], [ 4306642.06879997253418, 2628062.533100128173828, 1583.525699999998324 ], [ 4306624.873899936676025, 2628073.279900074005127, 1583.309399999998277 ], [ 4306607.678999900817871, 2628084.026899814605713, 1581.544699999998556 ], [ 4306590.484099864959717, 2628094.773600101470947, 1580.217499999998836 ], [ 4306573.289199829101562, 2628105.520500183105469, 1578.336100000000442 ], [ 4306551.795599937438965, 2628116.267300128936768, 1575.369399999995949 ], [ 4306530.301899909973145, 2628127.014100074768066, 1572.626499999998487 ], [ 4306508.808300018310547, 2628137.760900020599365, 1570.512000000002445 ], [ 4306495.374800205230713, 2628157.911099910736084, 1566.402000000001863 ], [ 4306481.941299915313721, 2628178.061399936676025, 1561.570099999997183 ], [ 4306468.507800102233887, 2628198.211599826812744, 1558.092099999994389 ], [ 4306455.074299812316895, 2628218.361899852752686, 1554.727700000003097 ], [ 4306440.297399997711182, 2628234.482200145721436, 1551.921799999996438 ], [ 4306425.520599842071533, 2628250.602399826049805, 1550.183199999999488 ], [ 4306410.74370002746582, 2628266.722599983215332, 1547.717799999998533 ], [ 4306395.966800212860107, 2628282.842899799346924, 1545.833199999993667 ], [ 4306378.055399894714355, 2628297.171999931335449, 1543.816099999996368 ], [ 4306360.144100189208984, 2628311.500999927520752, 1541.238899999996647 ], [ 4306342.232699871063232, 2628325.829999923706055, 1539.575800000005984 ], [ 4306320.739099979400635, 2628333.35290002822876, 1537.727400000003399 ], [ 4306299.245500087738037, 2628340.875699996948242, 1536.056700000001001 ], [ 4306277.751800060272217, 2628348.398300170898438, 1534.488500000006752 ], [ 4306256.258200168609619, 2628355.92110013961792, 1532.447299999999814 ], [ 4306234.764599800109863, 2628363.443999767303467, 1530.708599999998114 ], [ 4306213.270999908447266, 2628372.399700164794922, 1529.645300000003772 ], [ 4306191.777400016784668, 2628381.355199813842773, 1529.522899999996298 ], [ 4306170.28380012512207, 2628390.310999870300293, 1528.991299999994226 ], [ 4306148.79010009765625, 2628399.266600131988525, 1528.387199999997392 ], [ 4306127.296500205993652, 2628408.222300052642822, 1527.208299999998417 ], [ 4306105.802899837493896, 2628417.177899837493896, 1526.691800000000512 ], [ 4306084.309299945831299, 2628423.625999927520752, 1526.77379999999539 ], [ 4306062.815700054168701, 2628430.07420015335083, 1525.596300000004703 ], [ 4306041.322000026702881, 2628436.522200107574463, 1524.488500000006752 ], [ 4306019.828400135040283, 2628442.970300197601318, 1524.003200000006473 ], [ 4305998.334799766540527, 2628449.418499946594238, 1522.5144 ], [ 4305975.461299896240234, 2628457.474100112915039, 1521.115999999994528 ], [ 4305952.587800025939941, 2628465.529900074005127, 1521.472399999998743 ], [ 4305929.714300155639648, 2628473.585700035095215, 1521.840400000000955 ], [ 4305906.840700149536133, 2628481.641499996185303, 1520.728600000002189 ], [ 4305883.967199802398682, 2628489.697299957275391, 1519.138900000005378 ], [ 4305861.093699932098389, 2628497.753099918365479, 1515.481299999999464 ], [ 4305838.220200061798096, 2628505.808899879455566, 1513.060200000007171 ] ] ] } },
{ "type": "Feature", "properties": { "OBJECT_ID": "RL26004517", "NEXTDOWNID": "RL26004468", "STRAHLER": 1, "Basin": "Rhine", "REX": "CH", "DFDD": "BH140", "RN_I_ID": null, "HYP": 1, "LOC": 44, "FUN": 6, "NVS": 5, "LENGTH": 1472.06005859375, "TR": "NA", "LONGPATH": 1307895.125, "CUM_LEN": 1472.0618896484375, "PENTE": 38.794883728027344, "CGNELIN": 260403477, "BEGLIFEVER": "2015-03-22T00:00:00", "ENDLIFEVER": null, "UPDAT_BY": "1", "UPDAT_WHEN": "2015-06-24T00:00:00", "ERM_ID": "UNK", "MC": 1, "MONOT_Z": 0, "LENGTH_GEO": 1471.6951201116569, "INSPIRE_ID": "EEA_EUHydro:RL26004517:2015-03-22", "thematicId": null, "TNODE": "NO26004521", "nameText": null, "CatchID": 76 }, "geometry": { "type": "MultiLineString", "coordinates": [ [ [ 4308823.626699924468994, 2628533.153900146484375, 2266.676500000001397 ], [ 4308801.05840015411377, 2628529.123899936676025, 2259.537200000006123 ], [ 4308778.490099906921387, 2628525.093800067901611, 2252.70350000000326 ], [ 4308755.921800136566162, 2628521.063799858093262, 2245.172800000000279 ], [ 4308733.353499889373779, 2628517.03380012512207, 2232.612800000002608 ], [ 4308710.785200119018555, 2628513.003799915313721, 2196.378700000001118 ], [ 4308689.291600227355957, 2628504.943699836730957, 2195.7307 ], [ 4308667.797999858856201, 2628496.883600234985352, 2196.060299999997369 ], [ 4308646.304399967193604, 2628488.823400020599365, 2193.651800000006915 ], [ 4308624.810699939727783, 2628480.763199806213379, 2190.476899999994203 ], [ 4308603.317100048065186, 2628472.703100204467773, 2183.418699999994715 ], [ 4308581.823500156402588, 2628464.643099784851074, 2174.176900000005844 ], [ 4308563.688300132751465, 2628457.590499877929688, 2167.223199999993085 ], [ 4308545.552999973297119, 2628450.537700176239014, 2160.623699999996461 ], [ 4308527.417799949645996, 2628443.485300064086914, 2154.267900000006193 ], [ 4308509.28249979019165, 2628436.432700157165527, 2148.368300000001909 ], [ 4308487.788899898529053, 2628425.685800075531006, 2141.673999999999069 ], [ 4308466.295199871063232, 2628414.939099788665771, 2133.952399999994668 ], [ 4308444.801599979400635, 2628404.192200183868408, 2109.69100000000617 ], [ 4308423.845300197601318, 2628403.386199951171875, 2099.422500000000582 ], [ 4308402.888999938964844, 2628402.5802001953125, 2097.055600000006962 ], [ 4308381.932799816131592, 2628401.774099826812744, 2095.299400000003516 ], [ 4308360.976500034332275, 2628400.968100070953369, 2093.160399999993388 ], [ 4308340.020199775695801, 2628400.162199974060059, 2090.700100000001839 ], [ 4308323.900000095367432, 2628388.072100162506104, 2085.109800000005635 ], [ 4308307.779699802398682, 2628375.981800079345703, 2078.050900000002002 ], [ 4308291.659500122070312, 2628363.89169979095459, 2071.118799999996554 ], [ 4308271.509200096130371, 2628351.801499843597412, 2063.15690000000177 ], [ 4308251.359000205993652, 2628339.71150016784668, 2054.66030000000319 ], [ 4308231.208700180053711, 2628327.621300220489502, 2045.805999999996857 ], [ 4308218.111000061035156, 2628311.500999927520752, 2038.69199999999546 ], [ 4308205.013400077819824, 2628295.380799770355225, 2025.680900000006659 ], [ 4308191.91569995880127, 2628279.260600090026855, 2001.941600000005565 ], [ 4308178.817999839782715, 2628263.140299797058105, 1993.218900000007125 ], [ 4308166.727799892425537, 2628247.020100116729736, 1993.830400000006193 ], [ 4308154.637700080871582, 2628230.900000095367432, 1993.505499999999302 ], [ 4308142.547500133514404, 2628214.779600143432617, 1993.064499999993131 ], [ 4308130.457399845123291, 2628198.65939998626709, 1988.615999999994528 ], [ 4308118.367199897766113, 2628182.539299964904785, 1982.762799999996787 ], [ 4308102.247000217437744, 2628169.105700016021729, 1975.401899999997113 ], [ 4308086.126800060272217, 2628155.672200202941895, 1967.850500000000466 ], [ 4308070.006599903106689, 2628142.238800048828125, 1960.194199999998091 ], [ 4308051.871399879455566, 2628126.118500232696533, 1951.62960000000021 ], [ 4308033.736100196838379, 2628109.998300075531006, 1944.125299999999697 ], [ 4308015.600900173187256, 2628093.878099918365479, 1936.366500000003725 ], [ 4307997.46560001373291, 2628077.757800102233887, 1910.865900000004331 ], [ 4307984.032100200653076, 2628062.980999946594238, 1897.497700000007171 ], [ 4307970.598499774932861, 2628048.204100131988525, 1894.797099999996135 ], [ 4307957.164999961853027, 2628033.427299976348877, 1891.991399999998976 ], [ 4307945.074900150299072, 2628017.307000160217285, 1891.653999999994994 ], [ 4307932.984700202941895, 2628001.18690013885498, 1886.123699999996461 ], [ 4307920.894599914550781, 2627985.066699981689453, 1880.328699999998207 ], [ 4307899.401000022888184, 2627975.663199901580811, 1874.687900000004447 ], [ 4307877.907299995422363, 2627966.259799957275391, 1862.902000000001863 ], [ 4307856.413700103759766, 2627956.856299877166748, 1848.598400000002584 ], [ 4307840.293499946594238, 2627944.766200065612793, 1846.015400000003865 ], [ 4307824.173299789428711, 2627932.675899982452393, 1816.198000000003958 ], [ 4307808.053100109100342, 2627916.555799961090088, 1791.911699999996927 ], [ 4307791.932799816131592, 2627900.435400009155273, 1788.829299999997602 ], [ 4307787.9028000831604, 2627882.971799850463867, 1786.720499999995809 ], [ 4307783.872700214385986, 2627865.508399963378906, 1783.561700000005658 ], [ 4307779.842700004577637, 2627848.0447998046875, 1778.485700000004726 ], [ 4307763.722499847412109, 2627831.924499988555908, 1771.750700000004144 ], [ 4307747.602200031280518, 2627815.804399967193604, 1752.741800000003423 ], [ 4307730.676000118255615, 2627800.490099906921387, 1740.751600000003236 ], [ 4307713.749800205230713, 2627785.175899982452393, 1730.555999999996857 ], [ 4307696.823500156402588, 2627769.861700057983398, 1714.721999999994296 ], [ 4307679.897299766540527, 2627754.547399997711182, 1711.757700000001932 ], [ 4307662.971099853515625, 2627739.23330020904541, 1695.591799999994691 ] ] ] } },
{ "type": "Feature", "properties": { "OBJECT_ID": "RL26004518", "NEXTDOWNID": "RL26004514", "STRAHLER": 4, "Basin": "Rhine", "REX": "CH", "DFDD": "BH140", "RN_I_ID": null, "HYP": 1, "LOC": 44, "FUN": 6, "NVS": 5, "LENGTH": 59.099998474121094, "TR": "Z000372675", "LONGPATH": 1304291.875, "CUM_LEN": 85998.4453125, "PENTE": 3.6632554531097412, "CGNELIN": 260200588, "BEGLIFEVER": "2015-03-22T00:00:00", "ENDLIFEVER": null, "UPDAT_BY": "1", "UPDAT_WHEN": "2015-06-24T00:00:00", "ERM_ID": "UNK", "MC": 1, "MONOT_Z": 1, "LENGTH_GEO": 59.10016571521713, "INSPIRE_ID": "EEA_EUHydro:RL26004518:2015-03-22", "thematicId": null, "TNODE": "NO26004567", "nameText": null, "CatchID": 76 }, "geometry": { "type": "MultiLineString", "coordinates": [ [ [ 4305796.427899837493896, 2628547.601099967956543, 1510.895099999994272 ], [ 4305810.358699798583984, 2628533.670400142669678, 1511.757500000006985 ], [ 4305824.289400100708008, 2628519.739699840545654, 1512.446599999995669 ], [ 4305838.220200061798096, 2628505.808899879455566, 1513.060200000007171 ] ] ] } },
{ "type": "Feature", "properties": { "OBJECT_ID": "RL26004519", "NEXTDOWNID": "RL26004484", "STRAHLER": 2, "Basin": "Rhine", "REX": "CH", "DFDD": "BH140", "RN_I_ID": null, "HYP": 1, "LOC": 44, "FUN": 6, "NVS": 5, "LENGTH": 1792.8900146484375, "TR": "Z000373028", "LONGPATH": 1305279.25, "CUM_LEN": 7654.927734375, "PENTE": 23.517276763916016, "CGNELIN": 260302405, "BEGLIFEVER": "2015-03-22T00:00:00", "ENDLIFEVER": null, "UPDAT_BY": "1", "UPDAT_WHEN": "2015-06-24T00:00:00", "ERM_ID": "UNK", "MC": 1, "MONOT_Z": 0, "LENGTH_GEO": 1791.838137926665, "INSPIRE_ID": "EEA_EUHydro:RL26004519:2015-03-22", "thematicId": null, "TNODE": "NO26004536", "nameText": null, "CatchID": 76 }, "geometry": { "type": "MultiLineString", "coordinates": [ [ [ 4304077.640799999237061, 2628570.021599769592285, 1920.934399999998277 ], [ 4304096.985099792480469, 2628556.050600051879883, 1917.267000000007101 ], [ 4304116.329299926757812, 2628542.079899787902832, 1908.564400000002934 ], [ 4304135.673600196838379, 2628528.109000205993652, 1901.845499999995809 ], [ 4304155.017799854278564, 2628514.138100147247314, 1898.924499999993714 ], [ 4304174.362100124359131, 2628500.167099952697754, 1900.583599999998114 ], [ 4304193.169000148773193, 2628486.733699798583984, 1897.782099999996717 ], [ 4304211.975900173187256, 2628473.300300121307373, 1893.637700000006589 ], [ 4304235.260700225830078, 2628466.135700225830078, 1892.002399999997579 ], [ 4304258.545400142669678, 2628458.971199989318848, 1886.963099999993574 ], [ 4304281.8302001953125, 2628451.806600093841553, 1876.754300000000512 ], [ 4304301.532700061798096, 2628442.850800037384033, 1872.341799999994691 ], [ 4304321.235199928283691, 2628433.895299911499023, 1864.791100000002189 ], [ 4304340.937699794769287, 2628424.939599990844727, 1852.870599999994738 ], [ 4304358.401299953460693, 2628407.475900173187256, 1842.58190000000468 ], [ 4304375.864799976348877, 2628390.012400150299072, 1830.420499999992899 ], [ 4304393.328400135040283, 2628372.548900127410889, 1812.585800000000745 ], [ 4304410.791900157928467, 2628355.085299968719482, 1785.37609999999404 ], [ 4304424.225399971008301, 2628335.382699966430664, 1790.651700000002165 ], [ 4304437.658899784088135, 2628315.680300235748291, 1767.721799999999348 ], [ 4304451.09250020980835, 2628295.97790002822876, 1767.758900000000722 ], [ 4304464.526000022888184, 2628276.275300025939941, 1748.198399999993853 ], [ 4304477.959499835968018, 2628256.57289981842041, 1740.064100000003236 ], [ 4304491.39300012588501, 2628236.870399951934814, 1726.95789999999397 ], [ 4304511.543300151824951, 2628222.093500137329102, 1723.752699999997276 ], [ 4304531.693600177764893, 2628207.316699981689453, 1716.550900000002002 ], [ 4304551.843800067901611, 2628192.539899826049805, 1706.797399999995832 ], [ 4304571.994100093841553, 2628177.763000011444092, 1704.290900000007241 ], [ 4304585.427599906921387, 2628161.6427001953125, 1698.397200000006706 ], [ 4304598.861199855804443, 2628145.522500038146973, 1694.429999999993015 ], [ 4304612.294700145721436, 2628129.402299880981445, 1687.490699999994831 ], [ 4304625.72819995880127, 2628113.282000064849854, 1679.223700000002282 ], [ 4304647.221799850463867, 2628106.117400169372559, 1674.081500000000233 ], [ 4304668.715400218963623, 2628098.952899932861328, 1670.673399999999674 ], [ 4304690.209099769592285, 2628091.788300037384033, 1665.029800000003888 ], [ 4304711.702700138092041, 2628084.623799800872803, 1658.638099999996484 ], [ 4304733.196300029754639, 2628077.45930004119873, 1652.665599999992992 ], [ 4304754.689899921417236, 2628070.2947998046875, 1645.337499999994179 ], [ 4304777.079100131988525, 2628064.921299934387207, 1639.464999999996508 ], [ 4304799.468299865722656, 2628059.547999858856201, 1636.17160000000149 ], [ 4304821.857500076293945, 2628054.174499988555908, 1631.588300000003073 ], [ 4304844.246600151062012, 2628048.801199913024902, 1625.94890000000305 ], [ 4304866.635799884796143, 2628043.427700042724609, 1620.786099999997532 ], [ 4304889.025000095367432, 2628038.054399967193604, 1608.647299999996903 ], [ 4304913.205299854278564, 2628032.680900096893311, 1609.157900000005611 ], [ 4304937.385700225830078, 2628027.307499885559082, 1604.862099999998463 ], [ 4304961.565999984741211, 2628021.934100151062012, 1597.389999999999418 ], [ 4304985.746300220489502, 2628016.560800075531006, 1582.95329999999376 ], [ 4305009.031099796295166, 2628012.083000183105469, 1579.073300000003655 ], [ 4305032.315800189971924, 2628007.605100154876709, 1576.338399999993271 ], [ 4305055.600599765777588, 2628003.127200126647949, 1572.88310000000638 ], [ 4305078.88539981842041, 2627998.649400234222412, 1568.559999999997672 ], [ 4305102.170100212097168, 2627994.171500205993652, 1561.262900000001537 ], [ 4305125.454899787902832, 2627989.69379997253418, 1551.91030000000319 ], [ 4305147.844099998474121, 2627984.320300102233887, 1546.693400000003749 ], [ 4305170.23330020904541, 2627978.947000026702881, 1544.834300000002258 ], [ 4305192.622499942779541, 2627973.573400020599365, 1539.556700000001001 ], [ 4305215.011600017547607, 2627968.200099945068359, 1536.079299999997602 ], [ 4305237.400800228118896, 2627962.826700210571289, 1530.848599999997532 ], [ 4305259.789999961853027, 2627957.453199863433838, 1525.237699999997858 ], [ 4305283.970300197601318, 2627958.796500205993652, 1523.545899999997346 ], [ 4305308.150700092315674, 2627960.139999866485596, 1520.487999999997555 ], [ 4305332.330999851226807, 2627961.483399868011475, 1516.957599999994272 ], [ 4305356.511300086975098, 2627962.826700210571289, 1510.479399999996531 ], [ 4305380.69159984588623, 2627958.796500205993652, 1509.2163 ], [ 4305404.872000217437744, 2627954.766499996185303, 1507.812300000005052 ], [ 4305429.052299976348877, 2627950.736599922180176, 1505.672600000005332 ], [ 4305453.232600212097168, 2627946.706399917602539, 1504.128599999996368 ], [ 4305477.412899971008301, 2627942.676400184631348, 1503.388200000001234 ], [ 4305501.593299865722656, 2627938.646399974822998, 1502.934599999993225 ], [ 4305525.773600101470947, 2627934.616300106048584, 1502.4568 ], [ 4305549.95389986038208, 2627930.586299896240234, 1501.96809999999823 ], [ 4305571.387199878692627, 2627921.182700157165527, 1501.600800000000163 ], [ 4305592.820499897003174, 2627911.779099941253662, 1501.221699999994598 ], [ 4305614.253699779510498, 2627902.375500202178955, 1502.817800000004354 ], [ 4305635.686999797821045, 2627892.97189998626709, 1502.395600000003469 ], [ 4305657.120299816131592, 2627883.568299770355225, 1499.294500000003609 ] ] ] } },
{ "type": "Feature", "properties": { "OBJECT_ID": "RL26004520", "NEXTDOWNID": "RL26004518", "STRAHLER": 2, "Basin": "Rhine", "REX": "CH", "DFDD": "BH140", "RN_I_ID": null, "HYP": 1, "LOC": 44, "FUN": 6, "NVS": 5, "LENGTH": 642.04998779296875, "TR": "Z000372814", "LONGPATH": 1304933.875, "CUM_LEN": 5042.73974609375, "PENTE": 21.726341247558594, "CGNELIN": 260302404, "BEGLIFEVER": "2015-03-22T00:00:00", "ENDLIFEVER": null, "UPDAT_BY": "1", "UPDAT_WHEN": "2015-06-24T00:00:00", "ERM_ID": "UNK", "MC": 1, "MONOT_Z": 0, "LENGTH_GEO": 641.60758596752567, "INSPIRE_ID": "EEA_EUHydro:RL26004520:2015-03-22", "thematicId": null, "TNODE": "NO26004570", "nameText": null, "CatchID": 76 }, "geometry": { "type": "MultiLineString", "coordinates": [ [ [ 4305200.682600021362305, 2628596.888500213623047, 1650.389200000005076 ], [ 4305220.3850998878479, 2628593.30620002746582, 1644.518100000001141 ], [ 4305240.087500095367432, 2628589.724100112915039, 1637.737599999993108 ], [ 4305259.789999961853027, 2628586.14169979095459, 1623.278600000005099 ], [ 4305279.492499828338623, 2628575.394899845123291, 1626.441099999996368 ], [ 4305299.195000171661377, 2628564.648099899291992, 1612.59780000000319 ], [ 4305318.897500038146973, 2628553.901299953460693, 1607.206200000000536 ], [ 4305339.047800064086914, 2628545.84119987487793, 1604.134099999995669 ], [ 4305359.198100090026855, 2628537.781099796295166, 1593.556899999995949 ], [ 4305379.348299980163574, 2628529.721000194549561, 1585.439599999997881 ], [ 4305399.498600006103516, 2628521.660900115966797, 1578.101899999994203 ], [ 4305416.962200164794922, 2628512.257500171661377, 1572.918399999995017 ], [ 4305434.425700187683105, 2628502.854000091552734, 1567.996400000003632 ], [ 4305451.889299869537354, 2628493.450600147247314, 1561.737699999997858 ], [ 4305469.352799892425537, 2628484.047100067138672, 1556.662500000005821 ], [ 4305488.1596999168396, 2628478.673699855804443, 1557.101599999994505 ], [ 4305506.966700077056885, 2628473.300300121307373, 1554.081999999994878 ], [ 4305525.773600101470947, 2628467.926799774169922, 1547.196200000005774 ], [ 4305544.58050012588501, 2628462.553500175476074, 1541.386499999993248 ], [ 4305563.387499809265137, 2628470.61359977722168, 1544.340200000006007 ], [ 4305582.194399833679199, 2628478.673699855804443, 1541.791899999996531 ], [ 4305603.688000202178955, 2628478.673699855804443, 1539.172500000000582 ], [ 4305625.181600093841553, 2628478.673699855804443, 1533.921900000001187 ], [ 4305646.67519998550415, 2628478.673699855804443, 1528.724100000006729 ], [ 4305666.825500011444092, 2628488.077099800109863, 1524.855500000005122 ], [ 4305686.975800037384033, 2628497.480500221252441, 1522.884699999995064 ], [ 4305707.125999927520752, 2628506.883900165557861, 1519.011100000003353 ], [ 4305727.276299953460693, 2628516.287399768829346, 1518.105999999999767 ], [ 4305744.564199924468994, 2628524.115900039672852, 1517.108600000006845 ], [ 4305761.852099895477295, 2628531.944200038909912, 1513.517600000006496 ], [ 4305779.139999866485596, 2628539.772799968719482, 1511.483099999997648 ], [ 4305796.427899837493896, 2628547.601099967956543, 1510.895099999994272 ] ] ] } },
{ "type": "Feature", "properties": { "OBJECT_ID": "RL26004578", "NEXTDOWNID": "RL26004520", "STRAHLER": 1, "Basin": "Rhine", "REX": "CH", "DFDD": "BH140", "RN_I_ID": null, "HYP": 1, "LOC": 44, "FUN": 6, "NVS": 5, "LENGTH": 1616.6500244140625, "TR": "Z000372814", "LONGPATH": 1306550.5, "CUM_LEN": 1616.6466064453125, "PENTE": 38.620975494384766, "CGNELIN": 260403460, "BEGLIFEVER": "2015-03-22T00:00:00", "ENDLIFEVER": null, "UPDAT_BY": "1", "UPDAT_WHEN": "2015-06-24T00:00:00", "ERM_ID": "UNK", "MC": 1, "MONOT_Z": 0, "LENGTH_GEO": 1615.9765426194215, "INSPIRE_ID": "EEA_EUHydro:RL26004578:2015-03-22", "thematicId": null, "TNODE": "NO26004572", "nameText": null, "CatchID": 76 }, "geometry": { "type": "MultiLineString", "coordinates": [ [ [ 4303868.078000068664551, 2629408.272900104522705, 2274.753899999996065 ], [ 4303885.989299774169922, 2629390.958499908447266, 2267.446800000005169 ], [ 4303903.900700092315674, 2629373.644199848175049, 2263.986499999999069 ], [ 4303921.811999797821045, 2629356.329899787902832, 2256.055800000001909 ], [ 4303939.723400115966797, 2629339.015600204467773, 2242.914600000003702 ], [ 4303957.634699821472168, 2629321.701200008392334, 2236.31600000000617 ], [ 4303975.54610013961792, 2629304.38700008392334, 2222.656400000007125 ], [ 4303993.457399845123291, 2629287.0725998878479, 2210.031300000002375 ], [ 4304011.368800163269043, 2629269.758399963378906, 2198.75810000000638 ], [ 4304029.280099868774414, 2629252.443999767303467, 2184.285799999997835 ], [ 4304048.086999893188477, 2629236.323800086975098, 2174.505900000003749 ], [ 4304066.894000053405762, 2629220.203700065612793, 2163.356499999994412 ], [ 4304085.700900077819824, 2629204.083300113677979, 2151.369900000005146 ], [ 4304104.507800102233887, 2629187.963099956512451, 2134.630499999999302 ], [ 4304120.627999782562256, 2629175.425300121307373, 2128.769700000004377 ], [ 4304136.748300075531006, 2629162.887199878692627, 2119.646299999993062 ], [ 4304152.868500232696533, 2629150.349400043487549, 2110.769499999994878 ], [ 4304172.571000099182129, 2629141.393599987030029, 2100.694499999997788 ], [ 4304192.273399829864502, 2629132.438000202178955, 2093.342600000003586 ], [ 4304211.975900173187256, 2629123.482399940490723, 2078.160399999993388 ], [ 4304235.260700225830078, 2629114.526599884033203, 2066.009500000000116 ], [ 4304258.545400142669678, 2629105.571000099182129, 2058.77270000000135 ], [ 4304281.8302001953125, 2629096.615200042724609, 2045.768599999995786 ], [ 4304300.637100219726562, 2629092.585299968719482, 2035.9326 ], [ 4304319.443999767303467, 2629088.555099964141846, 2029.00340000000142 ], [ 4304338.250999927520752, 2629084.525100231170654, 2019.660999999992782 ], [ 4304357.057899951934814, 2629080.494999885559082, 2002.389999999999418 ], [ 4304378.551499843597412, 2629076.017300128936768, 1994.092499999998836 ], [ 4304400.045100212097168, 2629071.539400100708008, 1984.40679999999702 ], [ 4304421.53879976272583, 2629067.061500072479248, 1969.369800000000396 ], [ 4304443.032400131225586, 2629062.583700180053711, 1950.803499999994528 ], [ 4304464.526000022888184, 2629058.105700016021729, 1938.7019 ], [ 4304486.019599914550781, 2629053.628099918365479, 1923.279200000004494 ], [ 4304505.722099781036377, 2629050.04580020904541, 1921.036300000007031 ], [ 4304525.424600124359131, 2629046.463600158691406, 1910.422300000005635 ], [ 4304545.127099990844727, 2629042.88129997253418, 1900.614499999996042 ], [ 4304561.247300148010254, 2629032.134500026702881, 1897.998000000006869 ], [ 4304577.367499828338623, 2629021.387599945068359, 1888.2788 ], [ 4304593.48769998550415, 2629010.640699863433838, 1875.014699999999721 ], [ 4304614.981299877166748, 2629007.05840015411377, 1874.412899999995716 ], [ 4304636.474999904632568, 2629003.47629976272583, 1864.010500000003958 ], [ 4304657.968599796295166, 2628999.893899917602539, 1849.413899999999558 ], [ 4304678.118899822235107, 2628991.833899974822998, 1843.348899999997229 ], [ 4304698.269199848175049, 2628983.773799896240234, 1839.803700000004028 ], [ 4304718.419400215148926, 2628975.713699817657471, 1835.689199999993434 ], [ 4304738.569699764251709, 2628967.653500080108643, 1822.389100000000326 ], [ 4304753.34660005569458, 2628954.220099925994873, 1819.164999999993597 ], [ 4304768.123400211334229, 2628940.786399841308594, 1814.051600000006147 ], [ 4304782.900300025939941, 2628927.353000164031982, 1806.516199999998207 ], [ 4304797.67710018157959, 2628913.919300079345703, 1798.49539999999979 ], [ 4304812.453999996185303, 2628899.142499923706055, 1795.717799999998533 ], [ 4304827.230899810791016, 2628884.365799903869629, 1789.1057 ], [ 4304842.007699966430664, 2628869.588900089263916, 1781.011199999993551 ], [ 4304856.784599781036377, 2628854.812099933624268, 1770.736900000003516 ], [ 4304872.904799938201904, 2628836.005199909210205, 1764.320200000001932 ], [ 4304889.025100231170654, 2628817.198299884796143, 1754.586999999999534 ], [ 4304905.145299911499023, 2628798.391300201416016, 1745.970000000001164 ], [ 4304921.265500068664551, 2628779.58430004119873, 1735.371400000003632 ], [ 4304932.01230001449585, 2628759.881800174713135, 1729.856799999994109 ], [ 4304942.759099960327148, 2628740.179399967193604, 1722.979800000000978 ], [ 4304953.505899906158447, 2628720.476900100708008, 1718.233200000002398 ], [ 4304971.417300224304199, 2628706.147799968719482, 1710.686199999996461 ], [ 4304989.32859992980957, 2628691.81879997253418, 1706.527000000001863 ], [ 4305007.239999771118164, 2628677.489699840545654, 1698.169899999993504 ], [ 4305023.360199928283691, 2628663.160500049591064, 1694.283100000000559 ], [ 4305039.480400085449219, 2628648.831399917602539, 1690.657300000006217 ], [ 4305055.600599765777588, 2628634.502299785614014, 1684.922200000000885 ], [ 4305079.780900001525879, 2628628.233399868011475, 1684.443299999998999 ], [ 4305103.961299896240234, 2628621.964399814605713, 1680.825599999996484 ], [ 4305128.141600131988525, 2628615.695400238037109, 1672.674400000003516 ], [ 4305152.321899890899658, 2628609.426400184631348, 1665.827499999999418 ], [ 4305176.502299785614014, 2628603.157599925994873, 1658.960600000005797 ], [ 4305200.682600021362305, 2628596.888500213623047, 1650.389200000005076 ] ] ] } },
{ "type": "Feature", "properties": { "OBJECT_ID": "RL26004611", "NEXTDOWNID": "RL26004519", "STRAHLER": 1, "Basin": "Rhine", "REX": "CH", "DFDD": "BH140", "RN_I_ID": null, "HYP": 1, "LOC": 44, "FUN": 6, "NVS": 5, "LENGTH": 2532.18994140625, "TR": "Z000372908", "LONGPATH": 1307811.375, "CUM_LEN": 2532.1865234375, "PENTE": 21.797723770141602, "CGNELIN": 260403456, "BEGLIFEVER": "2015-03-22T00:00:00", "ENDLIFEVER": null, "UPDAT_BY": "1", "UPDAT_WHEN": "2015-06-24T00:00:00", "ERM_ID": "UNK", "MC": 1, "MONOT_Z": 0, "LENGTH_GEO": 2531.0865413609395, "INSPIRE_ID": "EEA_EUHydro:RL26004611:2015-03-22", "thematicId": null, "TNODE": "NO26004571", "nameText": null, "CatchID": 76 }, "geometry": { "type": "MultiLineString", "coordinates": [ [ [ 4301987.386000156402588, 2629822.025100231170654, 2472.893400000000838 ], [ 4301992.759399890899658, 2629803.218100070953369, 2468.494500000000698 ], [ 4301998.132800102233887, 2629784.411200046539307, 2464.980999999999767 ], [ 4302003.506199836730957, 2629765.604199886322021, 2458.670700000002398 ], [ 4302008.879600048065186, 2629746.797299861907959, 2447.977799999993294 ], [ 4302020.969799995422363, 2629729.333700180053711, 2445.62949999999546 ], [ 4302033.059899806976318, 2629711.870299816131592, 2441.891399999993155 ], [ 4302045.150100231170654, 2629694.406700134277344, 2434.863800000006449 ], [ 4302057.240200042724609, 2629676.942999839782715, 2429.796199999997043 ], [ 4302076.047100067138672, 2629666.196199893951416, 2428.75 ], [ 4302094.854100227355957, 2629655.44950008392334, 2426.337199999994482 ], [ 4302113.660999774932861, 2629644.702700138092041, 2421.263500000000931 ], [ 4302132.467899799346924, 2629633.955900192260742, 2410.3174 ], [ 4302149.662799835205078, 2629616.760900020599365, 2411.723599999997532 ], [ 4302166.857699871063232, 2629599.565999984741211, 2403.355100000000675 ], [ 4302184.052599906921387, 2629582.371099948883057, 2394.679999999993015 ], [ 4302201.247499942779541, 2629565.176300048828125, 2386.122199999997974 ], [ 4302218.442399978637695, 2629547.981299877166748, 2375.574800000002142 ], [ 4302239.935999870300293, 2629538.577899932861328, 2370.685100000002421 ], [ 4302261.429699897766113, 2629529.174399852752686, 2367.945300000006682 ], [ 4302282.923299789428711, 2629519.770999908447266, 2362.033500000005006 ], [ 4302304.416900157928467, 2629510.367499828338623, 2347.881500000003143 ], [ 4302324.567200183868408, 2629499.620699882507324, 2348.637600000001839 ], [ 4302344.71750020980835, 2629488.873799800872803, 2341.419699999998556 ], [ 4302364.867700099945068, 2629478.127099990844727, 2338.419899999993504 ], [ 4302385.01800012588501, 2629467.380300045013428, 2329.848299999997835 ], [ 4302401.138199806213379, 2629454.842299938201904, 2325.9326 ], [ 4302417.258399963378906, 2629442.304399967193604, 2320.002999999996973 ], [ 4302433.378600120544434, 2629429.76639986038208, 2310.771599999992759 ], [ 4302449.498799800872803, 2629419.019599914550781, 2308.076100000005681 ], [ 4302465.619100093841553, 2629408.272799968719482, 2304.927500000005239 ], [ 4302481.739299774169922, 2629397.526000022888184, 2300.61699999999837 ], [ 4302505.024099826812744, 2629392.152500152587891, 2294.303100000004633 ], [ 4302528.308800220489502, 2629386.779099941253662, 2289.512300000002142 ], [ 4302551.593599796295166, 2629381.405700206756592, 2285.476999999998952 ], [ 4302567.713799953460693, 2629366.629000186920166, 2282.812900000004447 ], [ 4302583.834000110626221, 2629351.85200023651123, 2280.779299999994691 ], [ 4302599.95419979095459, 2629337.075300216674805, 2278.090500000005704 ], [ 4302616.074399948120117, 2629322.298299789428711, 2272.52039999999397 ], [ 4302626.821199893951416, 2629300.804699897766113, 2271.838099999993574 ], [ 4302637.568099975585938, 2629279.311200141906738, 2267.352899999998044 ], [ 4302648.314899921417236, 2629257.817399978637695, 2265.979699999996228 ], [ 4302659.061699867248535, 2629236.323800086975098, 2257.114300000001094 ], [ 4302679.480599880218506, 2629223.427599906921387, 2258.457599999994272 ], [ 4302699.899600028991699, 2629210.531499862670898, 2253.2728000000061 ], [ 4302720.31850004196167, 2629197.63539981842041, 2249.919800000003306 ], [ 4302740.737500190734863, 2629184.739099979400635, 2246.211599999995087 ], [ 4302761.156400203704834, 2629171.842999935150146, 2241.013200000001234 ], [ 4302781.882400035858154, 2629162.631400108337402, 2238.790900000007241 ], [ 4302802.608399868011475, 2629153.419899940490723, 2236.430399999997462 ], [ 4302823.334400177001953, 2629144.208199977874756, 2232.518800000005285 ], [ 4302844.060299873352051, 2629134.996699810028076, 2227.763099999996484 ], [ 4302864.786300182342529, 2629125.785099983215332, 2224.812999999994645 ], [ 4302885.51230001449585, 2629116.573599815368652, 2216.251000000003842 ], [ 4302906.23829984664917, 2629107.361999988555908, 2203.462799999993877 ], [ 4302926.657199859619141, 2629096.615200042724609, 2203.104300000006333 ], [ 4302947.076200008392334, 2629085.868400096893311, 2194.381099999998696 ], [ 4302967.495100021362305, 2629075.121600151062012, 2189.509900000004563 ], [ 4302987.914100170135498, 2629064.374899864196777, 2183.82390000000305 ], [ 4303008.333000183105469, 2629053.628099918365479, 2177.295899999997346 ], [ 4303030.7221999168396, 2629044.672299861907959, 2173.670299999997951 ], [ 4303053.111400127410889, 2629035.716599941253662, 2166.803100000004633 ], [ 4303075.50059986114502, 2629026.761000156402588, 2161.171000000002095 ], [ 4303097.889800071716309, 2629017.805300235748291, 2154.161300000007031 ], [ 4303120.278999805450439, 2629008.849699974060059, 2148.759500000000116 ], [ 4303142.668200016021729, 2628999.893899917602539, 2141.852499999993597 ], [ 4303156.997300148010254, 2628984.669300079345703, 2135.741699999998673 ], [ 4303171.326399803161621, 2628969.444600105285645, 2131.080400000006193 ], [ 4303185.655499935150146, 2628954.220099925994873, 2123.015400000003865 ], [ 4303199.984499931335449, 2628938.995399951934814, 2117.414000000004307 ], [ 4303214.313600063323975, 2628923.770699977874756, 2111.977599999998347 ], [ 4303228.6427001953125, 2628908.546000003814697, 2106.010599999994156 ], [ 4303246.553999900817871, 2628894.217000007629395, 2102.05460000000312 ], [ 4303264.465400218963623, 2628879.888000011444092, 2098.550099999993108 ], [ 4303282.376699924468994, 2628865.558899879455566, 2088.446500000005472 ], [ 4303303.870299816131592, 2628854.812099933624268, 2083.537299999996321 ], [ 4303325.363999843597412, 2628844.065199851989746, 2078.769899999999325 ], [ 4303346.857600212097168, 2628833.31850004196167, 2072.050199999997858 ], [ 4303368.351200103759766, 2628822.571499824523926, 2066.8862999999983 ], [ 4303389.844799995422363, 2628811.824699878692627, 2061.076700000005076 ], [ 4303411.338500022888184, 2628801.077899932861328, 2056.285799999997835 ], [ 4303432.832099914550781, 2628790.331099987030029, 2045.888399999996182 ], [ 4303449.847899913787842, 2628777.793200016021729, 2043.677999999999884 ], [ 4303466.863699913024902, 2628765.255300045013428, 2039.981100000004517 ], [ 4303483.879499912261963, 2628752.717299938201904, 2034.405100000003586 ], [ 4303500.895199775695801, 2628740.179399967193604, 2031.233099999997648 ], [ 4303517.910999774932861, 2628727.64139986038208, 2028.36699999999837 ], [ 4303534.926799774169922, 2628715.103499889373779, 2022.515499999994063 ], [ 4303556.420400142669678, 2628708.386799812316895, 2021.83980000000156 ], [ 4303577.914100170135498, 2628701.669899940490723, 2017.988299999997253 ], [ 4303599.407700061798096, 2628694.953199863433838, 2013.278000000005704 ], [ 4303620.901299953460693, 2628688.236499786376953, 2007.846000000005006 ], [ 4303642.394899845123291, 2628681.519700050354004, 2004.316600000005565 ], [ 4303663.888599872589111, 2628674.802899837493896, 1999.3862999999983 ], [ 4303685.382199764251709, 2628668.086299896240234, 1996.701199999995879 ], [ 4303706.875800132751465, 2628661.369400024414062, 1989.05449999999837 ], [ 4303729.904699802398682, 2628652.92549991607666, 1987.513099999996484 ], [ 4303752.933599948883057, 2628644.481500148773193, 1984.744300000005751 ], [ 4303775.962500095367432, 2628636.037700176239014, 1979.881299999993644 ], [ 4303798.991300106048584, 2628627.593800067901611, 1976.066300000005867 ], [ 4303822.020199775695801, 2628619.149899959564209, 1971.384300000005169 ], [ 4303845.049099922180176, 2628610.705900192260742, 1966.117700000002515 ], [ 4303868.078000068664551, 2628602.26200008392334, 1962.878299999996671 ], [ 4303888.67609977722168, 2628594.201799869537354, 1960.646699999997509 ], [ 4303909.274099826812744, 2628586.14169979095459, 1955.749299999995856 ], [ 4303929.872200012207031, 2628578.081699848175049, 1950.796400000006543 ], [ 4303950.470200061798096, 2628570.021599769592285, 1947.284299999999348 ], [ 4303971.068299770355225, 2628561.96150016784668, 1943.363200000007055 ], [ 4303991.666299819946289, 2628553.901299953460693, 1938.884999999994761 ], [ 4304013.159900188446045, 2628557.931399822235107, 1936.531300000002375 ], [ 4304034.653500080108643, 2628561.96150016784668, 1930.172000000005937 ], [ 4304056.147200107574463, 2628565.991499900817871, 1923.776700000002165 ], [ 4304077.640799999237061, 2628570.021599769592285, 1920.934399999998277 ] ] ] } },
{ "type": "Feature", "properties": { "OBJECT_ID": "RL26004646", "NEXTDOWNID": "RL26004518", "STRAHLER": 4, "Basin": "Rhine", "REX": "CH", "DFDD": "BH140", "RN_I_ID": null, "HYP": 1, "LOC": 44, "FUN": 6, "NVS": 5, "LENGTH": 2337.719970703125, "TR": "Z000372675", "LONGPATH": 1306629.625, "CUM_LEN": 80896.609375, "PENTE": 1.026141881942749, "CGNELIN": 260200588, "BEGLIFEVER": "2015-03-22T00:00:00", "ENDLIFEVER": null, "UPDAT_BY": "1", "UPDAT_WHEN": "2015-06-24T00:00:00", "ERM_ID": "UNK", "MC": 1, "MONOT_Z": 0, "LENGTH_GEO": 2338.5617490845257, "INSPIRE_ID": "EEA_EUHydro:RL26004646:2015-03-22", "thematicId": null, "TNODE": "NO26004570", "nameText": "Landwasser", "CatchID": 76 }, "geometry": { "type": "MultiLineString", "coordinates": [ [ [ 4306945.702600002288818, 2630429.409599781036377, 1534.134500000000116 ], [ 4306922.571199893951416, 2630423.626800060272217, 1533.693100000004051 ], [ 4306899.439700126647949, 2630417.843800067901611, 1532.798299999994924 ], [ 4306876.308300018310547, 2630412.061100006103516, 1531.824399999997695 ], [ 4306864.742599964141846, 2630398.567800045013428, 1531.78059999999823 ], [ 4306853.176899909973145, 2630385.074399948120117, 1532.754700000004959 ], [ 4306841.611199855804443, 2630371.580999851226807, 1532.587599999998929 ], [ 4306842.574999809265137, 2630348.449600219726562, 1531.63640000000305 ], [ 4306843.53879976272583, 2630325.31820011138916, 1531.4326 ], [ 4306844.502600193023682, 2630302.18690013885498, 1531.152000000001863 ], [ 4306845.466400146484375, 2630279.055300235748291, 1530.854900000005728 ], [ 4306846.430200099945068, 2630255.923999786376953, 1530.531099999992875 ], [ 4306847.394000053405762, 2630232.792600154876709, 1530.194000000003143 ], [ 4306848.839700222015381, 2630211.106800079345703, 1530.015599999998813 ], [ 4306850.285500049591064, 2630189.42110013961792, 1529.774699999994482 ], [ 4306851.731200218200684, 2630167.735400199890137, 1529.672399999995832 ], [ 4306853.176899909973145, 2630146.049600124359131, 1529.507199999992736 ], [ 4306853.176899909973145, 2630122.918200016021729, 1529.30460000000312 ], [ 4306853.176899909973145, 2630099.786900043487549, 1529.050300000002608 ], [ 4306837.27400016784668, 2630089.666800022125244, 1528.854300000006333 ], [ 4306821.371200084686279, 2630079.546899795532227, 1528.818700000003446 ], [ 4306805.468400001525879, 2630069.426799774169922, 1528.727700000003097 ], [ 4306789.565499782562256, 2630059.306900024414062, 1528.506899999993038 ], [ 4306771.060400009155273, 2630047.741099834442139, 1529.408899999994901 ], [ 4306752.555200099945068, 2630036.175399780273438, 1528.180200000002515 ], [ 4306734.050099849700928, 2630024.609600067138672, 1527.691800000000512 ], [ 4306715.544899940490723, 2630013.043900012969971, 1526.848599999997532 ], [ 4306697.03980016708374, 2630001.47819995880127, 1526.568899999998393 ], [ 4306695.594099998474121, 2629981.238200187683105, 1526.598499999992782 ], [ 4306694.148399829864502, 2629960.998300075531006, 1526.345000000001164 ], [ 4306692.702600002288818, 2629940.758399963378906, 1525.859400000001187 ], [ 4306691.256899833679199, 2629920.518400192260742, 1524.903600000005099 ], [ 4306684.317500114440918, 2629900.856599807739258, 1524.39770000000135 ], [ 4306677.378099918365479, 2629881.195000171661377, 1524.044200000003912 ], [ 4306670.438600063323975, 2629861.533100128173828, 1523.098299999997835 ], [ 4306663.499199867248535, 2629841.871500015258789, 1522.477400000003399 ], [ 4306656.559800148010254, 2629822.209700107574463, 1521.705300000001444 ], [ 4306642.102700233459473, 2629804.861199855804443, 1521.091000000000349 ], [ 4306627.645500183105469, 2629787.512599945068359, 1520.499299999995856 ], [ 4306612.775300025939941, 2629770.164100170135498, 1520.383400000006077 ], [ 4306597.905099868774414, 2629752.815599918365479, 1520.904599999994389 ], [ 4306583.034900188446045, 2629735.467000007629395, 1520.650999999998021 ], [ 4306568.164700031280518, 2629718.118299961090088, 1520.679999999993015 ], [ 4306553.29449987411499, 2629700.769700050354004, 1520.938099999999395 ], [ 4306538.424300193786621, 2629683.421199798583984, 1519.988899999996647 ], [ 4306523.554100036621094, 2629666.0725998878479, 1519.836999999999534 ], [ 4306508.518700122833252, 2629646.410999774932861, 1519.531600000002072 ], [ 4306493.48330020904541, 2629626.749199867248535, 1518.96929999999702 ], [ 4306478.447800159454346, 2629607.087600231170654, 1519.718900000007125 ], [ 4306463.412399768829346, 2629587.425899982452393, 1518.402799999996205 ], [ 4306448.376999855041504, 2629567.764200210571289, 1518.742199999993318 ], [ 4306433.506800174713135, 2629550.415500164031982, 1517.87609999999404 ], [ 4306418.636600017547607, 2629533.066999912261963, 1516.487599999993108 ], [ 4306403.76639986038208, 2629515.718400001525879, 1516.572799999994459 ], [ 4306388.896200180053711, 2629498.369800090789795, 1515.881899999993038 ], [ 4306374.026000022888184, 2629481.021200180053711, 1520.720400000005611 ], [ 4306359.155799865722656, 2629463.672800064086914, 1518.006200000003446 ], [ 4306344.285600185394287, 2629446.32420015335083, 1519.961100000000442 ], [ 4306331.756100177764893, 2629428.975599765777588, 1518.287100000001374 ], [ 4306319.226600170135498, 2629411.627099990844727, 1516.486999999993714 ], [ 4306306.697100162506104, 2629394.27839994430542, 1516.033800000004703 ], [ 4306294.167500019073486, 2629376.929800033569336, 1515.635899999993853 ], [ 4306281.638000011444092, 2629359.581299781799316, 1517.386199999993551 ], [ 4306269.108500003814697, 2629342.232699871063232, 1516.625499999994645 ], [ 4306255.374199867248535, 2629323.438499927520752, 1515.61710000000312 ], [ 4306241.639900207519531, 2629304.644199848175049, 1513.955199999996694 ], [ 4306227.905600070953369, 2629285.849899768829346, 1513.864199999996345 ], [ 4306214.17140007019043, 2629267.055699825286865, 1513.877699999997276 ], [ 4306200.437099933624268, 2629248.261300086975098, 1515.794699999998556 ], [ 4306186.702799797058105, 2629229.467100143432617, 1513.686900000000605 ], [ 4306172.968500137329102, 2629210.672900199890137, 1513.409899999998743 ], [ 4306159.234200000762939, 2629191.878499984741211, 1514.316699999995762 ], [ 4306147.473599910736084, 2629170.116700172424316, 1519.920700000002398 ], [ 4306135.712999820709229, 2629148.355100154876709, 1521.22620000000461 ], [ 4306123.952400207519531, 2629126.593200206756592, 1520.983699999997043 ], [ 4306112.191800117492676, 2629104.831399917602539, 1519.009699999995064 ], [ 4306096.713200092315674, 2629086.257100105285645, 1519.384500000000116 ], [ 4306081.234499931335449, 2629067.682799816131592, 1520.226800000004005 ], [ 4306065.755899906158447, 2629049.108500003814697, 1521.290299999993294 ], [ 4306052.986000061035156, 2629032.855999946594238, 1520.522299999996903 ], [ 4306040.21619987487793, 2629016.603300094604492, 1519.354300000006333 ], [ 4306027.446300029754639, 2629000.350800037384033, 1518.810599999997066 ], [ 4306014.676400184631348, 2628984.098299980163574, 1517.974600000001374 ], [ 4306003.067500114440918, 2628963.202099800109863, 1518.239100000006147 ], [ 4305991.458499908447266, 2628942.305900096893311, 1519.077799999999115 ], [ 4305979.849599838256836, 2628921.409900188446045, 1519.436600000000908 ], [ 4305968.240600109100342, 2628900.513700008392334, 1519.760999999998603 ], [ 4305960.501299858093262, 2628885.035099983215332, 1518.047000000005937 ], [ 4305952.761899948120117, 2628869.556399822235107, 1517.402900000000955 ], [ 4305945.022600173950195, 2628854.077799797058105, 1516.577799999999115 ], [ 4305930.163099765777588, 2628839.218299865722656, 1515.184599999993225 ], [ 4305915.303699970245361, 2628824.358799934387207, 1514.9262000000017 ], [ 4305900.444200038909912, 2628809.49940013885498, 1514.022400000001653 ], [ 4305885.584799766540527, 2628794.639999866485596, 1512.997600000002421 ], [ 4305870.725299835205078, 2628779.780499935150146, 1512.416299999997136 ], [ 4305855.246699810028076, 2628761.206099987030029, 1511.351500000004307 ], [ 4305839.76800012588501, 2628742.631700038909912, 1510.829700000002049 ], [ 4305824.289400100708008, 2628724.057499885559082, 1512.089099999997416 ], [ 4305817.323999881744385, 2628705.483200073242188, 1511.332299999994575 ], [ 4305810.358699798583984, 2628686.90880012512207, 1510.752399999997579 ], [ 4305803.39330005645752, 2628668.33430004119873, 1511.329299999997602 ], [ 4305796.427899837493896, 2628649.760000228881836, 1511.166899999996531 ], [ 4305790.236400127410889, 2628631.185800075531006, 1510.433799999998882 ], [ 4305784.045000076293945, 2628612.611400127410889, 1510.146200000002864 ], [ 4305777.853499889373779, 2628594.037099838256836, 1510.851500000004307 ], [ 4305784.045000076293945, 2628578.55840015411377, 1510.322400000004563 ], [ 4305790.236400127410889, 2628563.079800128936768, 1510.353400000007241 ], [ 4305796.427899837493896, 2628547.601099967956543, 1510.895099999994272 ] ] ] } },
{ "type": "Feature", "properties": { "OBJECT_ID": "RL26004653", "NEXTDOWNID": "RL26004646", "STRAHLER": 4, "Basin": "Rhine", "REX": "CH", "DFDD": "BH140", "RN_I_ID": null, "HYP": 1, "LOC": 44, "FUN": 6, "NVS": 5, "LENGTH": 218.05000305175781, "TR": "Z000372567", "LONGPATH": 1306847.625, "CUM_LEN": 73209.0703125, "PENTE": 1.283214211463928, "CGNELIN": 260200588, "BEGLIFEVER": "2015-03-22T00:00:00", "ENDLIFEVER": null, "UPDAT_BY": "1", "UPDAT_WHEN": "2015-06-24T00:00:00", "ERM_ID": "UNK", "MC": 1, "MONOT_Z": 0, "LENGTH_GEO": 217.97559487607367, "INSPIRE_ID": "EEA_EUHydro:RL26004653:2015-03-22", "thematicId": null, "TNODE": "NO26004698", "nameText": null, "CatchID": 76 }, "geometry": { "type": "MultiLineString", "coordinates": [ [ [ 4307124.971099853515625, 2630539.283899784088135, 1536.932499999995343 ], [ 4307107.622499942779541, 2630521.935200214385986, 1536.785900000002584 ], [ 4307090.27400016784668, 2630504.586699962615967, 1536.548200000004726 ], [ 4307072.925399780273438, 2630487.238100051879883, 1536.519799999994575 ], [ 4307055.576900005340576, 2630469.889599800109863, 1536.60120000000461 ], [ 4307038.228300094604492, 2630452.540999889373779, 1536.419299999994109 ], [ 4307015.09689998626709, 2630446.758200168609619, 1536.342600000003586 ], [ 4306991.965499877929688, 2630440.975200176239014, 1535.688999999998487 ], [ 4306968.834000110626221, 2630435.192399978637695, 1534.760699999998906 ], [ 4306945.702600002288818, 2630429.409599781036377, 1534.134500000000116 ] ] ] } },
{ "type": "Feature", "properties": { "OBJECT_ID": "RL26004654", "NEXTDOWNID": "RL26004653", "STRAHLER": 1, "Basin": "Rhine", "REX": "CH", "DFDD": "BH140", "RN_I_ID": null, "HYP": 1, "LOC": 44, "FUN": 6, "NVS": 5, "LENGTH": 2163.780029296875, "TR": "Z000372624", "LONGPATH": 1309011.375, "CUM_LEN": 2163.77978515625, "PENTE": 31.988925933837891, "CGNELIN": 260302393, "BEGLIFEVER": "2015-03-22T00:00:00", "ENDLIFEVER": null, "UPDAT_BY": "1", "UPDAT_WHEN": "2015-06-24T00:00:00", "ERM_ID": "UNK", "MC": 1, "MONOT_Z": 0, "LENGTH_GEO": 2162.7887836017189, "INSPIRE_ID": "EEA_EUHydro:RL26004654:2015-03-22", "thematicId": null, "TNODE": "NO26004705", "nameText": null, "CatchID": 76 }, "geometry": { "type": "MultiLineString", "coordinates": [ [ [ 4308942.065499782562256, 2629587.983399868011475, 2228.001900000002934 ], [ 4308921.367899894714355, 2629591.167699813842773, 2209.91030000000319 ], [ 4308900.670400142669678, 2629594.351900100708008, 2199.281400000007125 ], [ 4308879.972799777984619, 2629597.536099910736084, 2195.251499999998487 ], [ 4308859.275199890136719, 2629600.720300197601318, 2192.076000000000931 ], [ 4308838.577700138092041, 2629603.904600143432617, 2186.818700000003446 ], [ 4308817.880099773406982, 2629607.088799953460693, 2179.194199999998091 ], [ 4308797.182600021362305, 2629610.27299976348877, 2171.984500000005937 ], [ 4308776.485000133514404, 2629613.457300186157227, 2165.116200000004028 ], [ 4308755.787499904632568, 2629616.641499996185303, 2158.538499999995111 ], [ 4308735.089900016784668, 2629619.825699806213379, 2152.142699999996694 ], [ 4308714.392399787902832, 2629623.010000228881836, 2144.486199999999371 ], [ 4308693.694799900054932, 2629626.194200038909912, 2122.693899999998393 ], [ 4308677.773600101470947, 2629645.299600124359131, 2109.487599999993108 ], [ 4308661.852399826049805, 2629664.405200004577637, 2100.811199999996461 ], [ 4308645.93120002746582, 2629683.510600090026855, 2102.971399999994901 ], [ 4308626.825799942016602, 2629697.839700222015381, 2098.963300000003073 ], [ 4308607.720300197601318, 2629712.168799877166748, 2093.115999999994528 ], [ 4308588.6149001121521, 2629726.497799873352051, 2087.754000000000815 ], [ 4308569.509399890899658, 2629740.826900005340576, 2079.972299999993993 ], [ 4308548.811800003051758, 2629750.379600048065186, 2073.235499999995227 ], [ 4308528.114299774169922, 2629759.932300090789795, 2066.146800000002258 ], [ 4308507.416699886322021, 2629769.485099792480469, 2060.951400000005378 ], [ 4308486.719099998474121, 2629779.037700176239014, 2055.746899999998277 ], [ 4308466.021599769592285, 2629788.590499877929688, 2049.618000000002212 ], [ 4308445.323999881744385, 2629798.14330005645752, 2043.330100000006496 ], [ 4308423.034299850463867, 2629801.327499866485596, 2035.881599999993341 ], [ 4308400.74459981918335, 2629804.511799812316895, 2027.378800000005867 ], [ 4308378.454899787902832, 2629807.696000099182129, 2014.60460000000603 ], [ 4308356.165299892425537, 2629810.880199909210205, 1999.270099999994272 ], [ 4308333.87559986114502, 2629814.064499855041504, 1997.069699999992736 ], [ 4308311.585899829864502, 2629817.248700141906738, 1994.286200000002282 ], [ 4308287.704100131988525, 2629820.433000087738037, 1987.9182 ], [ 4308263.822299957275391, 2629823.617199897766113, 1980.300600000002305 ], [ 4308239.940499782562256, 2629826.801400184631348, 1971.330799999996088 ], [ 4308216.058700084686279, 2629829.985599994659424, 1961.498200000001816 ], [ 4308192.176899909973145, 2629833.169899940490723, 1949.399399999994785 ], [ 4308168.295100212097168, 2629836.354100227355957, 1911.822400000004563 ], [ 4308151.577799797058105, 2629848.295000076293945, 1907.527700000006007 ], [ 4308134.860599994659424, 2629860.235899925231934, 1899.939299999998184 ], [ 4308118.143400192260742, 2629872.176799774169922, 1896.313200000004144 ], [ 4308101.42609977722168, 2629884.117800235748291, 1893.492800000007264 ], [ 4308079.13640022277832, 2629880.933599948883057, 1890.118900000001304 ], [ 4308056.846700191497803, 2629877.749199867248535, 1884.111699999994016 ], [ 4308034.557000160217285, 2629874.565000057220459, 1878.947899999999208 ], [ 4308010.67519998550415, 2629874.565000057220459, 1873.169200000003912 ], [ 4307986.793399810791016, 2629874.565000057220459, 1866.289900000003399 ], [ 4307966.095799922943115, 2629885.709799766540527, 1857.783800000004703 ], [ 4307945.398300170898438, 2629896.854599952697754, 1847.62390000000596 ], [ 4307924.700699806213379, 2629907.999599933624268, 1822.579800000006799 ], [ 4307904.003099918365479, 2629919.144400119781494, 1799.498099999997066 ], [ 4307883.305600166320801, 2629930.289299964904785, 1791.724900000001071 ], [ 4307862.607999801635742, 2629941.434100151062012, 1788.955199999996694 ], [ 4307840.318299770355225, 2629946.210400104522705, 1786.026599999997416 ], [ 4307818.028600215911865, 2629950.986700057983398, 1776.715800000005402 ], [ 4307795.738999843597412, 2629955.763100147247314, 1765.9424 ], [ 4307773.449299812316895, 2629960.53950023651123, 1755.959600000001956 ], [ 4307751.159599781036377, 2629965.315800189971924, 1748.827399999994668 ], [ 4307728.869900226593018, 2629970.092199802398682, 1743.817800000004354 ], [ 4307707.035099983215332, 2629978.280200004577637, 1738.418600000004517 ], [ 4307685.200300216674805, 2629986.468299865722656, 1728.602599999998347 ], [ 4307663.365499973297119, 2629994.656300067901611, 1700.137100000007194 ], [ 4307641.530799865722656, 2630002.844399929046631, 1698.002999999996973 ], [ 4307619.696000099182129, 2630011.03249979019165, 1691.544599999993807 ], [ 4307597.861199855804443, 2630019.220499992370605, 1684.119900000005146 ], [ 4307576.026400089263916, 2630027.408599853515625, 1674.309999999997672 ], [ 4307559.309100151062012, 2630041.73769998550415, 1664.793499999999767 ], [ 4307542.591899871826172, 2630056.066800117492676, 1656.399399999994785 ], [ 4307525.874599933624268, 2630070.395699977874756, 1649.231799999994109 ], [ 4307509.157299995422363, 2630084.724800109863281, 1643.125899999999092 ], [ 4307495.510600090026855, 2630102.465700149536133, 1637.639999999999418 ], [ 4307481.863800048828125, 2630120.206299781799316, 1631.185400000002119 ], [ 4307468.217100143432617, 2630137.947199821472168, 1625.740600000004633 ], [ 4307454.570300102233887, 2630155.688000202178955, 1604.209300000002258 ], [ 4307440.923600196838379, 2630173.428699970245361, 1597.114199999996345 ], [ 4307427.276800155639648, 2630191.169300079345703, 1597.354900000005728 ], [ 4307413.630099773406982, 2630208.910200119018555, 1595.120899999994435 ], [ 4307400.25629997253418, 2630226.105199813842773, 1590.092900000003283 ], [ 4307386.882500171661377, 2630243.300099849700928, 1583.8637000000017 ], [ 4307373.508699893951416, 2630260.494999885559082, 1577.688899999993737 ], [ 4307360.134900093078613, 2630277.689799785614014, 1572.674899999998161 ], [ 4307346.761099815368652, 2630294.884799957275391, 1568.6731 ], [ 4307332.432000160217285, 2630315.184199810028076, 1564.867299999998068 ], [ 4307318.10290002822876, 2630335.483799934387207, 1560.811199999996461 ], [ 4307303.773799896240234, 2630355.783299922943115, 1556.827199999999721 ], [ 4307289.444799900054932, 2630376.083000183105469, 1553.224900000001071 ], [ 4307275.115699768066406, 2630396.382500171661377, 1549.823600000003353 ], [ 4307260.786600112915039, 2630416.681900024414062, 1546.674799999993411 ], [ 4307246.457499980926514, 2630436.981500148773193, 1543.89100000000326 ], [ 4307232.128399848937988, 2630457.281000137329102, 1541.93409999999858 ], [ 4307214.268799781799316, 2630470.948200225830078, 1540.301800000001094 ], [ 4307196.409299850463867, 2630484.615300178527832, 1538.626600000003236 ], [ 4307178.549799919128418, 2630498.28249979019165, 1537.144799999994575 ], [ 4307160.690199851989746, 2630511.94950008392334, 1535.831999999994878 ], [ 4307142.830699920654297, 2630525.616700172424316, 1536.486900000003516 ], [ 4307124.971099853515625, 2630539.283899784088135, 1536.932499999995343 ] ] ] } },
{ "type": "Feature", "properties": { "OBJECT_ID": "RL26004656", "NEXTDOWNID": "RL26004520", "STRAHLER": 1, "Basin": "Rhine", "REX": "CH", "DFDD": "BH140", "RN_I_ID": null, "HYP": 1, "LOC": 44, "FUN": 6, "NVS": 5, "LENGTH": 2784.0400390625, "TR": "Z000372742", "LONGPATH": 1307717.875, "CUM_LEN": 2784.04248046875, "PENTE": 30.662509918212891, "CGNELIN": 260302404, "BEGLIFEVER": "2015-03-22T00:00:00", "ENDLIFEVER": null, "UPDAT_BY": "1", "UPDAT_WHEN": "2015-06-24T00:00:00", "ERM_ID": "UNK", "MC": 1, "MONOT_Z": 0, "LENGTH_GEO": 2784.1728513107678, "INSPIRE_ID": "EEA_EUHydro:RL26004656:2015-03-22", "thematicId": null, "TNODE": "NO26004572", "nameText": null, "CatchID": 76 }, "geometry": { "type": "MultiLineString", "coordinates": [ [ [ 4303454.325699806213379, 2630547.434899806976318, 2504.04649999999674 ], [ 4303475.819300174713135, 2630545.643700122833252, 2492.49210000000312 ], [ 4303497.313000202178955, 2630543.852399826049805, 2482.704700000002049 ], [ 4303518.806600093841553, 2630542.061399936676025, 2473.374800000005052 ], [ 4303542.986899852752686, 2630542.061399936676025, 2468.957599999994272 ], [ 4303567.167200088500977, 2630542.061399936676025, 2457.2788 ], [ 4303590.452000141143799, 2630536.688000202178955, 2453.412599999996019 ], [ 4303613.736700057983398, 2630531.314599990844727, 2447.830100000006496 ], [ 4303637.021500110626221, 2630525.941100120544434, 2438.288000000000466 ], [ 4303661.201900005340576, 2630520.567800045013428, 2436.522299999996903 ], [ 4303685.382199764251709, 2630515.194300174713135, 2427.531700000006822 ], [ 4303690.755599975585938, 2630496.387400150299072, 2422.931599999996251 ], [ 4303696.129000186920166, 2630477.580599784851074, 2422.164199999999255 ], [ 4303697.920100212097168, 2630456.086900234222412, 2418.94550000000163 ], [ 4303699.711299896240234, 2630434.593200206756592, 2412.173599999994622 ], [ 4303701.502399921417236, 2630413.099699974060059, 2406.850000000005821 ], [ 4303712.249199867248535, 2630393.39709997177124, 2400.009399999995367 ], [ 4303722.995999813079834, 2630373.694799900054932, 2399.405100000003586 ], [ 4303733.742800235748291, 2630353.992199897766113, 2390.67269999999553 ], [ 4303739.116199970245361, 2630332.498700141906738, 2387.392099999997299 ], [ 4303744.48960018157959, 2630311.004899978637695, 2381.970199999996112 ], [ 4303757.923099994659424, 2630296.228000164031982, 2380.352599999998347 ], [ 4303771.35669994354248, 2630281.451200008392334, 2376.971499999999651 ], [ 4303784.790200233459473, 2630266.674300193786621, 2362.495699999999488 ], [ 4303798.223700046539307, 2630251.897500038146973, 2363.517500000001746 ], [ 4303815.687300205230713, 2630239.807300090789795, 2357.016300000002957 ], [ 4303833.150899887084961, 2630227.717100143432617, 2351.907099999996717 ], [ 4303850.614399909973145, 2630215.627099990844727, 2342.806100000001607 ], [ 4303868.078000068664551, 2630203.536900043487549, 2340.467499999998836 ], [ 4303881.511499881744385, 2630190.103300094604492, 2338.689400000002934 ], [ 4303894.945000171661377, 2630176.669899940490723, 2336.096900000004098 ], [ 4303908.378499984741211, 2630163.236199855804443, 2328.688500000003842 ], [ 4303921.811999797821045, 2630149.802700042724609, 2323.542400000005728 ], [ 4303940.618899822235107, 2630140.399300098419189, 2320.531199999997625 ], [ 4303959.425899982452393, 2630130.995800018310547, 2317.532600000005914 ], [ 4303978.232800006866455, 2630121.592400074005127, 2311.854999999995925 ], [ 4303997.039700031280518, 2630112.188899993896484, 2301.804199999998673 ], [ 4304016.742199897766113, 2630101.442100048065186, 2302.579500000007101 ], [ 4304036.444699764251709, 2630090.695300102233887, 2291.205600000001141 ], [ 4304056.147200107574463, 2630079.948500156402588, 2273.303299999999581 ], [ 4304070.47629976272583, 2630070.992800235748291, 2262.478600000002189 ], [ 4304084.805300235748291, 2630062.037199974060059, 2239.592999999993481 ], [ 4304099.134399890899658, 2630053.081399917602539, 2249.601500000004307 ], [ 4304117.941299915313721, 2630045.021399974822998, 2242.537500000005821 ], [ 4304136.748300075531006, 2630036.961299896240234, 2229.680999999996857 ], [ 4304155.555200099945068, 2630028.901199817657471, 2223.331999999994878 ], [ 4304174.362100124359131, 2630020.841000080108643, 2217.184800000002724 ], [ 4304189.138999938964844, 2630000.690700054168701, 2205.739300000001094 ], [ 4304203.915800094604492, 2629980.540500164031982, 2196.836100000000442 ], [ 4304218.692699909210205, 2629960.390299797058105, 2186.448199999998906 ], [ 4304233.469500064849854, 2629940.239999771118164, 2175.915800000002491 ], [ 4304244.216300010681152, 2629923.045000076293945, 2172.627299999992829 ], [ 4304254.963099956512451, 2629905.850200176239014, 2168.892399999996996 ], [ 4304265.710000038146973, 2629888.655200004577637, 2165.027700000006007 ], [ 4304276.456799983978271, 2629871.460400104522705, 2159.78519999999844 ], [ 4304287.20359992980957, 2629854.265399932861328, 2146.900599999993574 ], [ 4304300.935599803924561, 2629836.354100227355957, 2142.309200000003329 ], [ 4304314.667699813842773, 2629818.442800045013428, 2134.423299999994924 ], [ 4304328.399700164794922, 2629800.531499862670898, 2129.694199999998091 ], [ 4304342.131700038909912, 2629782.619999885559082, 2121.796000000002095 ], [ 4304355.863800048828125, 2629764.708700180053711, 2109.762300000002142 ], [ 4304369.595799922943115, 2629746.797299861907959, 2096.79660000000149 ], [ 4304383.327799797058105, 2629728.886000156402588, 2082.040299999993294 ], [ 4304397.059899806976318, 2629710.974699974060059, 2071.962100000004284 ], [ 4304410.791900157928467, 2629693.063399791717529, 2063.686499999996158 ], [ 4304426.144499778747559, 2629677.710700035095215, 2062.398400000005495 ], [ 4304441.497099876403809, 2629662.358200073242188, 2057.936300000001211 ], [ 4304456.849699974060059, 2629647.005499839782715, 2057.590400000000955 ], [ 4304472.202199935913086, 2629631.652999877929688, 2053.9568 ], [ 4304487.554800033569336, 2629616.300300121307373, 2047.134099999995669 ], [ 4304502.907400131225586, 2629600.947700023651123, 2041.274999999994179 ], [ 4304518.260000228881836, 2629585.595200061798096, 2028.919899999993504 ], [ 4304526.320099830627441, 2629568.131599903106689, 2026.161800000001676 ], [ 4304534.380300045013428, 2629550.668000221252441, 2019.76589999999851 ], [ 4304542.440400123596191, 2629533.204500198364258, 2013.94550000000163 ], [ 4304550.500500202178955, 2629515.741000175476074, 2004.496100000003935 ], [ 4304561.247300148010254, 2629495.590700149536133, 1997.588699999992969 ], [ 4304571.994100093841553, 2629475.440499782562256, 1994.180900000006659 ], [ 4304582.740900039672852, 2629455.290200233459473, 1984.6478000000061 ], [ 4304593.48769998550415, 2629435.139800071716309, 1977.768400000000838 ], [ 4304598.861100196838379, 2629410.959499835968018, 1977.743400000006659 ], [ 4304604.234499931335449, 2629386.779300212860107, 1971.301000000006752 ], [ 4304609.607900142669678, 2629362.598800182342529, 1959.854399999996531 ], [ 4304614.981299877166748, 2629338.418600082397461, 1944.278500000000349 ], [ 4304624.384799957275391, 2629316.925000190734863, 1949.314899999997579 ], [ 4304633.788300037384033, 2629295.431399822235107, 1938.733200000002398 ], [ 4304643.191699981689453, 2629273.937600135803223, 1929.0962 ], [ 4304652.595200061798096, 2629252.443999767303467, 1922.661200000002282 ], [ 4304666.02869987487793, 2629236.323800086975098, 1920.635099999999511 ], [ 4304679.462200164794922, 2629220.203700065612793, 1917.825700000001234 ], [ 4304692.895699977874756, 2629204.083300113677979, 1911.542700000005425 ], [ 4304706.32919979095459, 2629187.963099956512451, 1897.551000000006752 ], [ 4304723.524099826812744, 2629172.917699813842773, 1899.691200000001118 ], [ 4304740.718999862670898, 2629157.872000217437744, 1893.843299999993178 ], [ 4304757.913899898529053, 2629142.826600074768066, 1887.830100000006496 ], [ 4304775.108799934387207, 2629127.780900001525879, 1880.794800000003306 ], [ 4304792.303699970245361, 2629112.735499858856201, 1864.566500000000815 ], [ 4304811.110599994659424, 2629102.884300231933594, 1864.234800000005635 ], [ 4304829.917500019073486, 2629093.032899856567383, 1865.270900000003166 ], [ 4304848.724500179290771, 2629083.18179988861084, 1856.0193 ], [ 4304867.531400203704834, 2629073.330599784851074, 1851.678199999994831 ], [ 4304886.338300228118896, 2629063.479199886322021, 1850.71809999999823 ], [ 4304905.145199775695801, 2629053.628099918365479, 1840.294099999999162 ], [ 4304922.608799934387207, 2629042.88129997253418, 1837.451199999995879 ], [ 4304940.072299957275391, 2629032.134500026702881, 1835.270699999993667 ], [ 4304957.535900115966797, 2629021.387599945068359, 1828.822899999999208 ], [ 4304974.999499797821045, 2629010.640699863433838, 1817.444000000003143 ], [ 4304988.970399856567383, 2628992.371099948883057, 1809.025299999993877 ], [ 4305002.941199779510498, 2628974.101600170135498, 1808.229200000001583 ], [ 4305016.912099838256836, 2628955.832099914550781, 1798.207800000003772 ], [ 4305030.882900238037109, 2628937.562399864196777, 1790.975800000000163 ], [ 4305044.853799819946289, 2628919.292799949645996, 1781.282099999996717 ], [ 4305059.899300098419189, 2628902.098000049591064, 1773.969100000002072 ], [ 4305074.944900035858154, 2628884.902999877929688, 1766.252699999997276 ], [ 4305089.990399837493896, 2628867.708199977874756, 1757.100500000000466 ], [ 4305105.035999774932861, 2628850.513199806213379, 1744.58190000000468 ], [ 4305120.081500053405762, 2628833.318299770355225, 1732.136599999997998 ], [ 4305126.798299789428711, 2628814.511499881744385, 1727.8557 ], [ 4305133.514999866485596, 2628795.704500198364258, 1718.632299999997485 ], [ 4305140.231800079345703, 2628776.89769983291626, 1703.279800000003888 ], [ 4305146.948500156402588, 2628758.090799808502197, 1695.282800000000861 ], [ 4305157.695300102233887, 2628738.746500015258789, 1689.472899999993388 ], [ 4305168.442100048065186, 2628719.402299880981445, 1679.506299999993644 ], [ 4305179.189000129699707, 2628700.058000087738037, 1672.697899999999208 ], [ 4305189.935800075531006, 2628680.713699817657471, 1665.414499999998952 ], [ 4305200.682600021362305, 2628661.369400024414062, 1655.630199999999604 ], [ 4305200.682600021362305, 2628639.875899791717529, 1654.986799999998766 ], [ 4305200.682600021362305, 2628618.382100105285645, 1652.125899999999092 ], [ 4305200.682600021362305, 2628596.888500213623047, 1650.389200000005076 ] ] ] } },
{ "type": "Feature", "properties": { "OBJECT_ID": "RL26004670", "NEXTDOWNID": "RL26004674", "STRAHLER": 2, "Basin": "Rhine", "REX": "CH", "DFDD": "BH140", "RN_I_ID": null, "HYP": 1, "LOC": 44, "FUN": 6, "NVS": 5, "LENGTH": 1309.77001953125, "TR": "Z000372598", "LONGPATH": 1318090.25, "CUM_LEN": 10473.794921875, "PENTE": 6.2577133178710938, "CGNELIN": 260302382, "BEGLIFEVER": "2015-03-22T00:00:00", "ENDLIFEVER": null, "UPDAT_BY": "1", "UPDAT_WHEN": "2015-06-24T00:00:00", "ERM_ID": "UNK", "MC": 1, "MONOT_Z": 0, "LENGTH_GEO": 1309.7567790565704, "INSPIRE_ID": "EEA_EUHydro:RL26004670:2015-03-22", "thematicId": null, "TNODE": "NO26004720", "nameText": null, "CatchID": 76 }, "geometry": { "type": "MultiLineString", "coordinates": [ [ [ 4315327.702600002288818, 2629879.692599773406982, 1974.410000000003492 ], [ 4315313.702600002288818, 2629890.192699909210205, 1973.49210000000312 ], [ 4315299.702600002288818, 2629900.692800045013428, 1972.851800000004005 ], [ 4315277.856900215148926, 2629910.118299961090088, 1971.684299999993527 ], [ 4315256.011199951171875, 2629919.544000148773193, 1971.013200000001234 ], [ 4315234.165500164031982, 2629928.969600200653076, 1970.2783999999956 ], [ 4315212.319699764251709, 2629938.395299911499023, 1969.735899999999674 ], [ 4315190.473999977111816, 2629947.821000099182129, 1968.910799999997835 ], [ 4315168.628300189971924, 2629957.246600151062012, 1968.012199999997392 ], [ 4315146.782599925994873, 2629966.672200202941895, 1967.141799999997602 ], [ 4315129.499000072479248, 2629967.565199851989746, 1966.365600000004633 ], [ 4315112.215499877929688, 2629968.458199977874756, 1965.515100000004168 ], [ 4315094.931900024414062, 2629969.35129976272583, 1964.445099999997183 ], [ 4315083.855199813842773, 2629988.465499877929688, 1963.967399999994086 ], [ 4315072.778500080108643, 2630007.579800128936768, 1963.8466000000044 ], [ 4315061.701799869537354, 2630026.693999767303467, 1963.497199999997974 ], [ 4315052.637100219726562, 2630042.671999931335449, 1963.152600000001257 ], [ 4315043.572400093078613, 2630058.650000095367432, 1962.862099999998463 ], [ 4315034.507699966430664, 2630074.627999782562256, 1962.407200000001467 ], [ 4315013.839700222015381, 2630083.175700187683105, 1961.247499999997672 ], [ 4314993.171700000762939, 2630091.723499774932861, 1959.981799999994109 ], [ 4314972.503699779510498, 2630100.271200180053711, 1959.013600000005681 ], [ 4314951.835700035095215, 2630108.818999767303467, 1958.031499999997322 ], [ 4314931.167699813842773, 2630117.366899967193604, 1956.516699999992852 ], [ 4314910.49970006942749, 2630125.91450023651123, 1954.796000000002095 ], [ 4314889.831699848175049, 2630134.462399959564209, 1954.060400000002119 ], [ 4314875.194099903106689, 2630150.935800075531006, 1953.568100000004051 ], [ 4314860.55649995803833, 2630167.40910005569458, 1952.612899999992806 ], [ 4314845.918799877166748, 2630183.882599830627441, 1952.965299999996205 ], [ 4314831.281199932098389, 2630200.355999946594238, 1953.044200000003912 ], [ 4314828.388700008392334, 2630219.405700206756592, 1952.356299999999464 ], [ 4314825.496200084686279, 2630238.455599784851074, 1951.387199999997392 ], [ 4314833.355500221252441, 2630258.619999885559082, 1949.53070000000298 ], [ 4314841.214900016784668, 2630278.7846999168396, 1947.910499999998137 ], [ 4314849.07420015335083, 2630298.94920015335083, 1947.046900000001187 ], [ 4314834.710100173950195, 2630317.965499877929688, 1945.262000000002445 ], [ 4314820.345900058746338, 2630336.981800079345703, 1943.43399999999383 ], [ 4314805.981800079345703, 2630355.998099803924561, 1940.649600000004284 ], [ 4314791.617599964141846, 2630375.014400005340576, 1937.398100000005797 ], [ 4314777.253499984741211, 2630394.030700206756592, 1933.967000000004191 ], [ 4314776.402599811553955, 2630416.253200054168701, 1930.010500000003958 ], [ 4314775.551799774169922, 2630438.475699901580811, 1926.502699999997276 ], [ 4314774.700900077819824, 2630460.698200225830078, 1923.795899999997346 ], [ 4314760.25029993057251, 2630473.190700054168701, 1921.613500000006752 ], [ 4314745.799699783325195, 2630485.683300018310547, 1919.480500000005122 ], [ 4314723.838300228118896, 2630495.729599952697754, 1918.064400000002934 ], [ 4314701.876900196075439, 2630505.776000022888184, 1916.795199999993201 ], [ 4314679.91540002822876, 2630515.822199821472168, 1916.151700000002165 ], [ 4314657.953999996185303, 2630525.868400096893311, 1915.678499999994528 ], [ 4314646.857100009918213, 2630545.868400096893311, 1913.5288 ], [ 4314635.7600998878479, 2630565.868400096893311, 1910.619699999995646 ], [ 4314624.663199901580811, 2630585.868400096893311, 1904.02039999999397 ], [ 4314613.566299915313721, 2630605.868299961090088, 1899.262799999996787 ], [ 4314602.469299793243408, 2630625.868299961090088, 1900.35559999999532 ], [ 4314591.372399806976318, 2630645.868299961090088, 1899.021599999992759 ], [ 4314576.031499862670898, 2630660.259099960327148, 1897.939499999993131 ], [ 4314560.690499782562256, 2630674.650000095367432, 1897.17939999999362 ], [ 4314545.349599838256836, 2630689.04069995880127, 1894.982300000003306 ], [ 4314535.466400146484375, 2630708.594200134277344, 1894.098899999997229 ], [ 4314525.583300113677979, 2630728.147500038146973, 1893.268200000005891 ], [ 4314515.700099945068359, 2630747.700900077819824, 1892.448499999998603 ] ] ] } },
{ "type": "Feature", "properties": { "OBJECT_ID": "RL26004674", "NEXTDOWNID": "RL26004787", "STRAHLER": 2, "Basin": "Rhine", "REX": "CH", "DFDD": "BH140", "RN_I_ID": null, "HYP": 1, "LOC": 44, "FUN": 6, "NVS": 5, "LENGTH": 295.79998779296875, "TR": "Z000372568", "LONGPATH": 1316780.5, "CUM_LEN": 12876.641601562498, "PENTE": 5.6152172088623056, "CGNELIN": 260302382, "BEGLIFEVER": "2015-03-22T00:00:00", "ENDLIFEVER": null, "UPDAT_BY": "1", "UPDAT_WHEN": "2015-06-24T00:00:00", "ERM_ID": "UNK", "MC": 1, "MONOT_Z": 0, "LENGTH_GEO": 295.75250799277012, "INSPIRE_ID": "EEA_EUHydro:RL26004674:2015-03-22", "thematicId": null, "TNODE": "NO26004724", "nameText": null, "CatchID": 76 }, "geometry": { "type": "MultiLineString", "coordinates": [ [ [ 4314515.700099945068359, 2630747.700900077819824, 1892.448499999998603 ], [ 4314494.700099945068359, 2630754.701000213623047, 1890.12840000000142 ], [ 4314473.699999809265137, 2630761.701200008392334, 1887.693199999994249 ], [ 4314452.699999809265137, 2630768.701200008392334, 1886.064199999993434 ], [ 4314431.699900150299072, 2630775.701200008392334, 1884.799299999998766 ], [ 4314421.83459997177124, 2630793.511899948120117, 1883.768100000001141 ], [ 4314411.969399929046631, 2630811.322299957275391, 1882.524499999999534 ], [ 4314402.104100227355957, 2630829.132900238037109, 1881.922399999995832 ], [ 4314384.697100162506104, 2630843.289400100708008, 1880.327900000003865 ], [ 4314367.29010009765625, 2630857.445700168609619, 1879.315400000006775 ], [ 4314349.883100032806396, 2630871.602099895477295, 1878.447299999999814 ], [ 4314332.476099967956543, 2630885.758600234985352, 1877.314100000003236 ], [ 4314315.069099903106689, 2630899.914899826049805, 1876.316200000001118 ], [ 4314306.884300231933594, 2630914.808899879455566, 1875.938500000003842 ], [ 4314298.699399948120117, 2630929.702799797058105, 1875.838799999997718 ] ] ] } },
{ "type": "Feature", "properties": { "OBJECT_ID": "RL26004677", "NEXTDOWNID": "RL26004519", "STRAHLER": 1, "Basin": "Rhine", "REX": "CH", "DFDD": "BH140", "RN_I_ID": null, "HYP": 1, "LOC": 44, "FUN": 6, "NVS": 5, "LENGTH": 3329.85009765625, "TR": "Z000372655", "LONGPATH": 1308609.125, "CUM_LEN": 3329.846923828125, "PENTE": 18.03242301940918, "CGNELIN": 260302405, "BEGLIFEVER": "2015-03-22T00:00:00", "ENDLIFEVER": null, "UPDAT_BY": "1", "UPDAT_WHEN": "2015-06-24T00:00:00", "ERM_ID": "UNK", "MC": 1, "MONOT_Z": 0, "LENGTH_GEO": 3330.25936381067, "INSPIRE_ID": "EEA_EUHydro:RL26004677:2015-03-22", "thematicId": null, "TNODE": "NO26004571", "nameText": null, "CatchID": 76 }, "geometry": { "type": "MultiLineString", "coordinates": [ [ [ 4302250.682799816131592, 2631004.174200057983398, 2521.386499999993248 ], [ 4302269.489699840545654, 2630993.427499771118164, 2514.48080000000482 ], [ 4302288.296700000762939, 2630982.680699825286865, 2507.733099999997648 ], [ 4302307.103600025177002, 2630971.933899879455566, 2501.858900000006543 ], [ 4302325.910500049591064, 2630961.187099933624268, 2495.864799999995739 ], [ 4302343.821899890899658, 2630946.857900142669678, 2490.567699999999604 ], [ 4302361.733200073242188, 2630932.528800010681152, 2485.816800000000512 ], [ 4302379.644599914550781, 2630918.199699878692627, 2483.263099999996484 ], [ 4302393.973700046539307, 2630902.079500198364258, 2479.999500000005355 ], [ 4302408.302800178527832, 2630885.95930004119873, 2476.490799999999581 ], [ 4302422.631899833679199, 2630869.839099884033203, 2474.101500000004307 ], [ 4302436.960899829864502, 2630853.718800067901611, 2470.509999999994761 ], [ 4302451.289999961853027, 2630837.598599910736084, 2468.108800000001793 ], [ 4302465.619100093841553, 2630821.478499889373779, 2466.00109999999404 ], [ 4302475.022600173950195, 2630799.984799861907959, 2462.560500000006869 ], [ 4302484.426000118255615, 2630778.491199970245361, 2458.294500000003609 ], [ 4302493.829500198364258, 2630756.997700214385986, 2453.083700000002864 ], [ 4302503.232900142669678, 2630735.50409984588623, 2447.777100000006612 ], [ 4302513.979700088500977, 2630715.801499843597412, 2442.108699999997043 ], [ 4302524.726500034332275, 2630696.099100112915039, 2438.041700000001583 ], [ 4302535.473299980163574, 2630676.396599769592285, 2433.927400000000489 ], [ 4302538.159999847412109, 2630657.589700222015381, 2430.070099999997183 ], [ 4302540.846799850463867, 2630638.782800197601318, 2426.842799999998533 ], [ 4302543.533500194549561, 2630619.975800037384033, 2423.067800000004354 ], [ 4302546.220200061798096, 2630601.168799877166748, 2419.748399999996764 ], [ 4302549.802499771118164, 2630583.257599830627441, 2417.163499999995111 ], [ 4302553.384699821472168, 2630565.346199989318848, 2415.26249999999709 ], [ 4302556.967000007629395, 2630547.434899806976318, 2413.524300000004587 ], [ 4302562.340400218963623, 2630531.314599990844727, 2411.964500000001863 ], [ 4302567.713799953460693, 2630515.194300174713135, 2410.310500000006869 ], [ 4302573.087200164794922, 2630499.07420015335083, 2408.80909999999858 ], [ 4302573.087200164794922, 2630481.162700176239014, 2406.297300000005635 ], [ 4302573.087200164794922, 2630463.251399993896484, 2403.564899999997579 ], [ 4302573.087200164794922, 2630445.340000152587891, 2401.591700000004494 ], [ 4302562.340400218963623, 2630429.219900131225586, 2398.0396999999939 ], [ 4302551.593599796295166, 2630413.099699974060059, 2395.509799999999814 ], [ 4302540.846799850463867, 2630396.979400157928467, 2393.489199999996345 ], [ 4302539.055600166320801, 2630373.694600105285645, 2391.349700000006123 ], [ 4302537.264500141143799, 2630350.409999847412109, 2389.317800000004354 ], [ 4302535.473299980163574, 2630327.125100135803223, 2387.751300000003539 ], [ 4302548.011300086975098, 2630305.631499767303467, 2385.715800000005402 ], [ 4302560.549200057983398, 2630284.138000011444092, 2382.427500000005239 ], [ 4302573.087200164794922, 2630262.644400119781494, 2380.353400000007241 ], [ 4302578.460599899291992, 2630242.941800117492676, 2376.932100000005448 ], [ 4302583.834000110626221, 2630223.239299774169922, 2374.06590000000142 ], [ 4302589.207399845123291, 2630203.536900043487549, 2370.611199999999371 ], [ 4302589.207399845123291, 2630184.730000019073486, 2366.834799999996903 ], [ 4302589.207399845123291, 2630165.923099994659424, 2364.606299999999464 ], [ 4302602.640900135040283, 2630148.459400177001953, 2361.824800000002142 ], [ 4302616.07450008392334, 2630130.99590015411377, 2358.432000000000698 ], [ 4302629.507999897003174, 2630113.532400131225586, 2355.604099999996834 ], [ 4302642.941500186920166, 2630096.06879997253418, 2353.132599999997183 ], [ 4302655.479400157928467, 2630074.575099945068359, 2349.563099999999395 ], [ 4302668.017399787902832, 2630053.081399917602539, 2345.852499999993597 ], [ 4302680.555300235748291, 2630031.587800025939941, 2343.226699999999255 ], [ 4302689.511000156402588, 2630017.258699893951416, 2340.579299999997602 ], [ 4302698.466599941253662, 2630002.929699897766113, 2339.269700000004377 ], [ 4302707.422299861907959, 2629988.600699901580811, 2337.349700000006123 ], [ 4302724.885900020599365, 2629972.480400085449219, 2334.662299999996321 ], [ 4302742.349500179290771, 2629956.360300064086914, 2331.348400000002584 ], [ 4302759.813000202178955, 2629940.239999771118164, 2328.235499999995227 ], [ 4302777.276599884033203, 2629924.119699954986572, 2325.077399999994668 ], [ 4302797.426899909973145, 2629909.342899799346924, 2321.440199999997276 ], [ 4302817.577199935913086, 2629894.565899848937988, 2318.701700000005076 ], [ 4302837.727399826049805, 2629879.789199829101562, 2316.362299999993411 ], [ 4302857.877699851989746, 2629865.012199878692627, 2314.18760000000475 ], [ 4302876.684599876403809, 2629855.161099910736084, 2312.470000000001164 ], [ 4302895.491499900817871, 2629845.309700012207031, 2310.887300000002142 ], [ 4302914.298500061035156, 2629835.458499908447266, 2308.692299999995157 ], [ 4302933.105400085449219, 2629825.607399940490723, 2305.466799999994691 ], [ 4302951.912300109863281, 2629815.75600004196167, 2300.998500000001513 ], [ 4302970.719200134277344, 2629805.904799938201904, 2296.690300000002026 ], [ 4302992.212800025939941, 2629798.740300178527832, 2293.079800000006799 ], [ 4303013.706500053405762, 2629791.575699806213379, 2289.345900000000256 ], [ 4303035.200099945068359, 2629784.411200046539307, 2286.419200000003912 ], [ 4303058.484799861907959, 2629782.619999885559082, 2281.859800000005635 ], [ 4303081.769599914550781, 2629780.82889986038208, 2276.789900000003399 ], [ 4303105.054299831390381, 2629779.037700176239014, 2269.62960000000021 ], [ 4303126.547900199890137, 2629775.813700199127197, 2263.8557 ], [ 4303148.041600227355957, 2629772.589700222015381, 2259.201199999995879 ], [ 4303169.535200119018555, 2629769.365600109100342, 2254.602599999998347 ], [ 4303191.028900146484375, 2629766.141499996185303, 2249.483399999997346 ], [ 4303212.522500038146973, 2629762.917600154876709, 2244.203999999997905 ], [ 4303228.6427001953125, 2629752.17080020904541, 2238.418900000004214 ], [ 4303244.762899875640869, 2629741.423999786376953, 2232.789300000004005 ], [ 4303260.883100032806396, 2629730.677199840545654, 2228.785799999997835 ], [ 4303274.31659984588623, 2629717.243599891662598, 2224.508700000005774 ], [ 4303287.750199794769287, 2629703.810200214385986, 2220.578899999993155 ], [ 4303301.183700084686279, 2629690.376599788665771, 2218.189700000002631 ], [ 4303314.617199897766113, 2629676.942999839782715, 2215.446200000005774 ], [ 4303325.363999843597412, 2629655.44950008392334, 2212.678899999998976 ], [ 4303336.110799789428711, 2629633.955900192260742, 2209.554900000002817 ], [ 4303346.857600212097168, 2629612.462200164794922, 2206.981700000003912 ], [ 4303352.230999946594238, 2629588.281899929046631, 2202.20350000000326 ], [ 4303357.604400157928467, 2629564.101699829101562, 2197.779200000004494 ], [ 4303362.977799892425537, 2629539.921199798583984, 2191.377999999996973 ], [ 4303368.351200103759766, 2629515.741000175476074, 2185.773100000005797 ], [ 4303367.276500225067139, 2629494.247399806976318, 2180.627699999997276 ], [ 4303366.201799869537354, 2629472.753799915313721, 2176.104399999996531 ], [ 4303365.127200126647949, 2629451.260000228881836, 2170.962599999998929 ], [ 4303364.052499771118164, 2629429.76639986038208, 2165.336100000000442 ], [ 4303362.977799892425537, 2629408.272900104522705, 2160.329700000002049 ], [ 4303362.977799892425537, 2629386.779300212860107, 2155.469200000006822 ], [ 4303362.977799892425537, 2629365.285500049591064, 2151.72609999999986 ], [ 4303362.977799892425537, 2629343.791900157928467, 2146.006999999997788 ], [ 4303362.977799892425537, 2629322.298299789428711, 2140.66370000000461 ], [ 4303369.694600105285645, 2629299.461400032043457, 2134.373699999996461 ], [ 4303376.411300182342529, 2629276.62440013885498, 2127.499299999995856 ], [ 4303383.128099918365479, 2629253.787399768829346, 2119.16710000000603 ], [ 4303389.844799995422363, 2629230.950500011444092, 2109.68739999999525 ], [ 4303401.934999942779541, 2629209.456900119781494, 2103.411600000006729 ], [ 4303414.025199890136719, 2629187.963300228118896, 2098.989799999995739 ], [ 4303426.115300178527832, 2629166.469500064849854, 2095.553499999994528 ], [ 4303438.20550012588501, 2629144.975900173187256, 2090.537400000001071 ], [ 4303453.250999927520752, 2629127.24370002746582, 2088.493900000001304 ], [ 4303468.296599864959717, 2629109.511499881744385, 2085.810500000006869 ], [ 4303483.342100143432617, 2629091.779300212860107, 2083.626499999998487 ], [ 4303498.387700080871582, 2629074.046999931335449, 2079.27730000000156 ], [ 4303513.433199882507324, 2629056.314700126647949, 2072.182100000005448 ], [ 4303528.478700160980225, 2629038.582499980926514, 2065.590800000005402 ], [ 4303543.524300098419189, 2629020.850200176239014, 2059.46129999999539 ], [ 4303558.569799900054932, 2629003.118100166320801, 2053.09769999999844 ], [ 4303573.615399837493896, 2628985.385799884796143, 2047.157200000001467 ], [ 4303588.660900115966797, 2628967.653500080108643, 2042.092900000003283 ], [ 4303606.79610013961792, 2628952.204999923706055, 2037.825899999996182 ], [ 4303624.931399822235107, 2628936.756499767303467, 2032.915200000003097 ], [ 4303643.06659984588623, 2628921.308000087738037, 2028.392500000001746 ], [ 4303661.201900005340576, 2628905.859499931335449, 2023.841700000004494 ], [ 4303679.337100028991699, 2628890.410900115966797, 2020.435800000006566 ], [ 4303697.472300052642822, 2628874.962399959564209, 2017.089200000002165 ], [ 4303715.607600212097168, 2628859.513700008392334, 2011.391600000002654 ], [ 4303733.742800235748291, 2628844.065199851989746, 2005.50449999999546 ], [ 4303750.937699794769287, 2628833.31850004196167, 2000.841799999994691 ], [ 4303768.132599830627441, 2628822.571599960327148, 1997.551800000001094 ], [ 4303785.327499866485596, 2628811.824699878692627, 1993.462499999994179 ], [ 4303802.52239990234375, 2628801.077899932861328, 1990.368000000002212 ], [ 4303819.717299938201904, 2628790.331099987030029, 1986.373699999996461 ], [ 4303841.210899829864502, 2628779.58430004119873, 1981.323300000003655 ], [ 4303862.704599857330322, 2628768.837600231170654, 1975.795199999993201 ], [ 4303884.198200225830078, 2628758.090799808502197, 1970.801900000005844 ], [ 4303902.109499931335449, 2628747.343999862670898, 1964.654699999999139 ], [ 4303920.020899772644043, 2628736.597099781036377, 1957.935500000006869 ], [ 4303937.932199954986572, 2628725.850200176239014, 1953.376300000003539 ], [ 4303949.753699779510498, 2628707.580599784851074, 1948.862099999998463 ], [ 4303961.575200080871582, 2628689.311100006103516, 1944.387799999996787 ], [ 4303973.396699905395508, 2628671.041600227355957, 1941.247700000007171 ], [ 4303985.218200206756592, 2628652.771900177001953, 1937.084300000002258 ], [ 4303997.039700031280518, 2628634.502299785614014, 1933.901299999997718 ], [ 4304013.159900188446045, 2628621.606200218200684, 1930.46129999999539 ], [ 4304029.280099868774414, 2628608.710000038146973, 1927.832999999998719 ], [ 4304045.400400161743164, 2628595.813799858093262, 1925.718699999997625 ], [ 4304061.520599842071533, 2628582.917699813842773, 1922.820200000001932 ], [ 4304077.640799999237061, 2628570.021599769592285, 1920.934399999998277 ] ] ] } },
{ "type": "Feature", "properties": { "OBJECT_ID": "RL26004678", "NEXTDOWNID": "RL26004653", "STRAHLER": 4, "Basin": "Rhine", "REX": "CH", "DFDD": "BH140", "RN_I_ID": null, "HYP": 1, "LOC": 44, "FUN": 6, "NVS": 5, "LENGTH": 803.8699951171875, "TR": "Z000372567", "LONGPATH": 1307651.5, "CUM_LEN": 70827.2421875, "PENTE": 0.42401212453842202, "CGNELIN": 260200588, "BEGLIFEVER": "2015-03-22T00:00:00", "ENDLIFEVER": null, "UPDAT_BY": "1", "UPDAT_WHEN": "2015-06-24T00:00:00", "ERM_ID": "UNK", "MC": 1, "MONOT_Z": 0, "LENGTH_GEO": 804.02070592756274, "INSPIRE_ID": "EEA_EUHydro:RL26004678:2015-03-22", "thematicId": null, "TNODE": "NO26004705", "nameText": null, "CatchID": 76 }, "geometry": { "type": "MultiLineString", "coordinates": [ [ [ 4307639.645199775695801, 2631146.48360013961792, 1539.478600000002189 ], [ 4307628.079500198364258, 2631124.508800029754639, 1539.485300000000279 ], [ 4307616.513800144195557, 2631102.533899784088135, 1539.412500000005821 ], [ 4307604.948100090026855, 2631080.559100151062012, 1539.454599999997299 ], [ 4307593.382400035858154, 2631058.58430004119873, 1539.279299999994691 ], [ 4307581.816699981689453, 2631036.609499931335449, 1538.789000000004307 ], [ 4307567.359600067138672, 2631023.598000049591064, 1538.48399999999674 ], [ 4307552.902400016784668, 2631010.586599826812744, 1538.340800000005402 ], [ 4307538.445300102233887, 2630997.575099945068359, 1538.315300000002026 ], [ 4307523.988100051879883, 2630984.563700199127197, 1538.218900000007125 ], [ 4307508.085299968719482, 2630970.106599807739258, 1537.839500000001863 ], [ 4307492.182400226593018, 2630955.649400234222412, 1537.488500000006752 ], [ 4307476.279600143432617, 2630941.192399978637695, 1537.515700000003562 ], [ 4307460.376699924468994, 2630926.735099792480469, 1537.358099999997648 ], [ 4307450.256700038909912, 2630906.495200157165527, 1537.179799999998068 ], [ 4307440.13670015335083, 2630886.255199909210205, 1537.188699999998789 ], [ 4307430.01669979095459, 2630866.015200138092041, 1537.288000000000466 ], [ 4307419.896699905395508, 2630845.775100231170654, 1537.281600000002072 ], [ 4307403.993899822235107, 2630828.426599979400635, 1537.547600000005332 ], [ 4307388.091000080108643, 2630811.078000068664551, 1537.118300000001909 ], [ 4307372.188199996948242, 2630793.729400157928467, 1537.37949999999546 ], [ 4307356.285299777984619, 2630776.38100004196167, 1537.342300000003888 ], [ 4307338.936800003051758, 2630759.032400131225586, 1536.976599999994505 ], [ 4307321.588200092315674, 2630741.683899879455566, 1537.094899999996414 ], [ 4307304.239699840545654, 2630724.335299968719482, 1537.383199999996577 ], [ 4307286.89109992980957, 2630706.986700057983398, 1538.079199999992852 ], [ 4307272.434000015258789, 2630691.565700054168701, 1537.583499999993364 ], [ 4307257.976799964904785, 2630676.144700050354004, 1537.065400000006775 ], [ 4307243.519700050354004, 2630660.723800182342529, 1536.64879999999539 ], [ 4307229.0625, 2630645.302800178527832, 1536.286800000001676 ], [ 4307214.605299949645996, 2630629.881899833679199, 1536.076799999995274 ], [ 4307200.148200035095215, 2630614.460899829864502, 1536.114600000000792 ], [ 4307185.112800121307373, 2630599.42549991607666, 1536.205400000006193 ], [ 4307170.077400207519531, 2630584.390200138092041, 1536.538799999994808 ], [ 4307155.041900157928467, 2630569.354599952697754, 1536.840299999996205 ], [ 4307140.006499767303467, 2630554.319200038909912, 1537.329599999997299 ], [ 4307124.971099853515625, 2630539.283899784088135, 1536.932499999995343 ] ] ] } },
{ "type": "Feature", "properties": { "OBJECT_ID": "RL26004693", "NEXTDOWNID": "RL26004670", "STRAHLER": 1, "Basin": "Rhine", "REX": "CH", "DFDD": "BH140", "RN_I_ID": null, "HYP": 1, "LOC": 44, "FUN": 6, "NVS": 5, "LENGTH": 2271.280029296875, "TR": "Z000372656", "LONGPATH": 1320361.5, "CUM_LEN": 2271.279296875, "PENTE": 29.309492111206055, "CGNELIN": 260403444, "BEGLIFEVER": "2015-03-22T00:00:00", "ENDLIFEVER": null, "UPDAT_BY": "1", "UPDAT_WHEN": "2015-06-24T00:00:00", "ERM_ID": "UNK", "MC": 1, "MONOT_Z": 0, "LENGTH_GEO": 2271.657618953082, "INSPIRE_ID": "EEA_EUHydro:RL26004693:2015-03-22", "thematicId": null, "TNODE": "NO26004666", "nameText": null, "CatchID": 76 }, "geometry": { "type": "MultiLineString", "coordinates": [ [ [ 4316636.706699848175049, 2631510.708399772644043, 2640.110400000005029 ], [ 4316623.47599983215332, 2631490.305600166320801, 2632.840500000005704 ], [ 4316610.245299816131592, 2631469.902599811553955, 2626.1057 ], [ 4316597.014599800109863, 2631449.499899864196777, 2611.142999999996391 ], [ 4316583.783899784088135, 2631429.09689998626709, 2596.330900000000838 ], [ 4316570.553299903869629, 2631408.693999767303467, 2595.564499999993131 ], [ 4316557.3225998878479, 2631388.290999889373779, 2594.230899999995017 ], [ 4316544.091899871826172, 2631367.888299942016602, 2588.575700000001234 ], [ 4316530.861199855804443, 2631347.485499858856201, 2583.716000000000349 ], [ 4316517.630499839782715, 2631327.082499980926514, 2579.455600000001141 ], [ 4316520.502799987792969, 2631303.128499984741211, 2578.110000000000582 ], [ 4316523.375199794769287, 2631279.174600124359131, 2577.566099999996368 ], [ 4316526.247499942779541, 2631255.220699787139893, 2577.019899999999325 ], [ 4316529.119800090789795, 2631231.26669979095459, 2574.387199999997392 ], [ 4316531.992199897766113, 2631207.31279993057251, 2569.80909999999858 ], [ 4316534.864500045776367, 2631183.358799934387207, 2562.914300000004005 ], [ 4316526.645400047302246, 2631162.876100063323975, 2557.748099999997066 ], [ 4316518.426400184631348, 2631142.393499851226807, 2548.2693 ], [ 4316510.207300186157227, 2631121.910999774932861, 2539.628700000001118 ], [ 4316501.988200187683105, 2631101.428299903869629, 2530.531000000002678 ], [ 4316493.769100189208984, 2631080.945700168609619, 2517.815100000007078 ], [ 4316485.550099849700928, 2631060.462900161743164, 2496.751300000003539 ], [ 4316477.330999851226807, 2631039.980199813842773, 2496.28179999999702 ], [ 4316469.111899852752686, 2631019.497700214385986, 2496.486699999994016 ], [ 4316455.422599792480469, 2630999.722799777984619, 2494.553299999999581 ], [ 4316441.733200073242188, 2630979.948200225830078, 2489.708700000002864 ], [ 4316428.043900012969971, 2630960.173299789428711, 2484.8799 ], [ 4316414.354499816894531, 2630940.398600101470947, 2479.501600000003236 ], [ 4316400.665200233459473, 2630920.623799800872803, 2474.642500000001746 ], [ 4316393.592800140380859, 2630897.629199981689453, 2471.963000000003376 ], [ 4316386.520400047302246, 2630874.634600162506104, 2468.70690000000468 ], [ 4316379.447999954223633, 2630851.639800071716309, 2462.186499999996158 ], [ 4316372.37559986114502, 2630828.645299911499023, 2451.422300000005635 ], [ 4316365.303199768066406, 2630805.650499820709229, 2439.24550000000454 ], [ 4316355.636799812316895, 2630785.170700073242188, 2436.097099999999045 ], [ 4316345.970300197601318, 2630764.690700054168701, 2426.101500000004307 ], [ 4316336.303899765014648, 2630744.210899829864502, 2405.5962 ], [ 4316326.637499809265137, 2630723.731100082397461, 2400.197400000004563 ], [ 4316316.971000194549561, 2630703.251100063323975, 2387.166899999996531 ], [ 4316307.304599761962891, 2630682.771200180053711, 2372.293399999995017 ], [ 4316294.362299919128418, 2630663.1774001121521, 2368.721900000004098 ], [ 4316281.420000076293945, 2630643.583300113677979, 2362.080400000006193 ], [ 4316268.477799892425537, 2630623.989500045776367, 2356.397200000006706 ], [ 4316255.535500049591064, 2630604.395599842071533, 2351.417000000001281 ], [ 4316242.593200206756592, 2630584.801499843597412, 2345.484899999995832 ], [ 4316229.650899887084961, 2630565.207600116729736, 2337.629700000004959 ], [ 4316216.708700180053711, 2630545.613800048828125, 2328.819900000002235 ], [ 4316203.76639986038208, 2630526.019700050354004, 2317.689599999997881 ], [ 4316190.824100017547607, 2630506.425899982452393, 2300.558199999999488 ], [ 4316187.85230016708374, 2630482.654500007629395, 2298.01249999999709 ], [ 4316184.880499839782715, 2630458.883200168609619, 2296.215800000005402 ], [ 4316181.908699989318848, 2630435.111800193786621, 2296.067699999999604 ], [ 4316178.93690013885498, 2630411.340499877929688, 2295.447700000004261 ], [ 4316161.409599781036377, 2630398.770500183105469, 2295.023700000005192 ], [ 4316143.882299900054932, 2630386.200500011444092, 2291.101299999994808 ], [ 4316121.454500198364258, 2630382.629899978637695, 2286.415800000002491 ], [ 4316099.026800155639648, 2630379.059400081634521, 2281.073000000003958 ], [ 4316076.598999977111816, 2630375.488900184631348, 2274.762700000006589 ], [ 4316054.171299934387207, 2630371.918200016021729, 2267.816600000005565 ], [ 4316031.743500232696533, 2630368.347799777984619, 2261.395300000003772 ], [ 4316009.825200080871582, 2630358.828000068664551, 2257.120699999999488 ], [ 4315987.906899929046631, 2630349.308199882507324, 2251.590200000006007 ], [ 4315965.98859977722168, 2630339.788400173187256, 2246.463699999992969 ], [ 4315944.070300102233887, 2630330.268599987030029, 2242.127099999997881 ], [ 4315922.151999950408936, 2630320.748899936676025, 2237.558099999994738 ], [ 4315900.233699798583984, 2630311.229100227355957, 2232.665999999997439 ], [ 4315878.315400123596191, 2630301.70930004119873, 2220.994399999995949 ], [ 4315856.39709997177124, 2630292.189599990844727, 2200.671100000006845 ], [ 4315834.478799819946289, 2630282.6697998046875, 2195.713499999998021 ], [ 4315818.279600143432617, 2630265.447100162506104, 2194.296000000002095 ], [ 4315802.080399990081787, 2630248.224400043487549, 2189.18289999999979 ], [ 4315785.881100177764893, 2630231.001599788665771, 2177.793900000004214 ], [ 4315769.681900024414062, 2630213.779099941253662, 2175.271699999997509 ], [ 4315753.482699871063232, 2630196.556399822235107, 2164.696899999995367 ], [ 4315737.283500194549561, 2630179.333600044250488, 2154.418499999999767 ], [ 4315721.084199905395508, 2630162.110899925231934, 2144.460800000000745 ], [ 4315704.885000228881836, 2630144.888199806213379, 2107.031499999997322 ], [ 4315683.943099975585938, 2630135.282800197601318, 2095.525899999993271 ], [ 4315663.001299858093262, 2630125.677199840545654, 2093.438899999993737 ], [ 4315642.059400081634521, 2630116.071599960327148, 2091.949600000007194 ], [ 4315624.067999839782715, 2630102.997200012207031, 2088.886100000003353 ], [ 4315606.076499938964844, 2630089.922900199890137, 2082.686000000001513 ], [ 4315588.085100173950195, 2630076.848400115966797, 2070.094899999996414 ], [ 4315570.093599796295166, 2630063.77400016784668, 2048.157000000006519 ], [ 4315552.102200031280518, 2630050.69950008392334, 2039.392099999997299 ], [ 4315538.266200065612793, 2630029.911200046539307, 2032.818199999994249 ], [ 4315524.430099964141846, 2630009.122799873352051, 2010.487800000002608 ], [ 4315510.594099998474121, 2629988.334499835968018, 1995.22269999999844 ], [ 4315496.757999897003174, 2629967.546199798583984, 1997.057400000005146 ], [ 4315482.921999931335449, 2629946.757900238037109, 1992.920400000002701 ], [ 4315469.085899829864502, 2629925.969500064849854, 1989.197199999995064 ], [ 4315455.249899864196777, 2629905.18120002746582, 1984.096300000004703 ], [ 4315430.585100173950195, 2629902.356800079345703, 1981.541100000002189 ], [ 4315405.920199871063232, 2629899.532199859619141, 1978.621799999993527 ], [ 4315381.25540018081665, 2629896.707600116729736, 1977.046300000001793 ], [ 4315356.590499877929688, 2629893.883200168609619, 1975.857799999997951 ], [ 4315342.146599769592285, 2629886.787700176239014, 1975.035900000002584 ], [ 4315327.702600002288818, 2629879.692599773406982, 1974.410000000003492 ] ] ] } },
{ "type": "Feature", "properties": { "OBJECT_ID": "RL26004696", "NEXTDOWNID": "RL26004697", "STRAHLER": 1, "Basin": "Rhine", "REX": "CH", "DFDD": "BH140", "RN_I_ID": null, "HYP": 1, "LOC": 44, "FUN": 6, "NVS": 5, "LENGTH": 1732.9599609375, "TR": "Z000372439", "LONGPATH": 1310342.75, "CUM_LEN": 1732.9644775390625, "PENTE": 27.307449340820312, "CGNELIN": 260302386, "BEGLIFEVER": "2015-03-22T00:00:00", "ENDLIFEVER": null, "UPDAT_BY": "1", "UPDAT_WHEN": "2015-06-24T00:00:00", "ERM_ID": "UNK", "MC": 1, "MONOT_Z": 0, "LENGTH_GEO": 1731.8164683659563, "INSPIRE_ID": "EEA_EUHydro:RL26004696:2015-03-22", "thematicId": null, "TNODE": "NO26004746", "nameText": null, "CatchID": 76 }, "geometry": { "type": "MultiLineString", "coordinates": [ [ [ 4303984.902900218963623, 2631131.271699905395508, 2426.696800000005169 ], [ 4303998.115900039672852, 2631142.28249979019165, 2419.456399999995483 ], [ 4304011.32889986038208, 2631153.293200016021729, 2405.98410000000149 ], [ 4304024.541900157928467, 2631164.303999900817871, 2399.045100000003004 ], [ 4304042.159200191497803, 2631164.303999900817871, 2398.357099999993807 ], [ 4304059.776599884033203, 2631164.303999900817871, 2396.846900000004098 ], [ 4304077.393899917602539, 2631164.303999900817871, 2386.83520000000135 ], [ 4304100.516600131988525, 2631164.303999900817871, 2379.912200000006123 ], [ 4304123.639400005340576, 2631164.303999900817871, 2377.125599999999395 ], [ 4304146.762199878692627, 2631164.303999900817871, 2370.99210000000312 ], [ 4304169.884900093078613, 2631164.303999900817871, 2365.799199999994016 ], [ 4304187.502200126647949, 2631170.910500049591064, 2365.982600000003004 ], [ 4304205.119500160217285, 2631177.517000198364258, 2362.448499999998603 ], [ 4304222.736800193786621, 2631184.123600006103516, 2358.918600000004517 ], [ 4304231.545499801635742, 2631206.145299911499023, 2358.096999999994296 ], [ 4304240.354100227355957, 2631228.166800022125244, 2355.701100000005681 ], [ 4304249.162799835205078, 2631250.188499927520752, 2348.806400000001304 ], [ 4304264.027400016784668, 2631263.401500225067139, 2344.11250000000291 ], [ 4304278.892099857330322, 2631276.614500045776367, 2337.291700000001583 ], [ 4304293.756700038909912, 2631289.827600002288818, 2326.633600000001024 ], [ 4304308.621300220489502, 2631303.040500164031982, 2309.996899999998277 ], [ 4304325.137599945068359, 2631303.040500164031982, 2303.441600000005565 ], [ 4304341.653800010681152, 2631303.040500164031982, 2299.903999999994994 ], [ 4304363.67549991607666, 2631305.242800235748291, 2296.510299999994459 ], [ 4304385.697100162506104, 2631307.444900035858154, 2285.728499999997439 ], [ 4304407.718800067901611, 2631309.646999835968018, 2272.381800000002841 ], [ 4304429.189899921417236, 2631311.298699855804443, 2268.358500000002095 ], [ 4304450.660999774932861, 2631312.950399875640869, 2265.439799999992829 ], [ 4304472.132100105285645, 2631314.601900100708008, 2259.372300000002724 ], [ 4304493.60319995880127, 2631316.253499984741211, 2253.22280000000319 ], [ 4304517.827000141143799, 2631316.253499984741211, 2251.069699999992736 ], [ 4304542.050899982452393, 2631316.253499984741211, 2243.119900000005146 ], [ 4304566.274700164794922, 2631316.253499984741211, 2230.532000000006519 ], [ 4304581.689899921417236, 2631331.668799877166748, 2231.224199999996927 ], [ 4304597.105000019073486, 2631347.083899974822998, 2221.287299999996321 ], [ 4304612.520199775695801, 2631362.499000072479248, 2196.57060000000638 ], [ 4304627.935299873352051, 2631373.509799957275391, 2202.098400000002584 ], [ 4304643.350500106811523, 2631384.520699977874756, 2195.263399999996182 ], [ 4304658.765600204467773, 2631395.531499862670898, 2190.324200000002747 ], [ 4304678.585100173950195, 2631398.834700107574463, 2185.449600000007194 ], [ 4304698.404600143432617, 2631402.138000011444092, 2178.038100000005215 ], [ 4304718.224100112915039, 2631405.441299915313721, 2167.476299999994808 ], [ 4304738.043600082397461, 2631408.744400024414062, 2149.593500000002678 ], [ 4304758.964200019836426, 2631408.744400024414062, 2148.31359999999404 ], [ 4304779.884799957275391, 2631408.744400024414062, 2141.100999999995111 ], [ 4304800.805399894714355, 2631408.744400024414062, 2131.813399999999092 ], [ 4304821.725900173187256, 2631408.744400024414062, 2121.695300000006682 ], [ 4304842.646500110626221, 2631408.744400024414062, 2109.416599999996834 ], [ 4304863.567100048065186, 2631408.744400024414062, 2092.627900000006775 ], [ 4304883.386600017547607, 2631410.946599960327148, 2090.193599999998696 ], [ 4304903.205999851226807, 2631413.148799896240234, 2079.3606 ], [ 4304923.025499820709229, 2631415.350900173187256, 2074.545400000002701 ], [ 4304942.84499979019165, 2631415.350900173187256, 2071.915699999997742 ], [ 4304962.66450023651123, 2631415.350900173187256, 2064.533299999995506 ], [ 4304982.484000205993652, 2631415.350900173187256, 2052.589399999997113 ], [ 4305000.651899814605713, 2631426.912300109863281, 2053.912800000005518 ], [ 4305018.819799900054932, 2631438.473700046539307, 2047.215400000000955 ], [ 4305036.987599849700928, 2631450.034999847412109, 2044.494800000000396 ], [ 4305055.155499935150146, 2631461.596399784088135, 2043.483399999997346 ], [ 4305076.862599849700928, 2631465.371600151062012, 2043.748699999996461 ], [ 4305098.569600105285645, 2631469.14680004119873, 2043.441699999995762 ], [ 4305120.276700019836426, 2631472.921899795532227, 2041.397299999996903 ], [ 4305141.983699798583984, 2631476.697100162506104, 2036.164199999999255 ], [ 4305163.690800189971924, 2631480.4721999168396, 2029.205600000001141 ], [ 4305185.397799968719482, 2631484.247399806976318, 2022.693499999993946 ], [ 4305207.104899883270264, 2631488.022500038146973, 2011.972899999993388 ], [ 4305226.924399852752686, 2631496.280600070953369, 2009.058600000003935 ], [ 4305246.743899822235107, 2631504.53879976272583, 2003.482600000003004 ], [ 4305266.563399791717529, 2631512.796899795532227, 1996.189799999992829 ], [ 4305286.382900238037109, 2631521.054900169372559, 1993.501399999993737 ], [ 4305311.157299995422363, 2631522.706500053405762, 1991.427899999995134 ], [ 4305335.931600093841553, 2631524.35830020904541, 1985.597999999998137 ], [ 4305360.705999851226807, 2631526.009799957275391, 1981.666700000001583 ], [ 4305385.480299949645996, 2631527.661399841308594, 1977.440499999996973 ], [ 4305406.951399803161621, 2631532.616300106048584, 1975.829599999997299 ], [ 4305428.422599792480469, 2631537.571199893951416, 1974.539600000003702 ], [ 4305449.893700122833252, 2631542.526100158691406, 1972.353000000002794 ], [ 4305471.364799976348877, 2631547.480999946594238, 1969.855500000005122 ], [ 4305491.184299945831299, 2631550.784200191497803, 1967.245800000004238 ], [ 4305511.003799915313721, 2631554.087500095367432, 1964.170400000002701 ], [ 4305530.823200225830078, 2631557.390699863433838, 1961.137000000002445 ], [ 4305550.6427001953125, 2631560.693999767303467, 1957.978300000002491 ], [ 4305565.132800102233887, 2631562.219200134277344, 1955.659400000004098 ], [ 4305579.622900009155273, 2631563.744400024414062, 1953.468399999997928 ] ] ] } },
{ "type": "Feature", "properties": { "OBJECT_ID": "RL26004697", "NEXTDOWNID": "RL26004646", "STRAHLER": 2, "Basin": "Rhine", "REX": "CH", "DFDD": "BH140", "RN_I_ID": null, "HYP": 1, "LOC": 44, "FUN": 6, "NVS": 5, "LENGTH": 1980.1400146484375, "TR": "Z000372440", "LONGPATH": 1308609.75, "CUM_LEN": 5349.83203125, "PENTE": 21.176944732666016, "CGNELIN": 260302386, "BEGLIFEVER": "2015-03-22T00:00:00", "ENDLIFEVER": null, "UPDAT_BY": "1", "UPDAT_WHEN": "2015-06-24T00:00:00", "ERM_ID": "UNK", "MC": 1, "MONOT_Z": 0, "LENGTH_GEO": 1979.8465309591975, "INSPIRE_ID": "EEA_EUHydro:RL26004697:2015-03-22", "thematicId": null, "TNODE": "NO26004698", "nameText": null, "CatchID": 76 }, "geometry": { "type": "MultiLineString", "coordinates": [ [ [ 4305579.622900009155273, 2631563.744400024414062, 1953.468399999997928 ], [ 4305603.758699893951416, 2631566.284999847412109, 1950.771099999998114 ], [ 4305627.894599914550781, 2631568.825699806213379, 1947.775099999998929 ], [ 4305652.030399799346924, 2631571.366300106048584, 1943.837499999994179 ], [ 4305676.166200160980225, 2631573.906899929046631, 1937.115399999995134 ], [ 4305697.086800098419189, 2631569.502699851989746, 1929.255799999998999 ], [ 4305718.007299900054932, 2631565.098299980163574, 1924.698300000003655 ], [ 4305738.927899837493896, 2631560.693999767303467, 1917.232699999993201 ], [ 4305759.848499774932861, 2631556.289599895477295, 1911.332399999999325 ], [ 4305780.769000053405762, 2631551.885200023651123, 1903.072100000004866 ], [ 4305801.689599990844727, 2631547.480999946594238, 1897.716499999994994 ], [ 4305825.913400173187256, 2631543.076700210571289, 1894.126000000003842 ], [ 4305850.13730001449585, 2631538.672200202941895, 1886.377299999992829 ], [ 4305874.361100196838379, 2631534.267899990081787, 1880.81239999999525 ], [ 4305897.483799934387207, 2631526.009799957275391, 1880.577000000004773 ], [ 4305920.606599807739258, 2631517.751800060272217, 1872.513500000000931 ], [ 4305943.729400157928467, 2631509.493500232696533, 1862.297300000005635 ], [ 4305966.852099895477295, 2631501.235499858856201, 1857.102100000003702 ], [ 4305983.368299961090088, 2631488.022500038146973, 1852.773100000005797 ], [ 4305999.884600162506104, 2631474.809400081634521, 1852.439700000002631 ], [ 4306016.400800228118896, 2631461.596399784088135, 1843.182000000000698 ], [ 4306032.916999816894531, 2631448.383500099182129, 1837.381999999997788 ], [ 4306051.63539981842041, 2631435.170400142669678, 1832.697199999995064 ], [ 4306070.353799819946289, 2631421.957399845123291, 1831.073499999998603 ], [ 4306089.072299957275391, 2631408.744400024414062, 1826.958899999997811 ], [ 4306107.79069995880127, 2631395.531599998474121, 1824.018700000000536 ], [ 4306126.509099960327148, 2631382.31850004196167, 1815.815600000001723 ], [ 4306145.227499961853027, 2631369.105500221252441, 1807.216700000004494 ], [ 4306165.046999931335449, 2631360.847499847412109, 1803.935299999997369 ], [ 4306184.866499900817871, 2631352.589399814605713, 1797.82850000000326 ], [ 4306204.685999870300293, 2631344.331099987030029, 1790.475900000004913 ], [ 4306224.505499839782715, 2631336.073100090026855, 1782.641499999997905 ], [ 4306242.673299789428711, 2631326.163300037384033, 1780.655199999993783 ], [ 4306260.84119987487793, 2631316.253499984741211, 1774.839500000001863 ], [ 4306279.009099960327148, 2631306.343800067901611, 1767.716799999994691 ], [ 4306297.176899909973145, 2631296.434100151062012, 1761.019599999999627 ], [ 4306321.400700092315674, 2631300.838300228118896, 1757.4663 ], [ 4306345.624599933624268, 2631305.242800235748291, 1754.080199999996694 ], [ 4306369.848400115966797, 2631309.646999835968018, 1747.454599999997299 ], [ 4306389.667900085449219, 2631303.040500164031982, 1748.092900000003283 ], [ 4306409.487400054931641, 2631296.434100151062012, 1743.58520000000135 ], [ 4306429.306900024414062, 2631289.827600002288818, 1728.356199999994715 ], [ 4306449.126399993896484, 2631275.293200016021729, 1727.781099999992875 ], [ 4306468.945899963378906, 2631260.758900165557861, 1718.161300000007031 ], [ 4306488.765299797058105, 2631246.224699974060059, 1708.662500000005821 ], [ 4306508.584799766540527, 2631231.690400123596191, 1700.092499999998836 ], [ 4306528.404300212860107, 2631217.156000137329102, 1687.751199999998789 ], [ 4306543.819499969482422, 2631202.842000007629395, 1684.977700000003097 ], [ 4306559.234600067138672, 2631188.527999877929688, 1680.161600000006729 ], [ 4306574.649799823760986, 2631174.213799953460693, 1676.752200000002631 ], [ 4306590.065000057220459, 2631159.899700164794922, 1670.713000000003376 ], [ 4306605.480100154876709, 2631145.585700035095215, 1665.45350000000326 ], [ 4306620.895299911499023, 2631131.271699905395508, 1660.614300000001094 ], [ 4306638.512599945068359, 2631115.856400012969971, 1656.96809999999823 ], [ 4306656.130000114440918, 2631100.441299915313721, 1651.473499999992782 ], [ 4306673.747300148010254, 2631085.026199817657471, 1642.173899999994319 ], [ 4306689.162399768829346, 2631067.408899784088135, 1641.265400000003865 ], [ 4306704.577600002288818, 2631049.791500091552734, 1635.664399999994203 ], [ 4306719.992700099945068, 2631032.174200057983398, 1627.132299999997485 ], [ 4306731.003499984741211, 2631012.354599952697754, 1625.816099999996368 ], [ 4306742.014400005340576, 2630992.535099983215332, 1618.937099999995553 ], [ 4306753.025199890136719, 2630972.715700149536133, 1612.145900000003166 ], [ 4306753.025199890136719, 2630951.57480001449585, 1610.223700000002282 ], [ 4306753.025199890136719, 2630930.434100151062012, 1608.842399999994086 ], [ 4306753.025199890136719, 2630909.293200016021729, 1605.303199999994831 ], [ 4306753.025199890136719, 2630888.152500152587891, 1601.020099999994272 ], [ 4306753.025199890136719, 2630867.011799812316895, 1593.918699999994715 ], [ 4306764.586599826812744, 2630852.14709997177124, 1582.639500000004773 ], [ 4306776.14799976348877, 2630837.282599925994873, 1579.180300000007264 ], [ 4306787.70930004119873, 2630822.417799949645996, 1569.922099999996135 ], [ 4306799.270699977874756, 2630807.553299903869629, 1571.708899999997811 ], [ 4306813.804999828338623, 2630790.376299858093262, 1567.16370000000461 ], [ 4306828.339300155639648, 2630773.19950008392334, 1567.575400000001537 ], [ 4306842.873600006103516, 2630756.022500038146973, 1562.770799999998417 ], [ 4306857.407899856567383, 2630738.845600128173828, 1559.951100000005681 ], [ 4306871.942200183868408, 2630721.668799877166748, 1556.165500000002794 ], [ 4306882.953000068664551, 2630699.64709997177124, 1553.581999999994878 ], [ 4306893.963799953460693, 2630677.625500202178955, 1551.167700000005425 ], [ 4306904.974599838256836, 2630655.603899955749512, 1547.74199999999837 ], [ 4306911.581099987030029, 2630633.582099914550781, 1546.375599999999395 ], [ 4306918.187600135803223, 2630611.560500144958496, 1544.428799999994226 ], [ 4306924.794099807739258, 2630589.53879976272583, 1541.361499999999069 ], [ 4306927.781000137329102, 2630566.663300037384033, 1541.757400000002235 ], [ 4306930.76800012588501, 2630543.787700176239014, 1540.396900000007008 ], [ 4306933.754899978637695, 2630520.912099838256836, 1538.135800000003655 ], [ 4306936.741799831390381, 2630498.036300182342529, 1536.142300000006799 ], [ 4306939.728700160980225, 2630475.160799980163574, 1535.20789999999397 ], [ 4306942.715700149536133, 2630452.285099983215332, 1534.581399999995483 ], [ 4306945.702600002288818, 2630429.409599781036377, 1534.134500000000116 ] ] ] } },
{ "type": "Feature", "properties": { "OBJECT_ID": "RL26004724", "NEXTDOWNID": "RL26004674", "STRAHLER": 1, "Basin": "Rhine", "REX": "CH", "DFDD": "BH140", "RN_I_ID": null, "HYP": 1, "LOC": 44, "FUN": 6, "NVS": 5, "LENGTH": 2107.050048828125, "TR": "Z000372459", "LONGPATH": 1318887.5, "CUM_LEN": 2107.048828125, "PENTE": 28.856790542602539, "CGNELIN": 260403440, "BEGLIFEVER": "2015-03-22T00:00:00", "ENDLIFEVER": null, "UPDAT_BY": "1", "UPDAT_WHEN": "2015-06-24T00:00:00", "ERM_ID": "UNK", "MC": 1, "MONOT_Z": 0, "LENGTH_GEO": 2106.6228699391577, "INSPIRE_ID": "EEA_EUHydro:RL26004724:2015-03-22", "thematicId": null, "TNODE": "NO26004720", "nameText": null, "CatchID": 76 }, "geometry": { "type": "MultiLineString", "coordinates": [ [ [ 4316125.705100059509277, 2631944.712600231170654, 2500.475200000000768 ], [ 4316103.321199893951416, 2631939.731299877166748, 2497.95350000000326 ], [ 4316080.937399864196777, 2631934.749899864196777, 2496.492499999993015 ], [ 4316058.553500175476074, 2631929.768499851226807, 2495.247099999993225 ], [ 4316036.169600009918213, 2631924.787199974060059, 2493.036900000006426 ], [ 4316013.785699844360352, 2631919.805799961090088, 2487.394000000000233 ], [ 4315991.401899814605713, 2631914.82450008392334, 2481.721000000005006 ], [ 4315969.01800012588501, 2631909.843100070953369, 2471.839600000006612 ], [ 4315949.76830005645752, 2631897.638100147247314, 2469.625 ], [ 4315930.518499851226807, 2631885.433000087738037, 2466.761899999997695 ], [ 4315911.268799781799316, 2631873.22790002822876, 2462.21469999999681 ], [ 4315892.019100189208984, 2631861.022900104522705, 2458.288000000000466 ], [ 4315872.769400119781494, 2631848.817800045013428, 2454.155799999993178 ], [ 4315853.519599914550781, 2631836.61269998550415, 2450.184899999992922 ], [ 4315834.269899845123291, 2631824.407599925994873, 2445.967000000004191 ], [ 4315815.020199775695801, 2631812.202499866485596, 2439.868600000001607 ], [ 4315804.694200038909912, 2631791.403600215911865, 2438.111900000003516 ], [ 4315794.368299961090088, 2631770.604899883270264, 2432.740300000004936 ], [ 4315784.042300224304199, 2631749.806099891662598, 2426.803700000004028 ], [ 4315773.716400146484375, 2631729.007400035858154, 2417.646200000002864 ], [ 4315763.390399932861328, 2631708.208499908447266, 2401.304199999998673 ], [ 4315744.556099891662598, 2631692.844399929046631, 2402.700800000005984 ], [ 4315725.721799850463867, 2631677.480199813842773, 2398.778600000005099 ], [ 4315706.887499809265137, 2631662.116099834442139, 2396.1587 ], [ 4315688.053199768066406, 2631646.751999855041504, 2394.415099999998347 ], [ 4315669.218900203704834, 2631631.387899875640869, 2388.927800000004936 ], [ 4315650.384600162506104, 2631616.023600101470947, 2381.369900000005146 ], [ 4315631.550300121307373, 2631600.659599781036377, 2376.106799999994109 ], [ 4315617.459499835968018, 2631581.744999885559082, 2372.985400000005029 ], [ 4315603.36870002746582, 2631562.830599784851074, 2368.302599999995437 ], [ 4315594.34499979019165, 2631540.938000202178955, 2363.29660000000149 ], [ 4315585.321199893951416, 2631519.045400142669678, 2358.724400000006426 ], [ 4315576.297500133514404, 2631497.152999877929688, 2353.969700000001467 ], [ 4315567.273799896240234, 2631475.26039981842041, 2349.599600000001374 ], [ 4315558.250100135803223, 2631453.368000030517578, 2346.150399999998626 ], [ 4315549.22629976272583, 2631431.475500106811523, 2341.506200000003446 ], [ 4315540.202600002288818, 2631409.583000183105469, 2336.226299999994808 ], [ 4315518.270400047302246, 2631404.154399871826172, 2326.983099999997648 ], [ 4315496.338200092315674, 2631398.725800037384033, 2311.420299999997951 ], [ 4315474.406000137329102, 2631393.297100067138672, 2299.665200000003097 ], [ 4315452.473800182342529, 2631387.868500232696533, 2295.611999999993714 ], [ 4315430.541699886322021, 2631382.439799785614014, 2294.251499999998487 ], [ 4315408.609499931335449, 2631377.011199951171875, 2291.618000000002212 ], [ 4315386.677299976348877, 2631371.582600116729736, 2286.956600000004983 ], [ 4315364.745100021362305, 2631366.154099941253662, 2281.167499999995925 ], [ 4315342.812900066375732, 2631360.725500106811523, 2274.6137000000017 ], [ 4315319.654200077056885, 2631358.151299953460693, 2268.396599999992759 ], [ 4315296.49560022354126, 2631355.577300071716309, 2262.522200000006706 ], [ 4315273.336900234222412, 2631353.003200054168701, 2256.392600000006496 ], [ 4315250.178199768066406, 2631350.429200172424316, 2249.520999999993364 ], [ 4315227.019499778747559, 2631347.855100154876709, 2241.230999999999767 ], [ 4315203.860899925231934, 2631345.280900001525879, 2225.017399999996996 ], [ 4315180.702199935913086, 2631342.706900119781494, 2200.88749999999709 ], [ 4315164.602200031280518, 2631325.906700134277344, 2193.419899999993504 ], [ 4315148.502099990844727, 2631309.106500148773193, 2191.498399999996764 ], [ 4315132.402100086212158, 2631292.306399822235107, 2188.10899999999674 ], [ 4315116.302000045776367, 2631275.506199836730957, 2185.08629999999539 ], [ 4315100.201900005340576, 2631258.705999851226807, 2178.890100000004168 ], [ 4315084.101900100708008, 2631241.905799865722656, 2168.533500000005006 ], [ 4315068.001900196075439, 2631225.105700016021729, 2157.380999999993946 ], [ 4315051.901800155639648, 2631208.305500030517578, 2140.794999999998254 ], [ 4315035.801799774169922, 2631191.50540018081665, 2104.304300000003423 ], [ 4315019.701700210571289, 2631174.705100059509277, 2105.487099999998463 ], [ 4315002.835000038146973, 2631157.364699840545654, 2099.661500000001979 ], [ 4314985.968299865722656, 2631140.024099826812744, 2097.02730000000156 ], [ 4314969.101699829101562, 2631122.683800220489502, 2087.177299999995739 ], [ 4314952.235000133514404, 2631105.343200206756592, 2076.718299999993178 ], [ 4314935.368299961090088, 2631088.002699851989746, 2062.649399999994785 ], [ 4314916.298799991607666, 2631072.488900184631348, 2056.604300000006333 ], [ 4314897.229300022125244, 2631056.974999904632568, 2047.441200000001118 ], [ 4314878.159800052642822, 2631041.461100101470947, 2038.599499999996624 ], [ 4314859.0903000831604, 2631025.947299957275391, 2028.462400000003981 ], [ 4314840.020899772644043, 2631010.43340015411377, 1999.092699999993783 ], [ 4314820.951399803161621, 2630994.919700145721436, 2000.179300000003423 ], [ 4314801.881899833679199, 2630979.405700206756592, 1994.469800000006217 ], [ 4314782.812399864196777, 2630963.892000198364258, 1992.315000000002328 ], [ 4314763.742899894714355, 2630948.378099918365479, 1984.895300000003772 ], [ 4314743.897500038146973, 2630934.752299785614014, 1976.773000000001048 ], [ 4314724.052000045776367, 2630921.126599788665771, 1969.470199999996112 ], [ 4314704.206600189208984, 2630907.500999927520752, 1961.407900000005611 ], [ 4314684.361199855804443, 2630893.875199794769287, 1954.096000000005006 ], [ 4314664.515699863433838, 2630880.249599933624268, 1946.80000000000291 ], [ 4314644.670300006866455, 2630866.623799800872803, 1939.053199999994831 ], [ 4314624.82480001449585, 2630852.998000144958496, 1930.05909999999858 ], [ 4314604.979400157928467, 2630839.372399806976318, 1917.887300000002142 ], [ 4314585.133999824523926, 2630825.746600151062012, 1899.789600000003702 ], [ 4314565.28849983215332, 2630812.12090015411377, 1899.07829999999376 ], [ 4314545.443099975585938, 2630798.495299816131592, 1899.527900000000955 ], [ 4314535.528800010681152, 2630781.563799858093262, 1897.28870000000461 ], [ 4314525.614399909973145, 2630764.632400035858154, 1894.954100000002654 ], [ 4314515.700099945068359, 2630747.700900077819824, 1892.448499999998603 ] ] ] } },
{ "type": "Feature", "properties": { "OBJECT_ID": "RL26004725", "NEXTDOWNID": "RL26004678", "STRAHLER": 4, "Basin": "Rhine", "REX": "CH", "DFDD": "BH140", "RN_I_ID": null, "HYP": 1, "LOC": 44, "FUN": 6, "NVS": 5, "LENGTH": 1325.8399658203125, "TR": "Z000372176", "LONGPATH": 1308977.375, "CUM_LEN": 66685.40625, "PENTE": 0.69884598255157504, "CGNELIN": 260200588, "BEGLIFEVER": "2015-03-22T00:00:00", "ENDLIFEVER": null, "UPDAT_BY": "1", "UPDAT_WHEN": "2015-06-24T00:00:00", "ERM_ID": "UNK", "MC": 1, "MONOT_Z": 0, "LENGTH_GEO": 1325.7783214249653, "INSPIRE_ID": "EEA_EUHydro:RL26004725:2015-03-22", "thematicId": null, "TNODE": "NO26004728", "nameText": null, "CatchID": 76 }, "geometry": { "type": "MultiLineString", "coordinates": [ [ [ 4308604.360799789428711, 2632020.411300182342529, 1547.68760000000475 ], [ 4308584.97130012512207, 2632005.141799926757812, 1547.68399999999383 ], [ 4308565.581900119781494, 2631989.872200012207031, 1547.508700000005774 ], [ 4308546.192399978637695, 2631974.602700233459473, 1548.07060000000638 ], [ 4308526.802899837493896, 2631959.333199977874756, 1546.377699999997276 ], [ 4308507.413400173187256, 2631944.063600063323975, 1546.328999999997905 ], [ 4308488.02400016784668, 2631928.794000148773193, 1546.059999999997672 ], [ 4308468.634500026702881, 2631913.524499893188477, 1546.136700000002747 ], [ 4308449.244999885559082, 2631898.254899978637695, 1547.245200000004843 ], [ 4308433.052999973297119, 2631882.063000202178955, 1546.641300000002957 ], [ 4308416.861000061035156, 2631865.87090015411377, 1546.4887000000017 ], [ 4308400.669000148773193, 2631849.678899765014648, 1546.731799999994109 ], [ 4308384.47700023651123, 2631833.486899852752686, 1546.086699999999837 ], [ 4308368.284999847412109, 2631817.294899940490723, 1546.135200000004261 ], [ 4308349.008800029754639, 2631808.62060022354126, 1545.819900000002235 ], [ 4308329.732600212097168, 2631799.946300029754639, 1545.901800000006915 ], [ 4308310.456500053405762, 2631791.271999835968018, 1545.812200000000303 ], [ 4308291.180300235748291, 2631782.597799777984619, 1545.131399999998393 ], [ 4308271.904099941253662, 2631773.923500061035156, 1544.533500000005006 ], [ 4308252.627900123596191, 2631765.249199867248535, 1543.633400000006077 ], [ 4308235.279300212860107, 2631749.828400135040283, 1543.254000000000815 ], [ 4308217.930799961090088, 2631734.407400131225586, 1542.446200000005774 ], [ 4308200.582200050354004, 2631718.986499786376953, 1542.087700000003679 ], [ 4308183.23360013961792, 2631703.565499782562256, 1541.601699999999255 ], [ 4308165.8850998878479, 2631688.144599914550781, 1541.271800000002258 ], [ 4308148.536499977111816, 2631672.723599910736084, 1541.507500000006985 ], [ 4308132.633699893951416, 2631657.543600082397461, 1541.019499999994878 ], [ 4308116.730800151824951, 2631642.36359977722168, 1541.002299999992829 ], [ 4308100.828000068664551, 2631627.183599948883057, 1540.967799999998533 ], [ 4308084.925099849700928, 2631612.003499984741211, 1540.331300000005285 ], [ 4308069.022299766540527, 2631596.823500156402588, 1540.589099999997416 ], [ 4308053.119400024414062, 2631581.643499851226807, 1540.248800000001211 ], [ 4308037.216599941253662, 2631566.463600158691406, 1540.175600000002305 ], [ 4308021.313700199127197, 2631551.283599853515625, 1540.192299999995157 ], [ 4308005.617400169372559, 2631535.587200164794922, 1540.335399999996298 ], [ 4307989.92110013961792, 2631519.890900135040283, 1540.33990000000631 ], [ 4307974.224800109863281, 2631504.194600105285645, 1540.406600000002072 ], [ 4307958.52839994430542, 2631488.498300075531006, 1540.14890000000014 ], [ 4307942.832099914550781, 2631472.802000045776367, 1540.173299999994924 ], [ 4307927.135799884796143, 2631457.105700016021729, 1539.774499999999534 ], [ 4307911.439499855041504, 2631441.409299850463867, 1539.270799999998417 ], [ 4307890.621200084686279, 2631428.687099933624268, 1538.881200000003446 ], [ 4307869.802899837493896, 2631415.964799880981445, 1538.804999999993015 ], [ 4307848.984700202941895, 2631403.242499828338623, 1538.815300000002026 ], [ 4307828.166399955749512, 2631390.520299911499023, 1538.805399999997462 ], [ 4307807.348100185394287, 2631377.797999858856201, 1538.864499999996042 ], [ 4307788.553800106048584, 2631364.786600112915039, 1538.965100000001257 ], [ 4307769.759500026702881, 2631351.775100231170654, 1539.038199999995413 ], [ 4307750.965199947357178, 2631338.763700008392334, 1539.159199999994598 ], [ 4307732.170899868011475, 2631325.752200126647949, 1539.115799999999581 ], [ 4307719.159500122070312, 2631306.958000183105469, 1538.932000000000698 ], [ 4307706.14799976348877, 2631288.163599967956543, 1538.853000000002794 ], [ 4307693.136600017547607, 2631269.369400024414062, 1539.043799999999464 ], [ 4307680.125199794769287, 2631250.575099945068359, 1539.211200000005192 ], [ 4307672.029200077056885, 2631229.756700038909912, 1539.373500000001513 ], [ 4307663.933199882507324, 2631208.938499927520752, 1539.550399999992806 ], [ 4307655.837200164794922, 2631188.120299816131592, 1539.757199999992736 ], [ 4307647.741199970245361, 2631167.302000045776367, 1539.670700000002398 ], [ 4307639.645199775695801, 2631146.48360013961792, 1539.478600000002189 ] ] ] } },
{ "type": "Feature", "properties": { "OBJECT_ID": "RL26004727", "NEXTDOWNID": "RL26004725", "STRAHLER": 3, "Basin": "Rhine", "REX": "CH", "DFDD": "BH140", "RN_I_ID": null, "HYP": 1, "LOC": 44, "FUN": 6, "NVS": 5, "LENGTH": 47.669998168945312, "TR": "Z000372153", "LONGPATH": 1309025.0, "CUM_LEN": 36252.6171875, "PENTE": 1.354674220085144, "CGNELIN": 260302382, "BEGLIFEVER": "2015-03-22T00:00:00", "ENDLIFEVER": null, "UPDAT_BY": "1", "UPDAT_WHEN": "2015-06-24T00:00:00", "ERM_ID": "UNK", "MC": 1, "MONOT_Z": 0, "LENGTH_GEO": 47.680229739026899, "INSPIRE_ID": "EEA_EUHydro:RL26004727:2015-03-22", "thematicId": null, "TNODE": "NO26004774", "nameText": null, "CatchID": 76 }, "geometry": { "type": "MultiLineString", "coordinates": [ [ [ 4308635.610300064086914, 2632056.412499904632568, 1548.333400000003166 ], [ 4308619.985599994659424, 2632038.412000179290771, 1547.996799999993527 ], [ 4308604.360799789428711, 2632020.411300182342529, 1547.68760000000475 ] ] ] } },
{ "type": "Feature", "properties": { "OBJECT_ID": "RL26004728", "NEXTDOWNID": "RL26004787", "STRAHLER": 1, "Basin": "Rhine", "REX": "CH", "DFDD": "BH140", "RN_I_ID": null, "HYP": 1, "LOC": 44, "FUN": 6, "NVS": 5, "LENGTH": 1855.47998046875, "TR": "NA", "LONGPATH": 1318340.25, "CUM_LEN": 1855.4783935546875, "PENTE": 31.725131988525391, "CGNELIN": 260403439, "BEGLIFEVER": "2015-03-22T00:00:00", "ENDLIFEVER": null, "UPDAT_BY": "1", "UPDAT_WHEN": "2015-06-24T00:00:00", "ERM_ID": "UNK", "MC": 1, "MONOT_Z": 0, "LENGTH_GEO": 1855.2259283451792, "INSPIRE_ID": "EEA_EUHydro:RL26004728:2015-03-22", "thematicId": null, "TNODE": "NO26004724", "nameText": null, "CatchID": 76 }, "geometry": { "type": "MultiLineString", "coordinates": [ [ [ 4315684.703700065612793, 2632077.713900089263916, 2464.491800000003423 ], [ 4315664.644499778747559, 2632064.916600227355957, 2460.444000000003143 ], [ 4315644.585299968719482, 2632052.119400024414062, 2456.345199999996112 ], [ 4315624.526100158691406, 2632039.322000026702881, 2452.225200000000768 ], [ 4315604.466899871826172, 2632026.524700164794922, 2447.615399999995134 ], [ 4315584.407700061798096, 2632013.727399826049805, 2442.805999999996857 ], [ 4315564.348499774932861, 2632000.929999828338623, 2438.283599999995204 ], [ 4315544.289299964904785, 2631988.132599830627441, 2433.759699999995064 ], [ 4315524.230100154876709, 2631975.335400104522705, 2429.803400000004331 ], [ 4315504.170899868011475, 2631962.538099765777588, 2422.236000000004424 ], [ 4315492.130199909210205, 2631941.168200016021729, 2418.064799999992829 ], [ 4315480.089499950408936, 2631919.798699855804443, 2403.908100000000559 ], [ 4315468.048799991607666, 2631898.428999900817871, 2397.003800000005867 ], [ 4315451.761300086975098, 2631883.029900074005127, 2393.122600000002421 ], [ 4315435.473700046539307, 2631867.63100004196167, 2390.982799999997951 ], [ 4315419.186200141906738, 2631852.231800079345703, 2385.476399999999558 ], [ 4315402.89870023727417, 2631836.832799911499023, 2379.198199999998906 ], [ 4315386.611100196838379, 2631821.433800220489502, 2373.942699999999604 ], [ 4315370.323599815368652, 2631806.0346999168396, 2366.389899999994668 ], [ 4315356.700200080871582, 2631786.794600009918213, 2363.337700000003679 ], [ 4315343.076700210571289, 2631767.554500102996826, 2357.858800000001793 ], [ 4315329.453199863433838, 2631748.314400196075439, 2351.653999999994994 ], [ 4315315.829800128936768, 2631729.074299812316895, 2344.766399999993155 ], [ 4315302.206299781799316, 2631709.834099769592285, 2337.813699999998789 ], [ 4315288.582900047302246, 2631690.593999862670898, 2331.017099999997299 ], [ 4315274.959400177001953, 2631671.353899955749512, 2323.253599999996368 ], [ 4315261.335999965667725, 2631652.113800048828125, 2314.415999999997439 ], [ 4315243.983099937438965, 2631639.44189977645874, 2303.224799999996321 ], [ 4315226.630199909210205, 2631626.770100116729736, 2301.611600000003818 ], [ 4315209.277299880981445, 2631614.098400115966797, 2295.843900000007125 ], [ 4315191.924499988555908, 2631601.426400184631348, 2293.633199999996577 ], [ 4315174.571599960327148, 2631588.754600048065186, 2286.491099999999278 ], [ 4315157.218699932098389, 2631576.082799911499023, 2281.893599999995786 ], [ 4315135.972700119018555, 2631568.191800117492676, 2280.553199999994831 ], [ 4315114.726699829101562, 2631560.300700187683105, 2274.7841000000044 ], [ 4315093.480800151824951, 2631552.409800052642822, 2268.922200000000885 ], [ 4315072.234799861907959, 2631544.518599987030029, 2262.472299999993993 ], [ 4315050.988800048828125, 2631536.627699851989746, 2255.751300000003539 ], [ 4315029.742800235748291, 2631528.736599922180176, 2249.398300000000745 ], [ 4315008.496799945831299, 2631520.845499992370605, 2242.07499999999709 ], [ 4314987.250899791717529, 2631512.954500198364258, 2234.838900000002468 ], [ 4314966.004899978637695, 2631505.063399791717529, 2205.841400000004796 ], [ 4314944.758900165557861, 2631497.172299861907959, 2199.601299999994808 ], [ 4314928.059400081634521, 2631480.76230001449585, 2192.080499999996391 ], [ 4314911.360000133514404, 2631464.352399826049805, 2184.636100000003353 ], [ 4314894.660500049591064, 2631447.942399978637695, 2183.743600000001607 ], [ 4314877.961100101470947, 2631431.532400131225586, 2176.095100000005914 ], [ 4314861.261600017547607, 2631415.122399806976318, 2165.043699999994715 ], [ 4314844.562099933624268, 2631398.712399959564209, 2154.676999999996042 ], [ 4314827.86269998550415, 2631382.3024001121521, 2139.577000000004773 ], [ 4314811.163199901580811, 2631365.892399787902832, 2103.685599999997066 ], [ 4314800.641300201416016, 2631345.833399772644043, 2106.322899999999208 ], [ 4314790.11929988861084, 2631325.774499893188477, 2098.030400000003283 ], [ 4314779.597400188446045, 2631305.715700149536133, 2094.865300000004936 ], [ 4314769.075500011444092, 2631285.656700134277344, 2089.125700000004144 ], [ 4314758.553500175476074, 2631265.597700119018555, 2086.692500000004657 ], [ 4314748.031599998474121, 2631245.53879976272583, 2079.366200000004028 ], [ 4314737.509699821472168, 2631225.480000019073486, 2071.07050000000163 ], [ 4314726.98769998550415, 2631205.421000003814697, 2052.163100000005215 ], [ 4314716.465799808502197, 2631185.362100124359131, 2008.330000000001746 ], [ 4314700.557899951934814, 2631171.365300178527832, 2013.086500000004889 ], [ 4314684.650100231170654, 2631157.368500232696533, 2002.897400000001653 ], [ 4314668.742199897766113, 2631143.371600151062012, 2004.229200000001583 ], [ 4314652.83430004119873, 2631129.374899864196777, 2000.18289999999979 ], [ 4314631.532999992370605, 2631121.118199825286865, 1998.203099999998813 ], [ 4314610.231800079345703, 2631112.861499786376953, 1990.215599999995902 ], [ 4314588.930500030517578, 2631104.604599952697754, 1982.037400000001071 ], [ 4314567.629199981689453, 2631096.348000049591064, 1972.514299999995274 ], [ 4314546.327899932861328, 2631088.091300010681152, 1963.909299999999348 ], [ 4314525.026700019836426, 2631079.834499835968018, 1956.296300000001793 ], [ 4314503.725399971008301, 2631071.577799797058105, 1948.269000000000233 ], [ 4314482.424099922180176, 2631063.321199893951416, 1940.451799999995274 ], [ 4314461.122799873352051, 2631055.064499855041504, 1931.186499999996158 ], [ 4314439.821599960327148, 2631046.807799816131592, 1908.376300000003539 ], [ 4314418.520299911499023, 2631038.55109977722168, 1896.398400000005495 ], [ 4314401.402999877929688, 2631023.001200199127197, 1895.228799999997136 ], [ 4314384.285799980163574, 2631007.451600074768066, 1893.079800000006799 ], [ 4314367.168499946594238, 2630991.901700019836426, 1893.128599999996368 ], [ 4314350.051199913024902, 2630976.35200023651123, 1888.005699999994249 ], [ 4314332.933899879455566, 2630960.802299976348877, 1882.275699999998324 ], [ 4314315.816699981689453, 2630945.252500057220459, 1878.244699999995646 ], [ 4314298.699399948120117, 2630929.702799797058105, 1875.838799999997718 ] ] ] } },
{ "type": "Feature", "properties": { "OBJECT_ID": "RL26004732", "NEXTDOWNID": "RL26004697", "STRAHLER": 1, "Basin": "Rhine", "REX": "CH", "DFDD": "BH140", "RN_I_ID": null, "HYP": 1, "LOC": 44, "FUN": 6, "NVS": 5, "LENGTH": 1636.719970703125, "TR": "Z000372373", "LONGPATH": 1310246.5, "CUM_LEN": 1636.72412109375, "PENTE": 25.900228500366211, "CGNELIN": 260403437, "BEGLIFEVER": "2015-03-22T00:00:00", "ENDLIFEVER": null, "UPDAT_BY": "1", "UPDAT_WHEN": "2015-06-24T00:00:00", "ERM_ID": "UNK", "MC": 1, "MONOT_Z": 0, "LENGTH_GEO": 1635.6826672168638, "INSPIRE_ID": "EEA_EUHydro:RL26004732:2015-03-22", "thematicId": null, "TNODE": "NO26004746", "nameText": null, "CatchID": 76 }, "geometry": { "type": "MultiLineString", "coordinates": [ [ [ 4304099.587699890136719, 2632137.205900192260742, 2377.383700000005774 ], [ 4304117.102200031280518, 2632125.996600151062012, 2374.829800000006799 ], [ 4304134.616700172424316, 2632114.787199974060059, 2371.743300000001909 ], [ 4304152.131199836730957, 2632103.577899932861328, 2367.809999999997672 ], [ 4304176.301300048828125, 2632101.47629976272583, 2364.362399999998161 ], [ 4304200.47130012512207, 2632099.37440013885498, 2359.71820000000298 ], [ 4304222.539599895477295, 2632099.37440013885498, 2354.100500000000466 ], [ 4304244.607900142669678, 2632099.37440013885498, 2350.622499999997672 ], [ 4304265.62529993057251, 2632088.865799903869629, 2344.665099999998347 ], [ 4304286.6427001953125, 2632078.357100009918213, 2341.063299999994342 ], [ 4304307.660099983215332, 2632067.848400115966797, 2336.370999999999185 ], [ 4304320.270599842071533, 2632054.187099933624268, 2331.005399999994552 ], [ 4304332.88100004196167, 2632040.525800228118896, 2323.649900000003981 ], [ 4304353.898399829864502, 2632035.621600151062012, 2320.665099999998347 ], [ 4304374.915800094604492, 2632030.717700004577637, 2316.095600000000559 ], [ 4304395.933199882507324, 2632025.813499927520752, 2312.915200000003097 ], [ 4304415.899799823760986, 2632022.660999774932861, 2310.101899999994203 ], [ 4304435.866300106048584, 2632019.508399963378906, 2301.687200000000303 ], [ 4304457.934599876403809, 2632019.508399963378906, 2299.802400000000489 ], [ 4304480.002900123596191, 2632019.508399963378906, 2292.385999999998603 ], [ 4304500.319699764251709, 2632010.400800228118896, 2284.432700000004843 ], [ 4304520.636600017547607, 2632001.293200016021729, 2281.406400000007125 ], [ 4304540.953400135040283, 2631992.185599803924561, 2263.765400000003865 ], [ 4304557.767300128936768, 2631992.185599803924561, 2256.827099999994971 ], [ 4304577.73390007019043, 2631992.185599803924561, 2254.145199999999022 ], [ 4304597.700399875640869, 2631992.185599803924561, 2249.530100000003586 ], [ 4304617.666999816894531, 2631992.185599803924561, 2240.240499999999884 ], [ 4304637.633500099182129, 2631992.185599803924561, 2227.680600000006962 ], [ 4304654.447400093078613, 2631981.677000045776367, 2221.036800000001676 ], [ 4304671.261300086975098, 2631971.168200016021729, 2215.502999999996973 ], [ 4304683.871799945831299, 2631959.60860013961792, 2209.864799999995739 ], [ 4304696.482200145721436, 2631948.049200057983398, 2206.863100000002305 ], [ 4304713.29610013961792, 2631944.896599769592285, 2206.172600000005332 ], [ 4304730.110099792480469, 2631941.743899822235107, 2195.954100000002654 ], [ 4304743.771399974822998, 2631940.692999839782715, 2189.325599999996484 ], [ 4304757.432700157165527, 2631939.642199993133545, 2184.37609999999404 ], [ 4304775.297500133514404, 2631937.540500164031982, 2177.680999999996857 ], [ 4304793.162300109863281, 2631935.438600063323975, 2173.900599999993574 ], [ 4304808.925399780273438, 2631933.336900234222412, 2171.004300000000512 ], [ 4304824.688399791717529, 2631931.235300064086914, 2173.754799999995157 ], [ 4304837.99940013885498, 2631920.726600170135498, 2171.661099999997532 ], [ 4304851.310500144958496, 2631910.217700004577637, 2165.068599999998696 ], [ 4304864.621500015258789, 2631899.709099769592285, 2160.247399999992922 ], [ 4304881.435400009155273, 2631890.251200199127197, 2158.450800000005984 ], [ 4304898.24940013885498, 2631880.793200016021729, 2156.288000000000466 ], [ 4304915.063300132751465, 2631871.33549976348877, 2152.131999999997788 ], [ 4304931.877200126647949, 2631861.877699851989746, 2143.846399999994901 ], [ 4304951.318299770355225, 2631853.996300220489502, 2140.696400000000722 ], [ 4304970.759500026702881, 2631846.114799976348877, 2135.454599999997299 ], [ 4304990.200600147247314, 2631838.233200073242188, 2131.734700000000885 ], [ 4305009.64169979095459, 2631830.351699829101562, 2122.843599999992875 ], [ 4305025.755000114440918, 2631824.046500205993652, 2122.051300000006449 ], [ 4305041.868400096893311, 2631817.741099834442139, 2115.415399999998044 ], [ 4305057.98169994354248, 2631811.435999870300293, 2103.153099999995902 ], [ 4305076.89739990234375, 2631809.33430004119873, 2097.045599999997648 ], [ 4305095.813000202178955, 2631807.232399940490723, 2094.50340000000142 ], [ 4305116.830399990081787, 2631807.232399940490723, 2090.936600000000908 ], [ 4305137.847899913787842, 2631807.232399940490723, 2079.35910000000149 ], [ 4305158.865300178527832, 2631808.283299922943115, 2077.393800000005285 ], [ 4305179.882699966430664, 2631809.33430004119873, 2064.779200000004494 ], [ 4305198.798399925231934, 2631801.452799797058105, 2063.775699999998324 ], [ 4305217.714000225067139, 2631793.571199893951416, 2058.012700000006589 ], [ 4305236.629700183868408, 2631785.689599990844727, 2049.729000000006636 ], [ 4305255.545400142669678, 2631777.808000087738037, 2041.269100000004983 ], [ 4305275.301799774169922, 2631766.038300037384033, 2035.821700000000419 ], [ 4305295.05810022354126, 2631754.268499851226807, 2033.659799999993993 ], [ 4305314.814499855041504, 2631742.498799800872803, 2023.922800000000279 ], [ 4305334.570799827575684, 2631730.729100227355957, 2018.303499999994528 ], [ 4305354.327199935913086, 2631718.95930004119873, 2011.61019999999553 ], [ 4305373.593200206756592, 2631708.450600147247314, 2002.019599999999627 ], [ 4305392.859099864959717, 2631697.94189977645874, 1997.516799999997602 ], [ 4305412.125100135803223, 2631687.433199882507324, 1992.114000000001397 ], [ 4305431.39109992980957, 2631676.924499988555908, 1987.989499999996042 ], [ 4305450.657000064849854, 2631666.415800094604492, 1977.334000000002561 ], [ 4305469.922999858856201, 2631655.907100200653076, 1974.7103000000061 ], [ 4305488.206299781799316, 2631640.546800136566162, 1970.569600000002538 ], [ 4305506.48960018157959, 2631625.186299800872803, 1969.405299999998533 ], [ 4305524.77299976348877, 2631609.825799942016602, 1959.685400000002119 ], [ 4305543.056300163269043, 2631594.4653000831604, 1957.807700000004843 ], [ 4305561.339600086212158, 2631579.105000019073486, 1955.238299999997253 ], [ 4305579.622900009155273, 2631563.744400024414062, 1953.468399999997928 ] ] ] } },
{ "type": "Feature", "properties": { "OBJECT_ID": "RL26004759", "NEXTDOWNID": "RL26004678", "STRAHLER": 1, "Basin": "Rhine", "REX": "CH", "DFDD": "BH140", "RN_I_ID": null, "HYP": 1, "LOC": 44, "FUN": 6, "NVS": 5, "LENGTH": 3337.9599609375, "TR": "Z000372251", "LONGPATH": 1310989.5, "CUM_LEN": 3337.9580078125, "PENTE": 25.747480392456055, "CGNELIN": 260302379, "BEGLIFEVER": "2015-03-22T00:00:00", "ENDLIFEVER": null, "UPDAT_BY": "1", "UPDAT_WHEN": "2015-06-24T00:00:00", "ERM_ID": "UNK", "MC": 1, "MONOT_Z": 0, "LENGTH_GEO": 3336.7605798427198, "INSPIRE_ID": "EEA_EUHydro:RL26004759:2015-03-22", "thematicId": null, "TNODE": "NO26004728", "nameText": null, "CatchID": 76 }, "geometry": { "type": "MultiLineString", "coordinates": [ [ [ 4304989.090499877929688, 2632604.520500183105469, 2398.918699999994715 ], [ 4305010.231299877166748, 2632608.484399795532227, 2391.405799999993178 ], [ 4305031.372099876403809, 2632612.448299884796143, 2389.280400000003283 ], [ 4305052.512800216674805, 2632616.412199974060059, 2383.25350000000617 ], [ 4305073.653600215911865, 2632620.375999927520752, 2371.657600000005914 ], [ 4305094.794400215148926, 2632624.339900016784668, 2362.649499999999534 ], [ 4305117.917099952697754, 2632617.733500003814697, 2356.610300000000279 ], [ 4305141.039899826049805, 2632611.126999855041504, 2346.527000000001863 ], [ 4305164.162700176239014, 2632604.520500183105469, 2337.710099999996601 ], [ 4305187.285399913787842, 2632597.91379976272583, 2320.474499999996624 ], [ 4305203.801700115203857, 2632581.397799968719482, 2316.577699999994365 ], [ 4305220.31790018081665, 2632564.881499767303467, 2310.449099999997998 ], [ 4305236.834199905395508, 2632548.365099906921387, 2306.911399999997229 ], [ 4305253.350399971008301, 2632531.848899841308594, 2303.668499999999767 ], [ 4305273.169899940490723, 2632523.354899883270264, 2303.353799999997136 ], [ 4305292.989399909973145, 2632514.860799789428711, 2298.703099999998813 ], [ 4305312.808899879455566, 2632506.366700172424316, 2298.441399999996065 ], [ 4305332.628300189971924, 2632497.872700214385986, 2295.063800000003539 ], [ 4305352.447800159454346, 2632489.378600120544434, 2292.707500000004075 ], [ 4305372.267300128936768, 2632480.884699821472168, 2290.171100000006845 ], [ 4305392.086800098419189, 2632472.390500068664551, 2284.848700000002282 ], [ 4305413.557899951934814, 2632469.087200164794922, 2283.60109999999986 ], [ 4305435.029099941253662, 2632465.783999919891357, 2278.320200000001932 ], [ 4305456.500199794769287, 2632462.480700016021729, 2272.239499999996042 ], [ 4305477.97130012512207, 2632459.177499771118164, 2261.799700000003213 ], [ 4305501.754700183868408, 2632463.14139986038208, 2254.378700000001118 ], [ 4305525.538099765777588, 2632467.105299949645996, 2249.606599999999162 ], [ 4305549.321400165557861, 2632471.069200038909912, 2240.479399999996531 ], [ 4305573.104800224304199, 2632475.033100128173828, 2224.718800000002375 ], [ 4305596.888199806213379, 2632478.997000217437744, 2205.909799999993993 ], [ 4305618.028999805450439, 2632477.675700187683105, 2203.059599999993225 ], [ 4305639.1697998046875, 2632476.354400157928467, 2197.499800000005052 ], [ 4305660.310599803924561, 2632475.033100128173828, 2183.217900000003283 ], [ 4305681.451399803161621, 2632473.711800098419189, 2180.24189999999362 ], [ 4305702.592199802398682, 2632472.390500068664551, 2173.069199999998091 ], [ 4305724.063300132751465, 2632467.435599803924561, 2165.581500000000233 ], [ 4305745.53439998626709, 2632462.480700016021729, 2161.737800000002608 ], [ 4305767.005499839782715, 2632457.526000022888184, 2155.21809999999823 ], [ 4305788.476600170135498, 2632452.571100234985352, 2145.134699999995064 ], [ 4305810.498300075531006, 2632445.964600086212158, 2142.129199999995762 ], [ 4305832.519899845123291, 2632439.357900142669678, 2131.94550000000163 ], [ 4305854.541600227355957, 2632432.751599788665771, 2124.384399999995367 ], [ 4305876.563300132751465, 2632426.144999980926514, 2118.85460000000603 ], [ 4305898.58489990234375, 2632419.53849983215332, 2106.196500000005472 ], [ 4305920.606599807739258, 2632412.932000160217285, 2094.047200000000885 ], [ 4305944.389999866485596, 2632410.289400100708008, 2092.985700000004726 ], [ 4305968.173399925231934, 2632407.64680004119873, 2088.766399999993155 ], [ 4305991.956699848175049, 2632405.004300117492676, 2083.987800000002608 ], [ 4306015.740099906921387, 2632402.361700057983398, 2077.202000000004773 ], [ 4306039.523499965667725, 2632399.719099998474121, 2065.97620000000461 ], [ 4306061.545199871063232, 2632390.910299777984619, 2062.398600000000442 ], [ 4306083.566800117492676, 2632382.101799964904785, 2053.232699999993201 ], [ 4306105.588500022888184, 2632373.293000221252441, 2042.702499999999418 ], [ 4306123.756400108337402, 2632361.731599807739258, 2026.368799999996554 ], [ 4306141.924300193786621, 2632350.170400142669678, 2023.759000000005472 ], [ 4306160.092100143432617, 2632338.609000205993652, 2014.406199999997625 ], [ 4306178.260000228881836, 2632327.047599792480469, 2007.012000000002445 ], [ 4306193.124599933624268, 2632307.228000164031982, 2004.033800000004703 ], [ 4306207.989200115203857, 2632287.408699989318848, 1996.192200000004959 ], [ 4306222.853799819946289, 2632267.589099884033203, 1990.746400000003632 ], [ 4306237.718400001525879, 2632247.769599914550781, 1982.002299999992829 ], [ 4306255.335700035095215, 2632243.365300178527832, 1980.918999999994412 ], [ 4306272.953100204467773, 2632238.960899829864502, 1975.074299999992945 ], [ 4306290.570400238037109, 2632234.556700229644775, 1968.780799999993178 ], [ 4306315.344799995422363, 2632231.253399848937988, 1967.981499999994412 ], [ 4306340.119200229644775, 2632227.950099945068359, 1961.218699999997625 ], [ 4306364.893499851226807, 2632224.64680004119873, 1951.052700000000186 ], [ 4306389.667900085449219, 2632221.343599796295166, 1939.236000000004424 ], [ 4306407.285200119018555, 2632225.747900009155273, 1935.248999999996158 ], [ 4306424.902599811553955, 2632230.152299880981445, 1931.073300000003655 ], [ 4306442.519899845123291, 2632234.556700229644775, 1927.197799999994459 ], [ 4306463.991000175476074, 2632231.253399848937988, 1927.563099999999395 ], [ 4306485.462100028991699, 2632227.950099945068359, 1923.796199999997043 ], [ 4306506.933199882507324, 2632224.64680004119873, 1917.526100000002771 ], [ 4306528.404300212860107, 2632221.343599796295166, 1912.944000000003143 ], [ 4306538.314099788665771, 2632199.872600078582764, 1905.515599999998813 ], [ 4306548.223800182342529, 2632178.401400089263916, 1906.471999999994296 ], [ 4306558.133600234985352, 2632156.930300235748291, 1897.997199999997974 ], [ 4306568.043300151824951, 2632135.459199905395508, 1887.820699999996577 ], [ 4306571.34660005569458, 2632115.639599800109863, 1886.537200000006123 ], [ 4306574.649799823760986, 2632095.820199966430664, 1878.696200000005774 ], [ 4306577.953100204467773, 2632076.000800132751465, 1872.060200000007171 ], [ 4306581.25629997253418, 2632056.18120002746582, 1867.947799999994459 ], [ 4306590.50540018081665, 2632035.040500164031982, 1864.37609999999404 ], [ 4306599.754499912261963, 2632013.899700164794922, 1857.27270000000135 ], [ 4306609.003600120544434, 2631992.758800029754639, 1855.312799999999697 ], [ 4306618.252699851989746, 2631971.618100166320801, 1849.131599999993341 ], [ 4306627.501800060272217, 2631950.477200031280518, 1843.689599999997881 ], [ 4306642.916999816894531, 2631932.859899997711182, 1841.161900000006426 ], [ 4306658.332099914550781, 2631915.242499828338623, 1834.838000000003376 ], [ 4306673.747300148010254, 2631897.625199794769287, 1833.217999999993481 ], [ 4306689.162399768829346, 2631880.007900238037109, 1824.65219999999681 ], [ 4306704.577600002288818, 2631862.390500068664551, 1817.692500000004657 ], [ 4306719.992700099945068, 2631844.773200035095215, 1806.639200000005076 ], [ 4306730.56309986114502, 2631827.596399784088135, 1800.10910000000149 ], [ 4306741.133500099182129, 2631810.419300079345703, 1793.850500000000466 ], [ 4306751.70389986038208, 2631793.242599964141846, 1788.490200000000186 ], [ 4306762.274300098419189, 2631776.065700054168701, 1771.201100000005681 ], [ 4306772.844699859619141, 2631758.888899803161621, 1769.088399999993271 ], [ 4306784.736400127410889, 2631740.390600204467773, 1764.643800000005285 ], [ 4306796.628099918365479, 2631721.892399787902832, 1758.193700000003446 ], [ 4306808.519800186157227, 2631703.394199848175049, 1751.002699999997276 ], [ 4306820.411499977111816, 2631684.895999908447266, 1747.842300000003888 ], [ 4306832.303199768066406, 2631666.397900104522705, 1737.440700000006473 ], [ 4306845.516200065612793, 2631649.881599903106689, 1731.099600000001374 ], [ 4306858.729199886322021, 2631633.365399837493896, 1724.407399999996414 ], [ 4306871.942200183868408, 2631616.849100112915039, 1714.643800000005285 ], [ 4306885.155200004577637, 2631600.333000183105469, 1704.770199999999022 ], [ 4306896.716599941253662, 2631582.164899826049805, 1704.900699999998324 ], [ 4306908.277900218963623, 2631563.997200012207031, 1693.186199999996461 ], [ 4306919.839300155639648, 2631545.829299926757812, 1682.590700000000652 ], [ 4306931.400599956512451, 2631527.661399841308594, 1673.123600000006263 ], [ 4306942.961999893188477, 2631511.145299911499023, 1670.537899999995716 ], [ 4306954.523399829864502, 2631494.629000186920166, 1664.129100000005565 ], [ 4306966.084700107574463, 2631478.112800121307373, 1650.520499999998719 ], [ 4306977.646100044250488, 2631461.596399784088135, 1636.473899999997229 ], [ 4306990.859099864959717, 2631441.776899814605713, 1631.451600000000326 ], [ 4307004.072100162506104, 2631421.957499980926514, 1627.988400000002002 ], [ 4307017.285099983215332, 2631402.138100147247314, 1613.282300000006217 ], [ 4307030.498099803924561, 2631382.31850004196167, 1602.275399999998626 ], [ 4307052.519800186157227, 2631371.307799816131592, 1602.044500000003609 ], [ 4307074.541399955749512, 2631360.296899795532227, 1592.973800000007031 ], [ 4307096.56309986114502, 2631349.286099910736084, 1589.072000000000116 ], [ 4307120.346499919891357, 2631351.928599834442139, 1588.067599999994854 ], [ 4307144.129899978637695, 2631354.571199893951416, 1585.286399999997229 ], [ 4307167.913199901580811, 2631357.213799953460693, 1582.551800000001094 ], [ 4307191.696599960327148, 2631359.856400012969971, 1578.978700000006938 ], [ 4307215.480000019073486, 2631362.499000072479248, 1573.577199999999721 ], [ 4307236.400599956512451, 2631361.397900104522705, 1573.708700000002864 ], [ 4307257.321199893951416, 2631360.296899795532227, 1571.181299999996554 ], [ 4307278.241799831390381, 2631359.195899963378906, 1568.687099999995553 ], [ 4307299.162300109863281, 2631358.094699859619141, 1565.669899999993504 ], [ 4307320.082900047302246, 2631356.993599891662598, 1561.06140000000596 ], [ 4307341.003499984741211, 2631355.892499923706055, 1555.42269999999553 ], [ 4307363.46560001373291, 2631346.643499851226807, 1553.191699999995762 ], [ 4307385.927700042724609, 2631337.394400119781494, 1550.71469999999681 ], [ 4307408.389699935913086, 2631328.145299911499023, 1549.15230000000156 ], [ 4307430.851799964904785, 2631318.896100044250488, 1547.8701 ], [ 4307453.313899993896484, 2631309.646999835968018, 1546.073600000003353 ], [ 4307466.526899814605713, 2631292.029699802398682, 1545.272400000001653 ], [ 4307479.7399001121521, 2631274.412300109863281, 1544.238500000006752 ], [ 4307492.952899932861328, 2631256.795000076293945, 1543.48410000000149 ], [ 4307511.289400100708008, 2631243.006199836730957, 1543.213099999993574 ], [ 4307529.625999927520752, 2631229.217100143432617, 1541.978700000006938 ], [ 4307547.962500095367432, 2631215.428299903869629, 1540.976699999999255 ], [ 4307566.299099922180176, 2631201.639299869537354, 1540.524600000004284 ], [ 4307584.635600090026855, 2631187.850500106811523, 1540.285799999997835 ], [ 4307602.972099781036377, 2631174.061500072479248, 1540.378599999996368 ], [ 4307621.308700084686279, 2631160.272500038146973, 1539.976299999994808 ], [ 4307639.645199775695801, 2631146.48360013961792, 1539.478600000002189 ] ] ] } },
{ "type": "Feature", "properties": { "OBJECT_ID": "RL26004778", "NEXTDOWNID": "RL26004727", "STRAHLER": 3, "Basin": "Rhine", "REX": "CH", "DFDD": "BH140", "RN_I_ID": null, "HYP": 1, "LOC": 44, "FUN": 6, "NVS": 5, "LENGTH": 1170.489990234375, "TR": "Z000372153", "LONGPATH": 1310195.5, "CUM_LEN": 32979.1875, "PENTE": 1.3331102132797239, "CGNELIN": 260302382, "BEGLIFEVER": "2015-03-22T00:00:00", "ENDLIFEVER": null, "UPDAT_BY": "1", "UPDAT_WHEN": "2015-06-24T00:00:00", "ERM_ID": "UNK", "MC": 1, "MONOT_Z": 0, "LENGTH_GEO": 1171.0992610755595, "INSPIRE_ID": "EEA_EUHydro:RL26004778:2015-03-22", "thematicId": null, "TNODE": "NO26004775", "nameText": null, "CatchID": 76 }, "geometry": { "type": "MultiLineString", "coordinates": [ [ [ 4309061.452899932861328, 2633070.629300117492676, 1563.937300000005052 ], [ 4309057.309500217437744, 2633052.221399784088135, 1563.839999999996508 ], [ 4309053.165999889373779, 2633033.813399791717529, 1563.592199999999139 ], [ 4309049.022600173950195, 2633015.405499935150146, 1562.925600000002305 ], [ 4309044.87909984588623, 2632996.997499942779541, 1562.358699999997043 ], [ 4309047.770599842071533, 2632976.757500171661377, 1562.043699999994715 ], [ 4309050.662000179290771, 2632956.517399787902832, 1561.819000000003143 ], [ 4309036.204899787902832, 2632936.277400016784668, 1561.724000000001979 ], [ 4309021.747700214385986, 2632916.037399768829346, 1561.132400000002235 ], [ 4309010.182000160217285, 2632896.761199951171875, 1560.839300000006915 ], [ 4308998.616300106048584, 2632877.485099792480469, 1560.833499999993364 ], [ 4308987.050600051879883, 2632858.208899974822998, 1559.871400000003632 ], [ 4308981.2677001953125, 2632835.077600002288818, 1560.001799999998184 ], [ 4308975.484899997711182, 2632811.946100234985352, 1559.281700000006822 ], [ 4308969.702000141143799, 2632788.814599990844727, 1558.306599999996251 ], [ 4308953.799200057983398, 2632771.466000080108643, 1558.027900000000955 ], [ 4308937.896299839019775, 2632754.117400169372559, 1557.286399999997229 ], [ 4308921.993500232696533, 2632736.768899917602539, 1556.805099999997765 ], [ 4308906.09060001373291, 2632719.420400142669678, 1556.339600000006612 ], [ 4308893.07919979095459, 2632704.963300228118896, 1556.02730000000156 ], [ 4308880.067800045013428, 2632690.506199836730957, 1555.876699999993434 ], [ 4308867.056300163269043, 2632676.048999786376953, 1555.566800000000512 ], [ 4308854.044899940490723, 2632661.591899871826172, 1555.361099999994622 ], [ 4308839.587800025939941, 2632647.134799957275391, 1555.32839999999851 ], [ 4308825.13070011138916, 2632632.677499771118164, 1555.117199999993318 ], [ 4308810.673500061035156, 2632618.220399856567383, 1554.901599999997416 ], [ 4308796.216400146484375, 2632603.763199806213379, 1554.84429999999702 ], [ 4308777.422100067138672, 2632589.306099891662598, 1554.816099999996368 ], [ 4308758.627799987792969, 2632574.849100112915039, 1554.801300000006449 ], [ 4308739.833499908447266, 2632560.391799926757812, 1554.749700000000303 ], [ 4308721.039199829101562, 2632545.934700012207031, 1554.830199999996694 ], [ 4308718.147799968719482, 2632528.586100101470947, 1554.57039999999688 ], [ 4308715.256400108337402, 2632511.237599849700928, 1554.242400000002817 ], [ 4308717.184000015258789, 2632488.106200218200684, 1554.2356 ], [ 4308719.111599922180176, 2632464.974699974060059, 1553.785799999997835 ], [ 4308721.039199829101562, 2632441.843299865722656, 1553.011100000003353 ], [ 4308721.039199829101562, 2632417.748099803924561, 1552.700599999996484 ], [ 4308721.039199829101562, 2632393.6528000831604, 1552.12159999999858 ], [ 4308721.039199829101562, 2632369.557700157165527, 1551.385899999993853 ], [ 4308721.039199829101562, 2632345.462500095367432, 1550.7387000000017 ], [ 4308721.039199829101562, 2632321.367199897766113, 1550.252299999992829 ], [ 4308721.039199829101562, 2632297.271900177001953, 1549.799199999994016 ], [ 4308720.075399875640869, 2632275.104300022125244, 1549.531700000006822 ], [ 4308719.111599922180176, 2632252.936699867248535, 1549.4146999999939 ], [ 4308718.147799968719482, 2632230.769199848175049, 1549.3076 ], [ 4308717.184000015258789, 2632208.60129976272583, 1549.240900000004331 ], [ 4308716.220200061798096, 2632186.433899879455566, 1549.117700000002515 ], [ 4308715.256400108337402, 2632164.266300201416016, 1549.059699999997974 ], [ 4308703.690700054168701, 2632146.917699813842773, 1549.032300000006217 ], [ 4308692.124899864196777, 2632129.569099903106689, 1548.843599999992875 ], [ 4308680.559199810028076, 2632112.220499992370605, 1548.735899999999674 ], [ 4308668.993500232696533, 2632094.871900081634521, 1548.716100000005099 ], [ 4308657.865799903869629, 2632082.052199840545654, 1548.832399999999325 ], [ 4308646.73799991607666, 2632069.232399940490723, 1548.77390000000014 ], [ 4308635.610300064086914, 2632056.412499904632568, 1548.333400000003166 ] ] ] } },
{ "type": "Feature", "properties": { "OBJECT_ID": "RL26004787", "NEXTDOWNID": "RL26004778", "STRAHLER": 2, "Basin": "Rhine", "REX": "CH", "DFDD": "BH140", "RN_I_ID": null, "HYP": 1, "LOC": 44, "FUN": 6, "NVS": 5, "LENGTH": 6289.2998046875, "TR": "Z000372126", "LONGPATH": 1316484.75, "CUM_LEN": 21021.417968749996, "PENTE": 4.9719104766845703, "CGNELIN": 260302382, "BEGLIFEVER": "2015-03-22T00:00:00", "ENDLIFEVER": null, "UPDAT_BY": "1", "UPDAT_WHEN": "2015-06-24T00:00:00", "ERM_ID": "UNK", "MC": 1, "MONOT_Z": 0, "LENGTH_GEO": 6286.2220730863892, "INSPIRE_ID": "EEA_EUHydro:RL26004787:2015-03-22", "thematicId": null, "TNODE": "NO26004827", "nameText": "Flüelabach", "CatchID": 76 }, "geometry": { "type": "MultiLineString", "coordinates": [ [ [ 4314298.699399948120117, 2630929.702799797058105, 1875.838799999997718 ], [ 4314279.325300216674805, 2630940.054800033569336, 1874.627900000006775 ], [ 4314259.951300144195557, 2630950.407000064849854, 1873.98859999999695 ], [ 4314240.577199935913086, 2630960.759099960327148, 1872.675300000002608 ], [ 4314216.561600208282471, 2630963.864699840545654, 1870.730299999995623 ], [ 4314192.546000003814697, 2630966.970099925994873, 1868.70350000000326 ], [ 4314168.530399799346924, 2630970.075600147247314, 1866.943199999994249 ], [ 4314144.514800071716309, 2630973.181000232696533, 1865.124500000005355 ], [ 4314120.499199867248535, 2630976.286399841308594, 1863.271099999998114 ], [ 4314096.48360013961792, 2630979.392000198364258, 1861.671799999996438 ], [ 4314082.546000003814697, 2630995.096499919891357, 1859.538799999994808 ], [ 4314068.608399868011475, 2631010.80109977722168, 1857.655199999993783 ], [ 4314054.670899868011475, 2631026.505599975585938, 1856.693499999993946 ], [ 4314040.73330020904541, 2631042.210299968719482, 1855.912299999996321 ], [ 4314026.795700073242188, 2631057.914700031280518, 1856.124100000000908 ], [ 4314012.858099937438965, 2631073.619400024414062, 1855.559399999998277 ], [ 4313993.195199966430664, 2631086.03879976272583, 1855.594899999996414 ], [ 4313973.532199859619141, 2631098.458399772644043, 1855.797600000005332 ], [ 4313953.86929988861084, 2631110.877999782562256, 1854.839399999997113 ], [ 4313934.206299781799316, 2631123.297399997711182, 1854.654999999998836 ], [ 4313925.416100025177002, 2631146.382999897003174, 1855.154899999994086 ], [ 4313916.625899791717529, 2631169.468599796295166, 1855.10910000000149 ], [ 4313907.835599899291992, 2631192.554200172424316, 1854.791800000006333 ], [ 4313899.045400142669678, 2631215.639800071716309, 1854.919699999998556 ], [ 4313890.255199909210205, 2631238.725200176239014, 1855.264299999995274 ], [ 4313874.886499881744385, 2631253.905900001525879, 1855.947199999995064 ], [ 4313859.517899990081787, 2631269.08650016784668, 1855.216199999995297 ], [ 4313844.149199962615967, 2631284.267199993133545, 1855.201000000000931 ], [ 4313828.780499935150146, 2631299.447700023651123, 1854.615699999994831 ], [ 4313813.411900043487549, 2631314.628300189971924, 1854.452699999994365 ], [ 4313798.043200016021729, 2631329.809000015258789, 1853.913899999999558 ], [ 4313776.236800193786621, 2631339.082499980926514, 1852.803400000004331 ], [ 4313754.430399894714355, 2631348.356200218200684, 1851.856199999994715 ], [ 4313732.624000072479248, 2631357.629600048065186, 1850.358200000002398 ], [ 4313710.817599773406982, 2631366.903299808502197, 1848.902799999996205 ], [ 4313689.011199951171875, 2631376.176799774169922, 1846.665800000002491 ], [ 4313667.113500118255615, 2631377.279500007629395, 1844.853199999997742 ], [ 4313645.215799808502197, 2631378.382100105285645, 1843.042900000000373 ], [ 4313623.318099975585938, 2631379.484799861907959, 1841.321899999995367 ], [ 4313601.420499801635742, 2631380.587500095367432, 1839.702000000004773 ], [ 4313579.522799968719482, 2631381.690199851989746, 1838.135899999993853 ], [ 4313557.625100135803223, 2631382.792699813842773, 1836.704800000006799 ], [ 4313541.370999813079834, 2631401.360899925231934, 1831.67160000000149 ], [ 4313525.116899967193604, 2631419.929200172424316, 1826.877500000002328 ], [ 4313508.862800121307373, 2631438.497399806976318, 1822.665999999997439 ], [ 4313492.608699798583984, 2631457.065599918365479, 1820.4087 ], [ 4313476.354700088500977, 2631475.633699893951416, 1818.733800000001793 ], [ 4313460.100599765777588, 2631494.201900005340576, 1818.289000000004307 ], [ 4313443.846499919891357, 2631512.770100116729736, 1816.585000000006403 ], [ 4313427.592400074005127, 2631531.338300228118896, 1816.769799999994575 ], [ 4313411.338300228118896, 2631549.906599998474121, 1816.292600000000675 ], [ 4313426.03000020980835, 2631564.753600120544434, 1815.946599999995669 ], [ 4313440.72160005569458, 2631579.600800037384033, 1815.757500000006985 ], [ 4313455.413300037384033, 2631594.447700023651123, 1815.432700000004843 ], [ 4313470.104899883270264, 2631609.294899940490723, 1816.892999999996391 ], [ 4313464.553899765014648, 2631627.487299919128418, 1815.415699999997742 ], [ 4313459.002799987792969, 2631645.679900169372559, 1814.728799999997136 ], [ 4313453.451700210571289, 2631663.872499942779541, 1814.612599999993108 ], [ 4313447.900700092315674, 2631682.064899921417236, 1815.392500000001746 ], [ 4313432.603499889373779, 2631698.411399841308594, 1812.701499999995576 ], [ 4313417.30620002746582, 2631714.757800102233887, 1809.410399999993388 ], [ 4313402.008999824523926, 2631731.104300022125244, 1807.594200000006822 ], [ 4313386.711800098419189, 2631747.450699806213379, 1805.852599999998347 ], [ 4313371.414599895477295, 2631763.797200202941895, 1805.305999999996857 ], [ 4313356.117300033569336, 2631780.143599987030029, 1805.270799999998417 ], [ 4313340.820099830627441, 2631796.490099906921387, 1805.520099999994272 ], [ 4313319.697800159454346, 2631801.898900032043457, 1804.814599999997881 ], [ 4313298.575399875640869, 2631807.307499885559082, 1802.346999999994296 ], [ 4313277.453100204467773, 2631812.716100215911865, 1799.85109999999986 ], [ 4313256.33080005645752, 2631818.124899864196777, 1800.024199999999837 ], [ 4313235.208499908447266, 2631823.533599853515625, 1799.841599999999744 ], [ 4313214.086100101470947, 2631828.942100048065186, 1799.148400000005495 ], [ 4313192.963799953460693, 2631834.350800037384033, 1798.377099999997881 ], [ 4313176.541200160980225, 2631850.138000011444092, 1798.412700000000768 ], [ 4313160.118500232696533, 2631865.925000190734863, 1797.519799999994575 ], [ 4313143.695899963378906, 2631881.711999893188477, 1797.471499999999651 ], [ 4313134.707600116729736, 2631896.595099925994873, 1796.907399999996414 ], [ 4313125.719299793243408, 2631911.478000164031982, 1796.449399999997695 ], [ 4313116.730999946594238, 2631926.360899925231934, 1796.164099999994505 ], [ 4313096.162300109863281, 2631935.021399974822998, 1795.427500000005239 ], [ 4313075.593599796295166, 2631943.681900024414062, 1794.686199999996461 ], [ 4313055.024899959564209, 2631952.342400074005127, 1793.751300000003539 ], [ 4313034.456200122833252, 2631961.002999782562256, 1792.694699999992736 ], [ 4313022.908899784088135, 2631975.43720006942749, 1791.826300000000629 ], [ 4313011.361499786376953, 2631989.871300220489502, 1790.394499999994878 ], [ 4312999.814199924468994, 2632004.305500030517578, 1789.4658999999956 ], [ 4312995.484000205993652, 2632021.626399993896484, 1788.970900000000256 ], [ 4312991.153800010681152, 2632038.947400093078613, 1789.02740000000631 ], [ 4312972.100699901580811, 2632047.607900142669678, 1788.353700000006938 ], [ 4312953.047599792480469, 2632056.268499851226807, 1787.651100000002771 ], [ 4312933.994500160217285, 2632064.928899765014648, 1786.887600000001839 ], [ 4312914.941400051116943, 2632073.589399814605713, 1785.738299999997253 ], [ 4312895.888299942016602, 2632082.249899864196777, 1785.342000000004191 ], [ 4312880.461800098419189, 2632098.217700004577637, 1784.951100000005681 ], [ 4312865.035299777984619, 2632114.185500144958496, 1784.840500000005704 ], [ 4312849.608799934387207, 2632130.15339994430542, 1785.033599999995204 ], [ 4312834.182300090789795, 2632146.121099948883057, 1784.66009999999369 ], [ 4312818.75570011138916, 2632162.088799953460693, 1783.478900000001886 ], [ 4312803.32919979095459, 2632178.056700229644775, 1784.14100000000326 ], [ 4312787.902699947357178, 2632194.024400234222412, 1783.461899999994785 ], [ 4312772.476200103759766, 2632209.992199897766113, 1783.997900000002119 ], [ 4312766.52209997177124, 2632228.395800113677979, 1782.851800000004005 ], [ 4312760.567999839782715, 2632246.799300193786621, 1782.535999999992782 ], [ 4312754.613900184631348, 2632265.202899932861328, 1782.415399999998044 ], [ 4312748.659800052642822, 2632283.606400012969971, 1781.159700000003795 ], [ 4312732.42140007019043, 2632298.221099853515625, 1779.80909999999858 ], [ 4312716.183000087738037, 2632312.835599899291992, 1778.541700000001583 ], [ 4312699.944499969482422, 2632327.450300216674805, 1779.409899999998743 ], [ 4312683.706099987030029, 2632342.064799785614014, 1778.868499999996857 ], [ 4312674.504300117492676, 2632358.844500064849854, 1777.142399999996996 ], [ 4312665.302499771118164, 2632375.62440013885498, 1773.532000000006519 ], [ 4312656.100800037384033, 2632392.404099941253662, 1769.488299999997253 ], [ 4312646.89900016784668, 2632409.183800220489502, 1766.236900000003516 ], [ 4312627.845900058746338, 2632419.576399803161621, 1763.024399999994785 ], [ 4312608.792799949645996, 2632429.968999862670898, 1759.992899999997462 ], [ 4312589.739699840545654, 2632440.361499786376953, 1756.927800000004936 ], [ 4312570.686600208282471, 2632450.75409984588623, 1754.888999999995576 ], [ 4312551.633500099182129, 2632461.146699905395508, 1751.214999999996508 ], [ 4312531.425700187683105, 2632463.311699867248535, 1749.37390000000596 ], [ 4312511.217800140380859, 2632465.476900100708008, 1748.989199999996345 ], [ 4312491.010000228881836, 2632467.642000198364258, 1749.384300000005169 ], [ 4312473.14769983291626, 2632477.926400184631348, 1749.325400000001537 ], [ 4312455.285500049591064, 2632488.210700035095215, 1748.444499999997788 ], [ 4312437.423200130462646, 2632498.495200157165527, 1749.137300000002142 ], [ 4312419.560900211334229, 2632508.779500007629395, 1749.780299999998533 ], [ 4312399.533500194549561, 2632516.357399940490723, 1749.69210000000021 ], [ 4312379.506100177764893, 2632523.935299873352051, 1749.618799999996554 ], [ 4312359.478700160980225, 2632531.513199806213379, 1748.335600000005797 ], [ 4312339.451300144195557, 2632539.091100215911865, 1745.254100000005565 ], [ 4312314.5524001121521, 2632538.008600234985352, 1740.638800000000629 ], [ 4312289.65339994430542, 2632536.92609977722168, 1736.728099999992992 ], [ 4312264.754499912261963, 2632535.843400001525879, 1734.739600000000792 ], [ 4312239.855599880218506, 2632534.760900020599365, 1734.402700000006007 ], [ 4312214.956600189208984, 2632533.678400039672852, 1734.586899999994785 ], [ 4312190.057700157165527, 2632532.595699787139893, 1734.526299999997718 ], [ 4312169.272500038146973, 2632539.524099826812744, 1733.296900000001187 ], [ 4312148.487299919128418, 2632546.452600002288818, 1732.402700000006007 ], [ 4312127.702099800109863, 2632553.38100004196167, 1730.936000000001513 ], [ 4312106.916900157928467, 2632560.309299945831299, 1728.626499999998487 ], [ 4312086.131700038909912, 2632567.237800121307373, 1726.592099999994389 ], [ 4312064.480500221252441, 2632567.856299877166748, 1723.746700000003329 ], [ 4312042.82919979095459, 2632568.474899768829346, 1721.039900000003399 ], [ 4312021.177999973297119, 2632569.093500137329102, 1718.7068 ], [ 4311999.526700019836426, 2632569.712200164794922, 1716.642300000006799 ], [ 4311977.875500202178955, 2632570.330900192260742, 1714.880999999993946 ], [ 4311956.224199771881104, 2632570.94950008392334, 1713.475099999996019 ], [ 4311934.572999954223633, 2632571.567999839782715, 1712.286399999997229 ], [ 4311915.519899845123291, 2632580.661600112915039, 1711.342900000003283 ], [ 4311896.466800212860107, 2632589.755099773406982, 1710.294299999994109 ], [ 4311877.413700103759766, 2632598.848599910736084, 1709.662700000000768 ], [ 4311858.360599994659424, 2632607.942100048065186, 1707.273100000005797 ], [ 4311839.307499885559082, 2632617.035500049591064, 1701.505000000004657 ], [ 4311818.089300155639648, 2632617.468599796295166, 1700.519799999994575 ], [ 4311796.871099948883057, 2632617.901599884033203, 1700.176300000006449 ], [ 4311775.6528000831604, 2632618.334700107574463, 1699.828800000002957 ], [ 4311754.434599876403809, 2632618.7677001953125, 1699.265100000004168 ], [ 4311733.216400146484375, 2632619.200699806213379, 1698.435700000001816 ], [ 4311723.112500190734863, 2632604.044899940490723, 1695.704500000007101 ], [ 4311713.008600234985352, 2632588.889100074768066, 1692.748300000006566 ], [ 4311702.904699802398682, 2632573.733200073242188, 1692.28059999999823 ], [ 4311692.079100131988525, 2632567.237800121307373, 1691.551500000001397 ], [ 4311681.253499984741211, 2632560.742400169372559, 1691.046900000001187 ], [ 4311657.870100021362305, 2632563.773600101470947, 1689.456099999995786 ], [ 4311634.486800193786621, 2632566.804699897766113, 1687.999400000000605 ], [ 4311611.103400230407715, 2632569.835899829864502, 1686.800099999993108 ], [ 4311587.720099925994873, 2632572.867099761962891, 1685.157200000001467 ], [ 4311564.336699962615967, 2632575.898200035095215, 1682.982300000003306 ], [ 4311543.768099784851074, 2632573.733200073242188, 1681.775299999993877 ], [ 4311523.199399948120117, 2632571.567999839782715, 1680.324099999997998 ], [ 4311503.094699859619141, 2632580.228499889373779, 1678.142300000006799 ], [ 4311482.9899001121521, 2632588.889100074768066, 1676.040500000002794 ], [ 4311462.885200023651123, 2632597.549499988555908, 1674.375400000004447 ], [ 4311442.780499935150146, 2632606.210000038146973, 1673.264599999994971 ], [ 4311422.67579984664917, 2632614.870500087738037, 1672.625400000004447 ], [ 4311402.571000099182129, 2632623.531000137329102, 1673.525800000003073 ], [ 4311382.466300010681152, 2632632.19159984588623, 1673.763200000001234 ], [ 4311360.45419979095459, 2632635.439300060272217, 1673.807499999995343 ], [ 4311338.442100048065186, 2632638.68690013885498, 1673.849799999996321 ], [ 4311316.429999828338623, 2632641.934700012207031, 1674.073300000003655 ], [ 4311294.417900085449219, 2632645.182199954986572, 1673.861999999993714 ], [ 4311272.405799865722656, 2632648.429900169372559, 1672.958899999997811 ], [ 4311250.393700122833252, 2632651.677599906921387, 1672.105400000000373 ], [ 4311228.742499828338623, 2632649.512599945068359, 1671.542199999996228 ], [ 4311207.09119987487793, 2632647.347400188446045, 1671.294800000003306 ], [ 4311185.440000057220459, 2632645.182199954986572, 1671.485899999999674 ], [ 4311165.95389986038208, 2632654.925300121307373, 1669.805600000006962 ], [ 4311146.467700004577637, 2632664.668200016021729, 1667.794599999993807 ], [ 4311127.522900104522705, 2632668.457300186157227, 1665.705300000001444 ], [ 4311108.578100204467773, 2632672.246399879455566, 1663.211100000000442 ], [ 4311089.633200168609619, 2632676.035200119018555, 1660.653000000005704 ], [ 4311070.688399791717529, 2632679.824299812316895, 1658.809399999998277 ], [ 4311049.578400135040283, 2632686.860799789428711, 1656.601500000004307 ], [ 4311028.468500137329102, 2632693.897500038146973, 1655.353900000001886 ], [ 4311007.358500003814697, 2632700.934199810028076, 1654.654200000004494 ], [ 4310986.248499870300293, 2632707.970799922943115, 1654.000199999994948 ], [ 4310964.597300052642822, 2632703.021900177001953, 1654.002399999997579 ], [ 4310942.946000099182129, 2632698.073200225830078, 1653.847399999998743 ], [ 4310921.2947998046875, 2632693.124199867248535, 1652.76940000000468 ], [ 4310899.643499851226807, 2632688.175399780273438, 1651.398199999995995 ], [ 4310877.992300033569336, 2632683.226600170135498, 1650.5049 ], [ 4310856.341000080108643, 2632678.277699947357178, 1649.639200000005076 ], [ 4310834.689799785614014, 2632673.328800201416016, 1648.53070000000298 ], [ 4310816.286200046539307, 2632673.328800201416016, 1647.4146999999939 ], [ 4310797.882699966430664, 2632673.328800201416016, 1646.290999999997439 ], [ 4310775.257500171661377, 2632678.017199993133545, 1645.099400000006426 ], [ 4310752.632299900054932, 2632682.705399990081787, 1644.094200000006822 ], [ 4310730.007100105285645, 2632687.393700122833252, 1642.895999999993364 ], [ 4310707.381899833679199, 2632692.082099914550781, 1641.873800000001211 ], [ 4310683.781899929046631, 2632697.045199871063232, 1642.009300000005169 ], [ 4310660.18179988861084, 2632702.008399963378906, 1642.544399999998859 ], [ 4310636.581799983978271, 2632706.971499919891357, 1642.595700000005309 ], [ 4310612.981800079345703, 2632711.934700012207031, 1643.273499999995693 ], [ 4310589.381700038909912, 2632716.897900104522705, 1644.108699999997043 ], [ 4310565.781700134277344, 2632721.860899925231934, 1644.305300000007264 ], [ 4310542.181600093841553, 2632726.82420015335083, 1645.961100000000442 ], [ 4310518.581600189208984, 2632731.787199974060059, 1645.602499999993597 ], [ 4310500.394599914550781, 2632746.582200050354004, 1643.947000000000116 ], [ 4310482.207499980926514, 2632761.377200126647949, 1643.327799999999115 ], [ 4310464.020500183105469, 2632776.172299861907959, 1639.605500000005122 ], [ 4310445.833399772644043, 2632790.967299938201904, 1635.500599999999395 ], [ 4310427.646399974822998, 2632805.76230001449585, 1631.0908999999956 ], [ 4310409.45930004119873, 2632820.557300090789795, 1626.926699999996345 ], [ 4310391.272299766540527, 2632835.352399826049805, 1623.412899999995716 ], [ 4310373.08519983291626, 2632850.147500038146973, 1622.54330000000482 ], [ 4310354.898200035095215, 2632864.942399978637695, 1621.556899999995949 ], [ 4310336.711100101470947, 2632879.737500190734863, 1621.260899999993853 ], [ 4310318.524099826812744, 2632894.53249979019165, 1621.276199999992969 ], [ 4310300.336999893188477, 2632909.327499866485596, 1620.661800000001676 ], [ 4310282.150000095367432, 2632924.122600078582764, 1620.313200000004144 ], [ 4310263.962900161743164, 2632938.917600154876709, 1619.751499999998487 ], [ 4310245.775899887084961, 2632953.712600231170654, 1619.521099999998114 ], [ 4310226.28980016708374, 2632963.72629976272583, 1618.313999999998487 ], [ 4310206.803699970245361, 2632973.739999771118164, 1617.546199999997043 ], [ 4310187.317599773406982, 2632983.753600120544434, 1616.646299999993062 ], [ 4310167.831500053405762, 2632993.767399787902832, 1615.923999999999069 ], [ 4310148.345300197601318, 2633003.781000137329102, 1615.690499999996973 ], [ 4310128.859200000762939, 2633013.7947998046875, 1614.804699999993318 ], [ 4310109.373099803924561, 2633023.80840015411377, 1612.91809999999532 ], [ 4310089.88700008392334, 2633033.822199821472168, 1611.577199999999721 ], [ 4310067.802700042724609, 2633036.853300094604492, 1611.410499999998137 ], [ 4310045.718400001525879, 2633039.884500026702881, 1604.354800000000978 ], [ 4310023.634200096130371, 2633042.915599822998047, 1601.550199999997858 ], [ 4310001.549900054931641, 2633045.946800231933594, 1601.779200000004494 ], [ 4309979.46560001373291, 2633048.978000164031982, 1601.979000000006636 ], [ 4309955.889800071716309, 2633049.459099769592285, 1601.454599999997299 ], [ 4309932.314000129699707, 2633049.940199851989746, 1600.487399999998161 ], [ 4309908.738200187683105, 2633050.421299934387207, 1598.323399999993853 ], [ 4309885.162399768829346, 2633050.902500152587891, 1596.443899999998393 ], [ 4309861.586599826812744, 2633051.383699893951416, 1594.538000000000466 ], [ 4309838.010799884796143, 2633051.8649001121521, 1592.185299999997369 ], [ 4309814.434999942779541, 2633052.346000194549561, 1589.405100000003586 ], [ 4309790.859200000762939, 2633052.827099800109863, 1586.889699999999721 ], [ 4309767.283400058746338, 2633053.308199882507324, 1583.829400000002352 ], [ 4309744.910500049591064, 2633056.916699886322021, 1581.708100000003469 ], [ 4309722.537499904632568, 2633060.525300025939941, 1579.410799999997835 ], [ 4309700.164599895477295, 2633064.133800029754639, 1576.978799999997136 ], [ 4309677.214300155639648, 2633068.89709997177124, 1575.057400000005146 ], [ 4309654.263999938964844, 2633073.660500049591064, 1573.778600000005099 ], [ 4309631.313600063323975, 2633078.423699855804443, 1572.855299999995623 ], [ 4309608.36329984664917, 2633083.18690013885498, 1571.896200000002864 ], [ 4309585.413000106811523, 2633087.950300216674805, 1570.867499999993015 ], [ 4309562.137899875640869, 2633094.71619987487793, 1569.4033999999956 ], [ 4309538.862800121307373, 2633101.4822998046875, 1568.0396999999939 ], [ 4309515.587699890136719, 2633108.248300075531006, 1567.592499999998836 ], [ 4309492.312699794769287, 2633115.014299869537354, 1567.327399999994668 ], [ 4309469.037600040435791, 2633121.780399799346924, 1567.086500000004889 ], [ 4309445.762499809265137, 2633128.546299934387207, 1566.786099999997532 ], [ 4309422.487400054931641, 2633135.312399864196777, 1566.341000000000349 ], [ 4309399.212299823760986, 2633142.078400135040283, 1565.710000000006403 ], [ 4309382.61299991607666, 2633151.46049976348877, 1565.172200000000885 ], [ 4309366.013700008392334, 2633160.842700004577637, 1564.641699999992852 ], [ 4309349.414400100708008, 2633170.224899768829346, 1564.079899999996996 ], [ 4309325.598000049591064, 2633169.142399787902832, 1563.449200000002747 ], [ 4309301.781700134277344, 2633168.059899806976318, 1563.140499999994063 ], [ 4309277.9653000831604, 2633166.977399826049805, 1563.484700000000885 ], [ 4309254.148900032043457, 2633165.894700050354004, 1564.292600000000675 ], [ 4309234.662799835205078, 2633153.986599922180176, 1564.938099999999395 ], [ 4309215.176700115203857, 2633142.078400135040283, 1565.289999999993597 ], [ 4309191.360400199890137, 2633139.913300037384033, 1565.3353000000061 ], [ 4309167.544000148773193, 2633137.748000144958496, 1565.4568 ], [ 4309149.501299858093262, 2633128.365900039672852, 1565.468699999997625 ], [ 4309131.458499908447266, 2633118.98360013961792, 1565.252299999992829 ], [ 4309113.415800094604492, 2633109.60129976272583, 1565.130499999999302 ], [ 4309096.094799995422363, 2633096.610700130462646, 1564.737800000002608 ], [ 4309078.773900032043457, 2633083.619999885559082, 1564.295499999992899 ], [ 4309061.452899932861328, 2633070.629300117492676, 1563.937300000005052 ] ] ] } },
{ "type": "Feature", "properties": { "OBJECT_ID": "RL26004799", "NEXTDOWNID": "RL26004727", "STRAHLER": 1, "Basin": "Rhine", "REX": "CH", "DFDD": "BH140", "RN_I_ID": null, "HYP": 1, "LOC": 44, "FUN": 6, "NVS": 5, "LENGTH": 3225.760009765625, "TR": "Z000372176", "LONGPATH": 1312250.75, "CUM_LEN": 3225.755126953125, "PENTE": 24.626838684082031, "CGNELIN": 260403422, "BEGLIFEVER": "2015-03-22T00:00:00", "ENDLIFEVER": null, "UPDAT_BY": "1", "UPDAT_WHEN": "2015-06-24T00:00:00", "ERM_ID": "UNK", "MC": 1, "MONOT_Z": 0, "LENGTH_GEO": 3223.989800564746, "INSPIRE_ID": "EEA_EUHydro:RL26004799:2015-03-22", "thematicId": null, "TNODE": "NO26004775", "nameText": null, "CatchID": 76 }, "geometry": { "type": "MultiLineString", "coordinates": [ [ [ 4305822.610199928283691, 2633304.809100151062012, 2342.734899999995832 ], [ 4305829.657100200653076, 2633283.668200016021729, 2327.198499999998603 ], [ 4305836.704100131988525, 2633262.527500152587891, 2312.017999999996391 ], [ 4305843.750999927520752, 2633241.386899948120117, 2304.732900000002701 ], [ 4305850.797999858856201, 2633220.246099948883057, 2295.952000000004773 ], [ 4305857.844900131225586, 2633199.105199813842773, 2280.225699999995413 ], [ 4305875.462200164794922, 2633188.094299793243408, 2270.545199999993201 ], [ 4305893.079599857330322, 2633177.083499908447266, 2272.540099999998347 ], [ 4305910.696899890899658, 2633166.0725998878479, 2264.03870000000461 ], [ 4305928.314199924468994, 2633155.06190013885498, 2255.174199999994016 ], [ 4305943.729400157928467, 2633141.848800182342529, 2251.022400000001653 ], [ 4305959.144499778747559, 2633128.635900020599365, 2246.321299999995972 ], [ 4305974.559700012207031, 2633115.422999858856201, 2237.78190000000177 ], [ 4305989.974800109863281, 2633102.210000038146973, 2234.318499999993946 ], [ 4306007.592100143432617, 2633095.603499889373779, 2233.441500000000815 ], [ 4306025.209499835968018, 2633088.996900081634521, 2225.2837 ], [ 4306042.826799869537354, 2633082.390399932861328, 2219.674599999998463 ], [ 4306060.444099903106689, 2633075.783899784088135, 2213.194300000002841 ], [ 4306079.529500007629395, 2633065.507100105285645, 2208.46480000000156 ], [ 4306098.614999771118164, 2633055.230299949645996, 2203.44100000000617 ], [ 4306117.700399875640869, 2633044.953700065612793, 2198.553599999999278 ], [ 4306136.785799980163574, 2633034.676799774169922, 2194.539099999994505 ], [ 4306155.871300220489502, 2633024.400100231170654, 2190.357600000003004 ], [ 4306174.956699848175049, 2633014.123300075531006, 2182.466899999999441 ], [ 4306197.607600212097168, 2633004.05620002746582, 2182.62050000000454 ], [ 4306220.258399963378906, 2632993.989099979400635, 2175.966000000000349 ], [ 4306242.909299850463867, 2632983.922100067138672, 2168.528200000000652 ], [ 4306265.560100078582764, 2632973.855100154876709, 2161.727499999993597 ], [ 4306288.210999965667725, 2632963.788099765777588, 2159.737699999997858 ], [ 4306310.861800193786621, 2632953.721000194549561, 2153.395600000003469 ], [ 4306333.512700080871582, 2632943.653900146484375, 2148.046400000006543 ], [ 4306355.53439998626709, 2632934.845300197601318, 2144.921199999997043 ], [ 4306377.556000232696533, 2632926.036600112915039, 2138.883300000001327 ], [ 4306399.577700138092041, 2632917.228000164031982, 2129.958799999993062 ], [ 4306421.599299907684326, 2632908.419300079345703, 2125.875899999999092 ], [ 4306445.823100090026855, 2632912.823599815368652, 2121.388699999995879 ], [ 4306470.046999931335449, 2632917.228000164031982, 2114.516600000002654 ], [ 4306494.270800113677979, 2632921.632400035858154, 2105.505000000004657 ], [ 4306518.49459981918335, 2632926.036600112915039, 2092.790900000007241 ], [ 4306538.314099788665771, 2632928.238900184631348, 2090.054799999998068 ], [ 4306558.133600234985352, 2632930.440999984741211, 2084.130499999999302 ], [ 4306577.953000068664551, 2632932.643099784851074, 2076.31710000000021 ], [ 4306597.772500038146973, 2632934.845300197601318, 2071.440799999996671 ], [ 4306621.996300220489502, 2632932.643099784851074, 2069.32499999999709 ], [ 4306646.220200061798096, 2632930.440999984741211, 2064.083899999997811 ], [ 4306670.443999767303467, 2632928.238900184631348, 2055.73080000000482 ], [ 4306694.667799949645996, 2632926.036600112915039, 2045.304799999998068 ], [ 4306719.332099914550781, 2632924.275000095367432, 2039.634999999994761 ], [ 4306743.996300220489502, 2632922.513100147247314, 2036.921799999996438 ], [ 4306768.660600185394287, 2632920.751399993896484, 2033.691200000001118 ], [ 4306793.32480001449585, 2632918.989699840545654, 2024.743199999997159 ], [ 4306817.989099979400635, 2632917.228000164031982, 2014.024699999994482 ], [ 4306839.129899978637695, 2632915.46619987487793, 2011.64879999999539 ], [ 4306860.270699977874756, 2632913.704500198364258, 1999.016600000002654 ], [ 4306881.411499977111816, 2632911.942800045013428, 1992.777100000006612 ], [ 4306902.552299976348877, 2632910.181000232696533, 1983.270900000003166 ], [ 4306923.693099975585938, 2632908.419300079345703, 1978.232499999998254 ], [ 4306946.204100131988525, 2632900.589399814605713, 1981.492400000002817 ], [ 4306968.715099811553955, 2632892.759600162506104, 1975.393100000001141 ], [ 4306991.226200103759766, 2632884.929599761962891, 1965.4807 ], [ 4307013.737199783325195, 2632877.099699974060059, 1961.708799999993062 ], [ 4307036.248199939727783, 2632869.269700050354004, 1960.151199999992969 ], [ 4307058.759200096130371, 2632861.439799785614014, 1955.238800000006449 ], [ 4307081.270299911499023, 2632853.609799861907959, 1951.235000000000582 ], [ 4307103.781300067901611, 2632845.779900074005127, 1952.438299999994342 ], [ 4307126.292300224304199, 2632837.950099945068359, 1945.397599999996601 ], [ 4307149.194799900054932, 2632829.141300201416016, 1941.254100000005565 ], [ 4307172.097300052642822, 2632820.332799911499023, 1935.223899999997229 ], [ 4307194.999899864196777, 2632811.52400016784668, 1920.615600000004633 ], [ 4307217.902400016784668, 2632802.715499877929688, 1905.723299999997835 ], [ 4307240.804900169372559, 2632793.906700134277344, 1891.677599999995437 ], [ 4307263.927599906921387, 2632785.098000049591064, 1887.644100000004983 ], [ 4307287.050399780273438, 2632776.289400100708008, 1874.032099999996717 ], [ 4307310.173099994659424, 2632767.480700016021729, 1865.82499999999709 ], [ 4307333.295899868011475, 2632758.672100067138672, 1865.002200000002631 ], [ 4307356.418600082397461, 2632749.863399982452393, 1857.119099999996251 ], [ 4307379.541299819946289, 2632741.054699897766113, 1843.071200000005774 ], [ 4307402.664100170135498, 2632732.246099948883057, 1833.62050000000454 ], [ 4307425.786799907684326, 2632723.437399864196777, 1826.837599999998929 ], [ 4307449.276599884033203, 2632716.096799850463867, 1816.708299999998417 ], [ 4307472.766300201416016, 2632708.756400108337402, 1814.09769999999844 ], [ 4307496.256100177764893, 2632701.41569995880127, 1811.590400000000955 ], [ 4307519.74590015411377, 2632694.075099945068359, 1807.068599999998696 ], [ 4307543.235599994659424, 2632686.734600067138672, 1802.944799999997485 ], [ 4307566.725399971008301, 2632679.394000053405762, 1796.475999999995111 ], [ 4307589.627900123596191, 2632675.870500087738037, 1795.498300000006566 ], [ 4307612.530499935150146, 2632672.3471999168396, 1791.468699999997625 ], [ 4307635.433000087738037, 2632668.823599815368652, 1784.160000000003492 ], [ 4307658.335599899291992, 2632665.300300121307373, 1776.813800000003539 ], [ 4307681.238100051879883, 2632661.776700019836426, 1768.047800000000279 ], [ 4307703.259799957275391, 2632655.170199871063232, 1767.457999999998719 ], [ 4307725.281400203704834, 2632648.563700199127197, 1765.544299999994109 ], [ 4307747.303100109100342, 2632641.957200050354004, 1755.753299999996671 ], [ 4307769.324699878692627, 2632635.350800037384033, 1746.131599999993341 ], [ 4307785.473899841308594, 2632619.201600074768066, 1744.231799999994109 ], [ 4307801.623099803924561, 2632603.0524001121521, 1743.772100000001956 ], [ 4307817.77239990234375, 2632586.903200149536133, 1734.444199999998091 ], [ 4307833.921599864959717, 2632570.753799915313721, 1729.444900000002235 ], [ 4307850.070799827575684, 2632554.604599952697754, 1720.926000000006752 ], [ 4307866.21999979019165, 2632538.455399990081787, 1703.434699999997974 ], [ 4307883.837299823760986, 2632523.04040002822876, 1700.916800000006333 ], [ 4307901.454699993133545, 2632507.625100135803223, 1693.123600000006263 ], [ 4307919.072000026702881, 2632492.210000038146973, 1682.939100000003236 ], [ 4307936.689300060272217, 2632476.794899940490723, 1675.801900000005844 ], [ 4307956.233500003814697, 2632475.69379997253418, 1669.65240000000631 ], [ 4307975.7778000831604, 2632474.592700004577637, 1665.144100000004983 ], [ 4307995.322000026702881, 2632473.491700172424316, 1658.556700000001001 ], [ 4308014.866199970245361, 2632472.390500068664551, 1647.975600000005215 ], [ 4308036.887800216674805, 2632476.794899940490723, 1640.87510000000475 ], [ 4308058.909500122070312, 2632481.199299812316895, 1640.725800000000163 ], [ 4308080.931099891662598, 2632485.603499889373779, 1630.586999999999534 ], [ 4308097.447400093078613, 2632469.087399959564209, 1626.791599999996834 ], [ 4308113.963600158691406, 2632452.571100234985352, 1623.173500000004424 ], [ 4308130.479899883270264, 2632436.054800033569336, 1615.21809999999823 ], [ 4308146.996099948883057, 2632419.53849983215332, 1606.09429999999702 ], [ 4308164.613399982452393, 2632406.325600147247314, 1603.944900000002235 ], [ 4308182.230800151824951, 2632393.112599849700928, 1596.820800000001327 ], [ 4308199.848100185394287, 2632379.899499893188477, 1594.803100000004633 ], [ 4308217.025000095367432, 2632364.043900012969971, 1590.369699999995646 ], [ 4308234.201900005340576, 2632348.188399791717529, 1586.572700000004261 ], [ 4308251.378699779510498, 2632332.332799911499023, 1583.34429999999702 ], [ 4308268.555600166320801, 2632316.477099895477295, 1579.879400000005262 ], [ 4308285.732500076293945, 2632300.621600151062012, 1577.329299999997602 ], [ 4308304.951399803161621, 2632285.606800079345703, 1576.591100000005099 ], [ 4308324.170300006866455, 2632270.592000007629395, 1576.472200000003795 ], [ 4308343.389200210571289, 2632255.577300071716309, 1574.65570000000298 ], [ 4308362.608099937438965, 2632240.562399864196777, 1572.940000000002328 ], [ 4308381.827000141143799, 2632225.547800064086914, 1572.073300000003655 ], [ 4308401.045899868011475, 2632210.532899856567383, 1569.421100000006845 ], [ 4308420.264800071716309, 2632195.51830005645752, 1567.572700000004261 ], [ 4308439.483699798583984, 2632180.503399848937988, 1566.164600000003702 ], [ 4308458.702600002288818, 2632165.488699913024902, 1563.3637000000017 ], [ 4308477.921500205993652, 2632150.473899841308594, 1560.749800000005052 ], [ 4308497.140399932861328, 2632135.459199905395508, 1555.912400000001071 ], [ 4308516.921800136566162, 2632124.166699886322021, 1554.903500000000349 ], [ 4308536.703199863433838, 2632112.87440013885498, 1552.705600000001141 ], [ 4308556.484600067138672, 2632101.582099914550781, 1551.456300000005285 ], [ 4308576.26609992980957, 2632090.289599895477295, 1550.28509999999369 ], [ 4308596.047500133514404, 2632078.997200012207031, 1549.968800000002375 ], [ 4308615.82889986038208, 2632067.704899787902832, 1548.926999999996042 ], [ 4308635.610300064086914, 2632056.412499904632568, 1548.333400000003166 ] ] ] } },
{ "type": "Feature", "properties": { "OBJECT_ID": "RL26004812", "NEXTDOWNID": "RL26004778", "STRAHLER": 2, "Basin": "Rhine", "REX": "CH", "DFDD": "BH140", "RN_I_ID": null, "HYP": 1, "LOC": 44, "FUN": 6, "NVS": 5, "LENGTH": 561.17999267578125, "TR": "Z000372036", "LONGPATH": 1310756.625, "CUM_LEN": 8120.1845703125, "PENTE": 2.750700950622559, "CGNELIN": 260403661, "BEGLIFEVER": "2015-03-22T00:00:00", "ENDLIFEVER": null, "UPDAT_BY": "1", "UPDAT_WHEN": "2015-06-24T00:00:00", "ERM_ID": "UNK", "MC": 1, "MONOT_Z": 0, "LENGTH_GEO": 561.36331066846674, "INSPIRE_ID": "EEA_EUHydro:RL26004812:2015-03-22", "thematicId": null, "TNODE": "NO26004827", "nameText": null, "CatchID": 76 }, "geometry": { "type": "MultiLineString", "coordinates": [ [ [ 4309307.779500007629395, 2633512.445700168609619, 1551.878899999996065 ], [ 4309310.358799934387207, 2633490.554699897766113, 1554.094599999996717 ], [ 4309312.938000202178955, 2633468.66379976272583, 1559.049400000003516 ], [ 4309315.517300128936768, 2633446.772900104522705, 1560.578800000002957 ], [ 4309303.170000076293945, 2633425.164899826049805, 1561.612999999997555 ], [ 4309290.8225998878479, 2633403.55709981918335, 1561.451499999995576 ], [ 4309278.475299835205078, 2633389.151899814605713, 1562.022500000006403 ], [ 4309266.127900123596191, 2633374.746600151062012, 1562.194000000003143 ], [ 4309253.780600070953369, 2633360.341400146484375, 1564.556200000006356 ], [ 4309244.520100116729736, 2633337.190199851989746, 1563.181800000005751 ], [ 4309235.259600162506104, 2633314.03879976272583, 1563.358600000006845 ], [ 4309219.825500011444092, 2633295.517899990081787, 1565.036300000007031 ], [ 4309204.391300201416016, 2633276.996900081634521, 1565.406700000006822 ], [ 4309184.845499992370605, 2633265.972499847412109, 1564.6021999999939 ], [ 4309165.299600124359131, 2633254.948200225830078, 1563.770999999993364 ], [ 4309145.753799915313721, 2633243.923699855804443, 1564.817200000004959 ], [ 4309126.208000183105469, 2633232.899300098419189, 1563.941300000005867 ], [ 4309106.662199974060059, 2633221.874899864196777, 1564.490799999999581 ], [ 4309087.116300106048584, 2633210.850599765777588, 1564.070800000001327 ], [ 4309067.570499897003174, 2633199.826200008392334, 1567.315400000006775 ], [ 4309059.754700183868408, 2633183.396599769592285, 1564.542199999996228 ], [ 4309051.938899993896484, 2633166.966899871826172, 1565.913000000000466 ], [ 4309054.317399978637695, 2633142.882500171661377, 1565.062200000000303 ], [ 4309056.695899963378906, 2633118.798099994659424, 1564.498699999996461 ], [ 4309059.074399948120117, 2633094.713699817657471, 1564.123000000006869 ], [ 4309061.452899932861328, 2633070.629300117492676, 1563.937300000005052 ] ] ] } },
{ "type": "Feature", "properties": { "OBJECT_ID": "RL26004861", "NEXTDOWNID": "RL26004812", "STRAHLER": 2, "Basin": "Rhine", "REX": "CH", "DFDD": "BH140", "RN_I_ID": null, "HYP": 1, "LOC": 44, "FUN": 6, "NVS": 5, "LENGTH": 1091.81005859375, "TR": "Z000371903", "LONGPATH": 1311848.375, "CUM_LEN": 7559.00048828125, "PENTE": 0.247561320662498, "CGNELIN": 260403661, "BEGLIFEVER": "2015-03-22T00:00:00", "ENDLIFEVER": null, "UPDAT_BY": "1", "UPDAT_WHEN": "2015-06-24T00:00:00", "ERM_ID": "UNK", "MC": 1, "MONOT_Z": 1, "LENGTH_GEO": 1092.004021649677, "INSPIRE_ID": "EEA_EUHydro:RL26004861:2015-03-22", "thematicId": null, "TNODE": "NO26004861", "nameText": null, "CatchID": 76 }, "geometry": { "type": "MultiLineString", "coordinates": [ [ [ 4309987.264200210571289, 2634330.078400135040283, 1549.176000000006752 ], [ 4309973.964099884033203, 2634309.055699825286865, 1549.176000000006752 ], [ 4309960.664000034332275, 2634288.032899856567383, 1549.176000000006752 ], [ 4309947.363900184631348, 2634267.010200023651123, 1549.176000000006752 ], [ 4309934.063799858093262, 2634245.987500190734863, 1549.176000000006752 ], [ 4309920.763700008392334, 2634224.964799880981445, 1549.176000000006752 ], [ 4309907.463600158691406, 2634203.941999912261963, 1549.176000000006752 ], [ 4309894.163599967956543, 2634182.919300079345703, 1549.176000000006752 ], [ 4309880.863500118255615, 2634161.896699905395508, 1549.176000000006752 ], [ 4309867.563399791717529, 2634140.873899936676025, 1549.176000000006752 ], [ 4309854.263299942016602, 2634119.851099967956543, 1549.176000000006752 ], [ 4309840.963200092315674, 2634098.828400135040283, 1549.176000000006752 ], [ 4309827.663099765777588, 2634077.805799961090088, 1549.176000000006752 ], [ 4309814.36299991607666, 2634056.782999992370605, 1549.176000000006752 ], [ 4309795.622700214385986, 2634041.165999889373779, 1549.176000000006752 ], [ 4309776.882500171661377, 2634025.549200057983398, 1549.176000000006752 ], [ 4309758.142199993133545, 2634009.932499885559082, 1549.176000000006752 ], [ 4309739.401999950408936, 2633994.315599918365479, 1549.176000000006752 ], [ 4309720.661699771881104, 2633978.698599815368652, 1549.176000000006752 ], [ 4309701.921500205993652, 2633963.081699848175049, 1549.176000000006752 ], [ 4309683.18120002746582, 2633947.464900016784668, 1549.176000000006752 ], [ 4309664.440999984741211, 2633931.848000049591064, 1549.176000000006752 ], [ 4309645.700699806213379, 2633916.231200218200684, 1549.176000000006752 ], [ 4309626.96049976348877, 2633900.614200115203857, 1549.176000000006752 ], [ 4309608.220200061798096, 2633884.997499942779541, 1549.176000000006752 ], [ 4309589.480000019073486, 2633869.380499839782715, 1549.176000000006752 ], [ 4309570.739699840545654, 2633853.763700008392334, 1549.176000000006752 ], [ 4309551.999499797821045, 2633838.14680004119873, 1549.176000000006752 ], [ 4309533.259200096130371, 2633822.529900074005127, 1549.176000000006752 ], [ 4309514.519000053405762, 2633806.913099765777588, 1549.176000000006752 ], [ 4309495.77869987487793, 2633791.29610013961792, 1549.176000000006752 ], [ 4309477.03849983215332, 2633775.679200172424316, 1549.176000000006752 ], [ 4309458.298200130462646, 2633760.062399864196777, 1549.176000000006752 ], [ 4309439.558000087738037, 2633744.445499897003174, 1549.176000000006752 ], [ 4309420.817699909210205, 2633728.828700065612793, 1549.176000000006752 ], [ 4309402.077499866485596, 2633713.211699962615967, 1549.176000000006752 ], [ 4309383.337200164794922, 2633697.59499979019165, 1549.176000000006752 ], [ 4309364.597000122070312, 2633681.978000164031982, 1549.176000000006752 ], [ 4309345.85669994354248, 2633666.361199855804443, 1549.176000000006752 ], [ 4309340.417099952697754, 2633644.373300075531006, 1549.176000000006752 ], [ 4309334.977499961853027, 2633622.38539981842041, 1549.176000000006752 ], [ 4309329.537899971008301, 2633600.397500038146973, 1549.176000000006752 ], [ 4309324.098299980163574, 2633578.40939998626709, 1549.176000000006752 ], [ 4309318.658699989318848, 2633556.421500205993652, 1549.244099999996251 ], [ 4309313.219099998474121, 2633534.433599948883057, 1549.550399999992806 ], [ 4309307.779500007629395, 2633512.445700168609619, 1551.878899999996065 ] ] ] } },
{ "type": "Feature", "properties": { "OBJECT_ID": "RL26004862", "NEXTDOWNID": "RL26004861", "STRAHLER": 1, "Basin": "Rhine", "REX": "CH", "DFDD": "BH140", "RN_I_ID": null, "HYP": 1, "LOC": 44, "FUN": 6, "NVS": 5, "LENGTH": 338.760009765625, "TR": "Z000371817", "LONGPATH": 1312187.125, "CUM_LEN": 1713.1669921875, "PENTE": 2.9307374954223628, "CGNELIN": 260501295, "BEGLIFEVER": "2015-03-22T00:00:00", "ENDLIFEVER": null, "UPDAT_BY": "1", "UPDAT_WHEN": "2015-06-24T00:00:00", "ERM_ID": "UNK", "MC": 1, "MONOT_Z": 0, "LENGTH_GEO": 338.46014456460563, "INSPIRE_ID": "EEA_EUHydro:RL26004862:2015-03-22", "thematicId": null, "TNODE": "NO26004911", "nameText": null, "CatchID": 76 }, "geometry": { "type": "MultiLineString", "coordinates": [ [ [ 4310321.907899856567383, 2634277.421800136566162, 1559.104200000001583 ], [ 4310298.004799842834473, 2634281.183000087738037, 1552.056200000006356 ], [ 4310274.101699829101562, 2634284.944099903106689, 1549.176000000006752 ], [ 4310250.198500156402588, 2634288.705299854278564, 1549.176000000006752 ], [ 4310226.295400142669678, 2634292.466400146484375, 1549.176000000006752 ], [ 4310202.392300128936768, 2634296.227700233459473, 1549.176000000006752 ], [ 4310178.489200115203857, 2634299.988900184631348, 1549.176000000006752 ], [ 4310154.586100101470947, 2634303.75, 1549.176000000006752 ], [ 4310130.682899951934814, 2634307.511199951171875, 1549.176000000006752 ], [ 4310106.779799938201904, 2634311.272500038146973, 1549.176000000006752 ], [ 4310082.876699924468994, 2634315.033699989318848, 1549.176000000006752 ], [ 4310058.973599910736084, 2634318.7947998046875, 1549.176000000006752 ], [ 4310035.070400238037109, 2634322.555900096893311, 1549.176000000006752 ], [ 4310011.167300224304199, 2634326.317100048065186, 1549.176000000006752 ], [ 4309987.264200210571289, 2634330.078400135040283, 1549.176000000006752 ] ] ] } },
{ "type": "Feature", "properties": { "OBJECT_ID": "RL26004867", "NEXTDOWNID": "RL26004778", "STRAHLER": 1, "Basin": "Rhine", "REX": "CH", "DFDD": "BH140", "RN_I_ID": null, "HYP": 1, "LOC": 44, "FUN": 6, "NVS": 5, "LENGTH": 2667.090087890625, "TR": "Z000372087", "LONGPATH": 1312862.625, "CUM_LEN": 2667.09375, "PENTE": 27.947713851928711, "CGNELIN": 260502036, "BEGLIFEVER": "2015-03-22T00:00:00", "ENDLIFEVER": null, "UPDAT_BY": "1", "UPDAT_WHEN": "2015-06-24T00:00:00", "ERM_ID": "UNK", "MC": 1, "MONOT_Z": 0, "LENGTH_GEO": 2666.5368800759725, "INSPIRE_ID": "EEA_EUHydro:RL26004867:2015-03-22", "thematicId": null, "TNODE": "NO26004827", "nameText": null, "CatchID": 76 }, "geometry": { "type": "MultiLineString", "coordinates": [ [ [ 4307135.10099983215332, 2634397.083300113677979, 2309.328999999997905 ], [ 4307135.10099983215332, 2634375.942599773406982, 2296.991599999993923 ], [ 4307135.10099983215332, 2634354.801700115203857, 2291.607099999993807 ], [ 4307135.10099983215332, 2634333.660999774932861, 2287.187099999995553 ], [ 4307135.10099983215332, 2634312.520100116729736, 2282.596499999999651 ], [ 4307135.10099983215332, 2634291.379300117492676, 2274.016099999993457 ], [ 4307141.707499980926514, 2634269.357699871063232, 2271.757500000006985 ], [ 4307148.314000129699707, 2634247.336100101470947, 2267.985300000000279 ], [ 4307154.920499801635742, 2634225.314499855041504, 2258.122799999997369 ], [ 4307161.526999950408936, 2634203.292699813842773, 2246.3269 ], [ 4307167.399400234222412, 2634179.802899837493896, 2244.420299999997951 ], [ 4307173.271900177001953, 2634156.313300132751465, 2238.379199999995762 ], [ 4307179.144299983978271, 2634132.823400020599365, 2226.708700000002864 ], [ 4307194.559500217437744, 2634117.408299922943115, 2219.57839999999851 ], [ 4307209.974599838256836, 2634101.993199825286865, 2215.755499999999302 ], [ 4307225.389800071716309, 2634086.578000068664551, 2211.076100000005681 ], [ 4307240.804900169372559, 2634071.162700176239014, 2206.238899999996647 ], [ 4307258.422200202941895, 2634055.747700214385986, 2201.806400000001304 ], [ 4307276.039599895477295, 2634040.332499980926514, 2191.252600000007078 ], [ 4307293.656899929046631, 2634024.917399883270264, 2185.795499999992899 ], [ 4307311.274199962615967, 2634009.502099990844727, 2177.978499999997439 ], [ 4307315.678500175476074, 2633985.27839994430542, 2177.64890000000014 ], [ 4307320.082900047302246, 2633961.054599761962891, 2169.248300000006566 ], [ 4307324.487199783325195, 2633936.830599784851074, 2161.659899999998743 ], [ 4307328.891499996185303, 2633912.606800079345703, 2150.346099999995204 ], [ 4307339.902400016784668, 2633890.585299968719482, 2145.32499999999709 ], [ 4307350.913199901580811, 2633868.563499927520752, 2141.214600000006612 ], [ 4307361.924099922180176, 2633846.541800022125244, 2127.843500000002678 ], [ 4307372.934899806976318, 2633824.520299911499023, 2117.820800000001327 ], [ 4307386.147900104522705, 2633806.902999877929688, 2108.331200000000536 ], [ 4307399.360899925231934, 2633789.285500049591064, 2100.415999999997439 ], [ 4307412.57390022277832, 2633771.668200016021729, 2092.221399999994901 ], [ 4307425.786799907684326, 2633754.050899982452393, 2087.70230000000447 ], [ 4307438.999800205230713, 2633736.433599948883057, 2080.9087 ], [ 4307452.212800025939941, 2633718.816299915313721, 2075.1394 ], [ 4307466.306700229644775, 2633699.437300205230713, 2068.372700000007171 ], [ 4307480.400499820709229, 2633680.058199882507324, 2063.244200000001001 ], [ 4307494.494400024414062, 2633660.679200172424316, 2059.288300000000163 ], [ 4307508.588200092315674, 2633641.30019998550415, 2051.474799999996321 ], [ 4307522.68209981918335, 2633621.921000003814697, 2040.054000000003725 ], [ 4307540.299399852752686, 2633605.77180004119873, 2036.905299999998533 ], [ 4307557.916800022125244, 2633589.622700214385986, 2026.517900000006193 ], [ 4307575.53410005569458, 2633573.473499774932861, 2022.111699999994016 ], [ 4307593.151400089263916, 2633557.32420015335083, 2008.395199999999022 ], [ 4307610.768799781799316, 2633541.175000190734863, 1995.668799999999464 ], [ 4307628.386099815368652, 2633525.025800228118896, 1985.834900000001653 ], [ 4307643.067200183868408, 2633507.408500194549561, 1982.776400000002468 ], [ 4307657.748300075531006, 2633489.790999889373779, 1976.449600000007194 ], [ 4307672.429399967193604, 2633472.173699855804443, 1970.850099999996019 ], [ 4307687.110499858856201, 2633454.556399822235107, 1957.238400000002002 ], [ 4307701.791600227355957, 2633436.939099788665771, 1946.989000000001397 ], [ 4307716.472700119018555, 2633419.321800231933594, 1934.37390000000596 ], [ 4307734.090000152587891, 2633403.906700134277344, 1929.167199999996228 ], [ 4307751.707399845123291, 2633388.491399765014648, 1924.08169999999518 ], [ 4307769.324699878692627, 2633373.076399803161621, 1919.869200000001001 ], [ 4307786.941999912261963, 2633357.661099910736084, 1912.104399999996531 ], [ 4307798.68690013885498, 2633337.107500076293945, 1910.398000000001048 ], [ 4307810.43179988861084, 2633316.553999900817871, 1902.44539999999688 ], [ 4307822.176700115203857, 2633296.000500202178955, 1893.454800000006799 ], [ 4307843.317500114440918, 2633287.191800117492676, 1888.194399999993038 ], [ 4307864.458300113677979, 2633278.383200168609619, 1885.785999999992782 ], [ 4307885.598999977111816, 2633269.57450008392334, 1879.462799999993877 ], [ 4307906.739799976348877, 2633260.765900135040283, 1869.713399999993271 ], [ 4307927.880599975585938, 2633251.957099914550781, 1862.04210000000603 ], [ 4307952.544899940490723, 2633251.957099914550781, 1854.957399999999325 ], [ 4307977.209099769592285, 2633251.957099914550781, 1848.822199999995064 ], [ 4308001.873400211334229, 2633251.957099914550781, 1840.147299999996903 ], [ 4308026.537600040435791, 2633251.957099914550781, 1830.24890000000596 ], [ 4308051.201900005340576, 2633251.957099914550781, 1816.698199999998906 ], [ 4308075.114999771118164, 2633249.918600082397461, 1808.837100000004284 ], [ 4308099.02810001373291, 2633247.879899978637695, 1801.64079999999376 ], [ 4308122.941199779510498, 2633245.84119987487793, 1791.332299999994575 ], [ 4308146.854300022125244, 2633243.802599906921387, 1780.283500000005006 ], [ 4308170.767399787902832, 2633241.763999938964844, 1765.721499999999651 ], [ 4308194.680500030517578, 2633239.725200176239014, 1749.697799999994459 ], [ 4308214.065299987792969, 2633233.676400184631348, 1747.716499999994994 ], [ 4308233.450200080871582, 2633227.627299785614014, 1738.925700000007055 ], [ 4308252.835000038146973, 2633221.578400135040283, 1729.56260000000475 ], [ 4308272.219799995422363, 2633215.529399871826172, 1719.806700000001001 ], [ 4308294.075600147247314, 2633216.68340015411377, 1717.523300000000745 ], [ 4308315.931300163269043, 2633217.837600231170654, 1709.036399999997229 ], [ 4308337.787099838256836, 2633218.991700172424316, 1695.522599999996601 ], [ 4308361.232900142669678, 2633215.310200214385986, 1691.115200000000186 ], [ 4308384.678599834442139, 2633211.629000186920166, 1681.562200000000303 ], [ 4308408.12440013885498, 2633207.947500228881836, 1674.419800000003306 ], [ 4308431.570199966430664, 2633204.266200065612793, 1667.664499999998952 ], [ 4308455.015999794006348, 2633200.584799766540527, 1661.525299999993877 ], [ 4308478.461800098419189, 2633196.90339994430542, 1652.65240000000631 ], [ 4308501.90749979019165, 2633193.222099781036377, 1644.919500000003609 ], [ 4308525.353300094604492, 2633189.54069995880127, 1638.172800000000279 ], [ 4308548.799099922180176, 2633185.859399795532227, 1633.202600000004168 ], [ 4308572.244900226593018, 2633182.177899837493896, 1629.579800000006799 ], [ 4308595.690599918365479, 2633178.496600151062012, 1624.63300000000163 ], [ 4308619.13640022277832, 2633174.815199851989746, 1618.687000000005355 ], [ 4308642.582200050354004, 2633171.133800029754639, 1614.385200000004261 ], [ 4308666.027999877929688, 2633167.452499866485596, 1608.164600000003702 ], [ 4308689.473700046539307, 2633163.771100044250488, 1600.628800000005867 ], [ 4308712.91949987411499, 2633160.089799880981445, 1589.583700000002864 ], [ 4308726.921500205993652, 2633144.364500045776367, 1593.815199999997276 ], [ 4308740.923399925231934, 2633128.639200210571289, 1587.653099999995902 ], [ 4308754.925399780273438, 2633112.914100170135498, 1583.619800000000396 ], [ 4308768.9274001121521, 2633097.188799858093262, 1581.75800000000163 ], [ 4308782.929299831390381, 2633081.463600158691406, 1579.392099999997299 ], [ 4308796.931300163269043, 2633065.738399982452393, 1577.745800000004238 ], [ 4308816.185900211334229, 2633053.735099792480469, 1577.791800000006333 ], [ 4308835.440499782562256, 2633041.731800079345703, 1575.895000000004075 ], [ 4308854.695099830627441, 2633029.728799819946289, 1573.705700000005891 ], [ 4308873.949699878692627, 2633017.725599765777588, 1571.263000000006286 ], [ 4308897.962500095367432, 2633020.015100002288818, 1570.197799999994459 ], [ 4308921.975299835205078, 2633022.304500102996826, 1568.738100000002305 ], [ 4308945.22160005569458, 2633030.358500003814697, 1566.896900000007008 ], [ 4308968.467800140380859, 2633038.412700176239014, 1565.677200000005541 ], [ 4308991.714099884033203, 2633046.466899871826172, 1568.121799999993527 ], [ 4309014.960400104522705, 2633054.520899772644043, 1565.90219999999681 ], [ 4309038.206600189208984, 2633062.575099945068359, 1564.368600000001607 ], [ 4309061.452899932861328, 2633070.629300117492676, 1563.937300000005052 ] ] ] } },
{ "type": "Feature", "properties": { "OBJECT_ID": "RL26004878", "NEXTDOWNID": "RL26004861", "STRAHLER": 1, "Basin": "Rhine", "REX": "CH", "DFDD": "BH140", "RN_I_ID": null, "HYP": 1, "LOC": 44, "FUN": 6, "NVS": 5, "LENGTH": 268.39999389648438, "TR": "Z000371817", "LONGPATH": 1312116.75, "CUM_LEN": 4754.0234375, "PENTE": 0.068778276443481001, "CGNELIN": 260403661, "BEGLIFEVER": "2015-03-22T00:00:00", "ENDLIFEVER": null, "UPDAT_BY": "1", "UPDAT_WHEN": "2015-06-24T00:00:00", "ERM_ID": "UNK", "MC": 1, "MONOT_Z": 0, "LENGTH_GEO": 268.62194296968534, "INSPIRE_ID": "EEA_EUHydro:RL26004878:2015-03-22", "thematicId": null, "TNODE": "NO26004911", "nameText": null, "CatchID": 76 }, "geometry": { "type": "MultiLineString", "coordinates": [ [ [ 4309932.814899921417236, 2634592.896100044250488, 1549.3606 ], [ 4309937.764800071716309, 2634569.003600120544434, 1549.176000000006752 ], [ 4309942.714799880981445, 2634545.111000061035156, 1549.176000000006752 ], [ 4309947.664700031280518, 2634521.218500137329102, 1549.176000000006752 ], [ 4309952.61460018157959, 2634497.326000213623047, 1549.176000000006752 ], [ 4309957.564599990844727, 2634473.433599948883057, 1549.176000000006752 ], [ 4309962.514500141143799, 2634449.540999889373779, 1549.176000000006752 ], [ 4309967.464499950408936, 2634425.648399829864502, 1549.176000000006752 ], [ 4309972.414400100708008, 2634401.75600004196167, 1549.176000000006752 ], [ 4309977.364299774169922, 2634377.863399982452393, 1549.176000000006752 ], [ 4309982.314300060272217, 2634353.970799922943115, 1549.176000000006752 ], [ 4309987.264200210571289, 2634330.078400135040283, 1549.176000000006752 ] ] ] } },
{ "type": "Feature", "properties": { "OBJECT_ID": "RL26004887", "NEXTDOWNID": "RL26004862", "STRAHLER": 1, "Basin": "Rhine", "REX": "CH", "DFDD": "BH140", "RN_I_ID": null, "HYP": 1, "LOC": 44, "FUN": 6, "NVS": 5, "LENGTH": 1374.4100341796875, "TR": "Z000371818", "LONGPATH": 1313561.5, "CUM_LEN": 1374.4058837890625, "PENTE": 27.422765731811523, "CGNELIN": 260501295, "BEGLIFEVER": "2015-03-22T00:00:00", "ENDLIFEVER": null, "UPDAT_BY": "1", "UPDAT_WHEN": "2015-06-24T00:00:00", "ERM_ID": "UNK", "MC": 1, "MONOT_Z": 0, "LENGTH_GEO": 1373.559068066769, "INSPIRE_ID": "EEA_EUHydro:RL26004887:2015-03-22", "thematicId": null, "TNODE": "NO26004912", "nameText": null, "CatchID": 76 }, "geometry": { "type": "MultiLineString", "coordinates": [ [ [ 4311580.05049991607666, 2634630.27299976348877, 1936.004300000000512 ], [ 4311557.714700222015381, 2634631.244200229644775, 1905.202000000004773 ], [ 4311535.378799915313721, 2634632.215199947357178, 1899.944000000003143 ], [ 4311513.043000221252441, 2634633.186399936676025, 1896.49989999999525 ], [ 4311490.707200050354004, 2634634.157599925994873, 1889.911699999996927 ], [ 4311468.371300220489502, 2634635.128600120544434, 1879.693100000004051 ], [ 4311446.035500049591064, 2634636.099699974060059, 1868.093599999992875 ], [ 4311421.271900177001953, 2634639.013100147247314, 1852.910000000003492 ], [ 4311396.508299827575684, 2634641.926499843597412, 1818.640700000003562 ], [ 4311371.74459981918335, 2634644.839799880981445, 1800.25109999999404 ], [ 4311346.980999946594238, 2634647.753200054168701, 1794.808399999994435 ], [ 4311324.839399814605713, 2634654.745399951934814, 1791.725900000004913 ], [ 4311302.697800159454346, 2634661.737500190734863, 1787.547900000005029 ], [ 4311280.55620002746582, 2634668.729400157928467, 1780.022100000001956 ], [ 4311258.414599895477295, 2634675.721499919891357, 1772.69210000000021 ], [ 4311236.27299976348877, 2634682.713699817657471, 1766.328699999998207 ], [ 4311215.296800136566162, 2634679.217700004577637, 1761.564100000003236 ], [ 4311194.320499897003174, 2634675.721499919891357, 1757.032399999996414 ], [ 4311173.344299793243408, 2634672.225599765777588, 1752.725000000005821 ], [ 4311152.368000030517578, 2634668.729400157928467, 1748.209600000001956 ], [ 4311131.391799926757812, 2634665.233500003814697, 1743.547800000000279 ], [ 4311116.824900150299072, 2634656.493299961090088, 1740.015400000003865 ], [ 4311102.258100032806396, 2634647.753200054168701, 1736.688399999999092 ], [ 4311082.447199821472168, 2634637.265200138092041, 1731.875400000004447 ], [ 4311062.636300086975098, 2634626.777100086212158, 1727.700899999996182 ], [ 4311042.825399875640869, 2634616.28879976272583, 1723.547600000005332 ], [ 4311023.014500141143799, 2634605.800700187683105, 1719.862399999998161 ], [ 4311003.20359992980957, 2634595.312600135803223, 1715.830400000006193 ], [ 4310985.723400115966797, 2634585.115900039672852, 1710.967300000003888 ], [ 4310968.243199825286865, 2634574.919000148773193, 1698.36250000000291 ], [ 4310950.762899875640869, 2634564.722300052642822, 1694.048999999999069 ], [ 4310933.282700061798096, 2634554.525400161743164, 1694.149300000004587 ], [ 4310912.30649995803833, 2634548.698699951171875, 1692.284299999999348 ], [ 4310891.3302001953125, 2634542.872000217437744, 1689.636599999997998 ], [ 4310870.354000091552734, 2634537.045199871063232, 1685.353700000006938 ], [ 4310849.377699851989746, 2634531.218500137329102, 1681.44890000000305 ], [ 4310828.401500225067139, 2634525.391799926757812, 1677.444300000002841 ], [ 4310808.007900238037109, 2634513.738399982452393, 1672.676800000001094 ], [ 4310787.614399909973145, 2634502.085000038146973, 1668.366599999993923 ], [ 4310767.220799922943115, 2634490.431399822235107, 1662.637000000002445 ], [ 4310746.827199935913086, 2634478.777999877929688, 1655.872399999992922 ], [ 4310729.347000122070312, 2634465.667699813842773, 1649.142600000006496 ], [ 4310711.866799831390381, 2634452.557700157165527, 1642.03179999999702 ], [ 4310694.386600017547607, 2634439.447400093078613, 1634.645999999993364 ], [ 4310676.906400203704834, 2634426.337200164794922, 1628.506699999998091 ], [ 4310660.882900238037109, 2634414.683899879455566, 1622.422300000005635 ], [ 4310644.859399795532227, 2634403.030399799346924, 1618.187300000005052 ], [ 4310628.835800170898438, 2634391.376999855041504, 1614.841400000004796 ], [ 4310612.812300205230713, 2634379.723499774932861, 1607.515100000004168 ], [ 4310595.332099914550781, 2634369.235400199890137, 1601.2549 ], [ 4310577.851900100708008, 2634358.747200012207031, 1599.742499999993015 ], [ 4310560.371600151062012, 2634348.258999824523926, 1596.986000000004424 ], [ 4310542.89139986038208, 2634337.770800113677979, 1595.311199999996461 ], [ 4310525.411200046539307, 2634327.282800197601318, 1596.998399999996764 ], [ 4310505.988800048828125, 2634315.629300117492676, 1595.103000000002794 ], [ 4310486.566299915313721, 2634303.975800037384033, 1594.437200000000303 ], [ 4310467.143899917602539, 2634292.322299957275391, 1590.741500000003725 ], [ 4310446.75029993057251, 2634280.668900012969971, 1586.309699999997974 ], [ 4310426.35669994354248, 2634269.015399932861328, 1582.365999999994528 ], [ 4310405.466899871826172, 2634270.696800231933594, 1578.281099999992875 ], [ 4310384.577199935913086, 2634272.377999782562256, 1573.765299999999115 ], [ 4310363.687399864196777, 2634274.059199810028076, 1569.968999999997322 ], [ 4310342.797699928283691, 2634275.740399837493896, 1565.409299999999348 ], [ 4310321.907899856567383, 2634277.421800136566162, 1559.104200000001583 ] ] ] } },
{ "type": "Feature", "properties": { "OBJECT_ID": "RL26004974", "NEXTDOWNID": "RL26004878", "STRAHLER": 1, "Basin": "Rhine", "REX": "CH", "DFDD": "BH140", "RN_I_ID": null, "HYP": 1, "LOC": 44, "FUN": 6, "NVS": 5, "LENGTH": 4485.6201171875, "TR": "Z000371477", "LONGPATH": 1316602.375, "CUM_LEN": 4485.62451171875, "PENTE": 22.295106887817383, "CGNELIN": 260403661, "BEGLIFEVER": "2015-03-22T00:00:00", "ENDLIFEVER": null, "UPDAT_BY": "1", "UPDAT_WHEN": "2015-06-24T00:00:00", "ERM_ID": "UNK", "MC": 1, "MONOT_Z": 0, "LENGTH_GEO": 4483.5749673156997, "INSPIRE_ID": "EEA_EUHydro:RL26004974:2015-03-22", "thematicId": null, "TNODE": "NO26004928", "nameText": null, "CatchID": 76 }, "geometry": { "type": "MultiLineString", "coordinates": [ [ [ 4306268.980500221252441, 2635877.194600105285645, 2549.435299999997369 ], [ 4306291.122099876403809, 2635878.359899997711182, 2539.973499999992782 ], [ 4306313.263700008392334, 2635879.525199890136719, 2530.190199999997276 ], [ 4306335.405200004577637, 2635880.690700054168701, 2521.142900000006193 ], [ 4306357.546800136566162, 2635881.855999946594238, 2513.238400000002002 ], [ 4306379.688399791717529, 2635883.021399974822998, 2502.400299999993877 ], [ 4306400.664700031280518, 2635874.863900184631348, 2501.49989999999525 ], [ 4306421.640900135040283, 2635866.706399917602539, 2495.615999999994528 ], [ 4306442.617199897766113, 2635858.549099922180176, 2490.06239999999525 ], [ 4306463.593400001525879, 2635850.391499996185303, 2484.387600000001839 ], [ 4306484.569699764251709, 2635842.234000205993652, 2477.151400000002468 ], [ 4306505.69159984588623, 2635829.852399826049805, 2473.314599999997881 ], [ 4306526.813499927520752, 2635817.470499992370605, 2470.494800000000396 ], [ 4306547.935400009155273, 2635805.088699817657471, 2469.993900000001304 ], [ 4306569.057400226593018, 2635792.706999778747559, 2464.974900000001071 ], [ 4306590.179299831390381, 2635780.325099945068359, 2460.488299999997253 ], [ 4306611.301199913024902, 2635767.94320011138916, 2454.834300000002258 ], [ 4306632.423099994659424, 2635755.561399936676025, 2448.357399999993504 ], [ 4306653.545000076293945, 2635743.179699897766113, 2440.612299999993411 ], [ 4306674.9096999168396, 2635735.410500049591064, 2435.350900000004913 ], [ 4306696.274400234222412, 2635727.64169979095459, 2432.756200000003446 ], [ 4306717.639100074768066, 2635719.872700214385986, 2425.459000000002561 ], [ 4306739.780700206756592, 2635723.36870002746582, 2426.059200000003329 ], [ 4306761.922299861907959, 2635726.8649001121521, 2423.294599999993807 ], [ 4306784.063899993896484, 2635730.360799789428711, 2419.424499999993714 ], [ 4306806.20550012588501, 2635733.856800079345703, 2415.118700000006356 ], [ 4306828.347099781036377, 2635737.353000164031982, 2407.556899999995949 ], [ 4306849.711800098419189, 2635739.295100212097168, 2404.825400000001537 ], [ 4306871.076499938964844, 2635741.237500190734863, 2403.786399999997229 ], [ 4306892.441199779510498, 2635743.179699897766113, 2400.69100000000617 ], [ 4306913.805900096893311, 2635745.121799945831299, 2397.68399999999383 ], [ 4306935.170599937438965, 2635747.064099788665771, 2394.761799999992945 ], [ 4306956.535299777984619, 2635749.006400108337402, 2391.109400000001187 ], [ 4306975.4721999168396, 2635747.549600124359131, 2388.524999999994179 ], [ 4306994.40910005569458, 2635746.093100070953369, 2386.736499999999069 ], [ 4307013.346000194549561, 2635744.636300086975098, 2384.44539999999688 ], [ 4307032.282899856567383, 2635743.179699897766113, 2380.611399999994319 ], [ 4307052.676499843597412, 2635730.069399833679199, 2378.151100000002771 ], [ 4307073.070099830627441, 2635716.95930004119873, 2375.653200000000652 ], [ 4307093.463600158691406, 2635703.849100112915039, 2372.646299999993062 ], [ 4307113.857200145721436, 2635690.738999843597412, 2363.823300000003655 ], [ 4307133.668099880218506, 2635684.912300109863281, 2362.855100000000675 ], [ 4307153.479000091552734, 2635679.08549976348877, 2360.373600000006263 ], [ 4307173.289899826049805, 2635673.258800029754639, 2357.338900000002468 ], [ 4307193.100800037384033, 2635667.432000160217285, 2354.273400000005495 ], [ 4307212.911699771881104, 2635661.605299949645996, 2350.106199999994715 ], [ 4307234.76200008392334, 2635661.605299949645996, 2350.024099999995087 ], [ 4307256.612299919128418, 2635661.605299949645996, 2347.497000000003027 ], [ 4307278.462500095367432, 2635661.605299949645996, 2343.717999999993481 ], [ 4307300.31279993057251, 2635661.605299949645996, 2333.167000000001281 ], [ 4307319.735300064086914, 2635651.894199848175049, 2330.490799999999581 ], [ 4307339.157700061798096, 2635642.182899951934814, 2325.960500000001048 ], [ 4307358.5802001953125, 2635632.47160005569458, 2320.917600000000675 ], [ 4307378.002600193023682, 2635622.76039981842041, 2317.225699999995413 ], [ 4307397.425099849700928, 2635613.049200057983398, 2304.986600000003818 ], [ 4307416.847499847412109, 2635603.337900161743164, 2303.047600000005332 ], [ 4307438.989099979400635, 2635594.015200138092041, 2301.133600000001024 ], [ 4307461.13070011138916, 2635584.692399978637695, 2297.092399999994086 ], [ 4307483.272299766540527, 2635575.36959981918335, 2296.212599999998929 ], [ 4307505.413899898529053, 2635566.046999931335449, 2291.733200000002398 ], [ 4307527.555500030517578, 2635556.724100112915039, 2287.624400000000605 ], [ 4307550.03000020980835, 2635556.724100112915039, 2285.205100000006496 ], [ 4307572.504600048065186, 2635556.724100112915039, 2283.116099999999278 ], [ 4307594.979100227355957, 2635556.724100112915039, 2278.740200000000186 ], [ 4307617.453700065612793, 2635556.724100112915039, 2273.277100000006612 ], [ 4307639.928199768066406, 2635556.724100112915039, 2267.15570000000298 ], [ 4307662.4028000831604, 2635556.724100112915039, 2260.067599999994854 ], [ 4307684.877299785614014, 2635556.724100112915039, 2246.581000000005588 ], [ 4307708.184299945831299, 2635556.724100112915039, 2243.461200000005192 ], [ 4307731.491199970245361, 2635556.724100112915039, 2237.478600000002189 ], [ 4307754.798200130462646, 2635556.724100112915039, 2231.184399999998277 ], [ 4307778.105100154876709, 2635556.724100112915039, 2224.691600000005565 ], [ 4307801.412099838256836, 2635556.724100112915039, 2216.280100000003586 ], [ 4307823.553699970245361, 2635546.236000061035156, 2210.982900000002701 ], [ 4307845.695300102233887, 2635535.747799873352051, 2203.684200000003329 ], [ 4307867.836900234222412, 2635525.259799957275391, 2198.159799999993993 ], [ 4307889.978499889373779, 2635514.771599769592285, 2191.088199999998324 ], [ 4307912.120100021362305, 2635504.283500194549561, 2182.622799999997369 ], [ 4307930.765600204467773, 2635496.125999927520752, 2179.584499999997206 ], [ 4307949.411200046539307, 2635487.968599796295166, 2170.933600000003935 ], [ 4307968.056700229644775, 2635479.811200141906738, 2167.534700000003795 ], [ 4307986.702300071716309, 2635471.65369987487793, 2159.505300000004354 ], [ 4308005.347799777984619, 2635463.496399879455566, 2138.6762000000017 ], [ 4308027.198100090026855, 2635454.75629997253418, 2132.476899999994203 ], [ 4308049.048299789428711, 2635446.016200065612793, 2125.424199999994016 ], [ 4308070.898600101470947, 2635437.276100158691406, 2109.518200000005891 ], [ 4308092.748899936676025, 2635428.535999774932861, 2098.803599999999278 ], [ 4308112.981800079345703, 2635425.588699817657471, 2091.093800000002375 ], [ 4308133.214700222015381, 2635422.641300201416016, 2090.657600000005914 ], [ 4308153.447500228881836, 2635419.693999767303467, 2082.573999999993248 ], [ 4308173.680399894714355, 2635416.746600151062012, 2075.891699999992852 ], [ 4308198.029300212860107, 2635419.270299911499023, 2075.160600000002887 ], [ 4308222.378099918365479, 2635421.793900012969971, 2072.217399999994086 ], [ 4308246.72700023651123, 2635424.317599773406982, 2065.071899999995367 ], [ 4308271.075900077819824, 2635426.84119987487793, 2055.013000000006286 ], [ 4308295.424699783325195, 2635429.3649001121521, 2048.514599999994971 ], [ 4308319.773600101470947, 2635431.888500213623047, 2041.700800000005984 ], [ 4308344.122499942779541, 2635434.412199974060059, 2032.831099999995786 ], [ 4308368.47130012512207, 2635436.935800075531006, 2022.255099999994854 ], [ 4308392.820199966430664, 2635439.459400177001953, 2009.883700000005774 ], [ 4308417.169000148773193, 2635441.982900142669678, 1994.973800000007031 ], [ 4308441.517899990081787, 2635444.506700038909912, 1992.222999999998137 ], [ 4308465.866799831390381, 2635447.030399799346924, 1983.559299999993527 ], [ 4308490.21560001373291, 2635449.553999900817871, 1972.429699999993318 ], [ 4308514.564499855041504, 2635452.077700138092041, 1961.537800000005518 ], [ 4308536.4552001953125, 2635461.622200012207031, 1957.35460000000603 ], [ 4308558.345799922943115, 2635471.166600227355957, 1950.261199999993551 ], [ 4308580.236499786376953, 2635480.711100101470947, 1943.605400000000373 ], [ 4308602.127200126647949, 2635490.255599975585938, 1937.819099999993341 ], [ 4308624.017799854278564, 2635499.80019998550415, 1931.442999999999302 ], [ 4308645.908500194549561, 2635509.344600200653076, 1923.795800000007148 ], [ 4308666.674600124359131, 2635522.426199913024902, 1916.745599999994738 ], [ 4308687.440800189971924, 2635535.507599830627441, 1897.427999999999884 ], [ 4308708.206900119781494, 2635548.589000225067139, 1890.307100000005448 ], [ 4308728.973000049591064, 2635561.670400142669678, 1882.473100000002887 ], [ 4308749.739099979400635, 2635574.751999855041504, 1881.559299999993527 ], [ 4308770.505300045013428, 2635587.833399772644043, 1875.628100000001723 ], [ 4308791.271399974822998, 2635600.914899826049805, 1865.542000000001281 ], [ 4308812.037499904632568, 2635613.996399879455566, 1853.349000000001979 ], [ 4308835.025499820709229, 2635617.743199825286865, 1848.160399999993388 ], [ 4308858.013599872589111, 2635621.489999771118164, 1840.801800000001094 ], [ 4308881.001599788665771, 2635625.236700057983398, 1830.773300000000745 ], [ 4308903.989699840545654, 2635628.983500003814697, 1813.446599999995669 ], [ 4308926.977700233459473, 2635632.730199813842773, 1801.551000000006752 ], [ 4308949.965700149536133, 2635636.47700023651123, 1797.50340000000142 ], [ 4308972.953800201416016, 2635640.223700046539307, 1793.872399999992922 ], [ 4308995.941800117492676, 2635643.970499992370605, 1790.433099999994738 ], [ 4309016.94920015335083, 2635640.574299812316895, 1788.632800000006682 ], [ 4309037.956500053405762, 2635637.177800178527832, 1783.161300000007031 ], [ 4309058.963799953460693, 2635633.781599998474121, 1778.527900000000955 ], [ 4309079.971199989318848, 2635630.385200023651123, 1773.363100000002305 ], [ 4309100.978600025177002, 2635626.988900184631348, 1767.48420000000624 ], [ 4309121.985899925231934, 2635623.59250020980835, 1763.211699999999837 ], [ 4309145.138899803161621, 2635623.710400104522705, 1759.661999999996624 ], [ 4309168.291800022125244, 2635623.828199863433838, 1751.344100000002072 ], [ 4309191.444799900054932, 2635623.946100234985352, 1741.506899999993038 ], [ 4309209.890799999237061, 2635612.576799869537354, 1738.885899999993853 ], [ 4309228.336699962615967, 2635601.207799911499023, 1734.675399999992806 ], [ 4309246.782700061798096, 2635589.838600158691406, 1727.5853000000061 ], [ 4309267.41510009765625, 2635582.566299915313721, 1725.815000000002328 ], [ 4309288.047500133514404, 2635575.293799877166748, 1716.16479999999865 ], [ 4309308.679900169372559, 2635568.021599769592285, 1713.901899999997113 ], [ 4309329.312300205230713, 2635560.749100208282471, 1704.597500000003492 ], [ 4309349.944699764251709, 2635553.476900100708008, 1702.584600000001956 ], [ 4309367.978899955749512, 2635551.789299964904785, 1700.720700000005309 ], [ 4309386.013100147247314, 2635550.101600170135498, 1697.313099999999395 ], [ 4309404.047299861907959, 2635548.41379976272583, 1691.54309999999532 ], [ 4309422.268099784851074, 2635535.311299800872803, 1685.409599999999045 ], [ 4309440.488900184631348, 2635522.208700180053711, 1681.460099999996601 ], [ 4309458.709700107574463, 2635509.106200218200684, 1679.875499999994645 ], [ 4309476.930500030517578, 2635496.003499984741211, 1677.351999999998952 ], [ 4309495.151299953460693, 2635482.901000022888184, 1671.730100000000675 ], [ 4309515.000800132751465, 2635473.996699810028076, 1669.395699999993667 ], [ 4309534.850299835205078, 2635465.09250020980835, 1668.441699999995762 ], [ 4309554.699900150299072, 2635456.188399791717529, 1664.502099999997881 ], [ 4309574.549399852752686, 2635447.28410005569458, 1660.716000000000349 ], [ 4309594.398900032043457, 2635438.379899978637695, 1657.748999999996158 ], [ 4309614.248400211334229, 2635429.475800037384033, 1652.911099999997532 ], [ 4309630.265500068664551, 2635415.247900009155273, 1649.949299999992945 ], [ 4309646.282599925994873, 2635401.019999980926514, 1648.893899999995483 ], [ 4309662.299699783325195, 2635386.792099952697754, 1641.017900000006193 ], [ 4309678.316699981689453, 2635372.564400196075439, 1640.827999999994063 ], [ 4309694.333799839019775, 2635358.33650016784668, 1635.123099999997066 ], [ 4309710.350900173187256, 2635344.10860013961792, 1629.459799999996903 ], [ 4309722.170700073242188, 2635325.023900032043457, 1625.622000000003027 ], [ 4309733.990499973297119, 2635305.938899993896484, 1622.03870000000461 ], [ 4309745.810299873352051, 2635286.854100227355957, 1620.742299999998068 ], [ 4309757.630099773406982, 2635267.769199848175049, 1618.893899999995483 ], [ 4309769.449999809265137, 2635248.684400081634521, 1615.858900000006543 ], [ 4309781.269800186157227, 2635229.599599838256836, 1614.761799999992945 ], [ 4309793.089600086212158, 2635210.514800071716309, 1613.860899999999674 ], [ 4309804.90939998626709, 2635191.429800033569336, 1613.196100000001024 ], [ 4309816.729199886322021, 2635172.345099925994873, 1609.433399999994435 ], [ 4309817.4475998878479, 2635148.544300079345703, 1607.295299999997951 ], [ 4309818.166100025177002, 2635124.743500232696533, 1606.005600000004051 ], [ 4309818.884500026702881, 2635100.94290018081665, 1603.980400000000373 ], [ 4309819.60290002822876, 2635077.142199993133545, 1601.959499999997206 ], [ 4309820.321400165557861, 2635053.341300010681152, 1599.856299999999464 ], [ 4309821.03980016708374, 2635029.540599822998047, 1597.690700000006473 ], [ 4309821.758299827575684, 2635005.739999771118164, 1595.496700000003329 ], [ 4309822.476699829101562, 2634981.939099788665771, 1593.191900000005262 ], [ 4309823.195099830627441, 2634958.138400077819824, 1590.695000000006985 ], [ 4309823.913599967956543, 2634934.337600231170654, 1588.049100000003818 ], [ 4309824.631999969482422, 2634910.537000179290771, 1585.497199999997974 ], [ 4309825.350399971008301, 2634886.736199855804443, 1583.511700000002747 ], [ 4309826.068900108337402, 2634862.935400009155273, 1581.063899999993737 ], [ 4309826.787300109863281, 2634839.134799957275391, 1577.794599999993807 ], [ 4309836.426199913024902, 2634816.74940013885498, 1575.881500000003143 ], [ 4309846.065000057220459, 2634794.363999843597412, 1574.482699999993201 ], [ 4309855.70389986038208, 2634771.978799819946289, 1572.664000000004307 ], [ 4309865.342800140380859, 2634749.593400001525879, 1570.744900000005146 ], [ 4309874.98169994354248, 2634727.208199977874756, 1569.225500000000466 ], [ 4309884.620500087738037, 2634704.822700023651123, 1564.900599999993574 ], [ 4309894.259399890899658, 2634682.437399864196777, 1561.854500000001281 ], [ 4309903.898300170898438, 2634660.052199840545654, 1553.979000000006636 ], [ 4309913.537199974060059, 2634637.666800022125244, 1554.804900000002817 ], [ 4309923.176000118255615, 2634615.281499862670898, 1552.075299999996787 ], [ 4309932.814899921417236, 2634592.896100044250488, 1549.3606 ] ] ] } }
]
}
